work_id,rank,neighbour_work_id,score
87,1,3358283,0.5192307829856873
87,2,816449,0.5
87,3,4717423,0.4615384638309479
87,4,3244642,0.4423076808452606
87,5,3275794,0.42307692766189575
87,6,2792775,0.36538460850715637
87,7,3532896,0.36538460850715637
87,8,4640799,0.3461538553237915
87,9,1708725,0.32692307233810425
87,10,2402163,0.32692307233810425
87,11,2809203,0.32692307233810425
87,12,3338963,0.32692307233810425
87,13,6231171,0.32692307233810425
87,14,38270,0.3076923191547394
87,15,2153746,0.3076923191547394
87,16,2982101,0.3076923191547394
87,17,3046572,0.3076923191547394
87,18,3295919,0.3076923191547394
87,19,878368,0.2884615361690521
87,20,2963218,0.2884615361690521
87,21,3060926,0.2884615361690521
87,22,833257,0.26923078298568726
87,23,1835605,0.26923078298568726
87,24,1955658,0.26923078298568726
87,25,2977639,0.26923078298568726
87,26,3212258,0.26923078298568726
87,27,3275013,0.26923078298568726
87,28,3349450,0.26923078298568726
87,29,3464264,0.26923078298568726
87,30,6171458,0.26923078298568726
87,31,1498135,0.25
87,32,3271379,0.25
87,33,4790821,0.25
87,34,41335427,0.25
87,35,38765,0.23076923191547394
87,36,266624,0.23076923191547394
87,37,987048,0.23076923191547394
87,38,1558965,0.23076923191547394
87,39,1565818,0.23076923191547394
87,40,1804929,0.23076923191547394
87,41,2529422,0.23076923191547394
87,42,2931549,0.23076923191547394
87,43,3186437,0.23076923191547394
87,44,3441236,0.23076923191547394
87,45,40283,0.21153846383094788
87,46,245494,0.21153846383094788
87,47,1145090,0.21153846383094788
87,48,1312477,0.21153846383094788
87,49,1392700,0.21153846383094788
87,50,1540236,0.21153846383094788
87,51,1742269,0.21153846383094788
87,52,2129359,0.21153846383094788
87,53,2207778,0.21153846383094788
87,54,2489796,0.21153846383094788
87,55,2754161,0.21153846383094788
87,56,3300573,0.21153846383094788
87,57,41326609,0.21153846383094788
87,58,46663,0.19230769574642181
87,59,86934,0.19230769574642181
87,60,153313,0.19230769574642181
98,1,3237433,0.5581395626068115
98,2,3212258,0.5116279125213623
98,3,38765,0.4883720874786377
98,4,2888997,0.44186046719551086
98,5,2914,0.41860464215278625
98,6,2792775,0.41860464215278625
98,7,4640799,0.39534884691238403
98,8,3060926,0.3720930218696594
98,9,3185154,0.3720930218696594
98,10,1789440,0.3488371968269348
98,11,2675454,0.3488371968269348
98,12,2809203,0.3488371968269348
98,13,3284660,0.3488371968269348
98,14,6171458,0.3488371968269348
98,15,6231171,0.3488371968269348
98,16,2402163,0.3255814015865326
98,17,2960529,0.3255814015865326
98,18,2992357,0.3255814015865326
98,19,3046572,0.3255814015865326
98,20,3203964,0.3255814015865326
98,21,3238753,0.3255814015865326
98,22,221139,0.302325576543808
98,23,245494,0.302325576543808
98,24,908288,0.302325576543808
98,25,3275794,0.302325576543808
98,26,3532896,0.302325576543808
98,27,8812783,0.302325576543808
98,28,964332,0.27906978130340576
98,29,2855627,0.27906978130340576
98,30,2963218,0.27906978130340576
98,31,3244642,0.27906978130340576
98,32,3341834,0.27906978130340576
98,33,4717423,0.27906978130340576
98,34,6239469,0.27906978130340576
98,35,13306276,0.27906978130340576
98,36,41335427,0.27906978130340576
98,37,23739,0.25581395626068115
98,38,1558965,0.25581395626068115
98,39,2153746,0.25581395626068115
98,40,2796838,0.25581395626068115
98,41,2977639,0.25581395626068115
98,42,2992356,0.25581395626068115
98,43,13155899,0.25581395626068115
98,44,912230,0.23255814611911774
98,45,1010054,0.23255814611911774
98,46,1017538,0.23255814611911774
98,47,1145090,0.23255814611911774
98,48,1639903,0.23255814611911774
98,49,3036731,0.23255814611911774
98,50,15524542,0.23255814611911774
98,51,153313,0.20930232107639313
98,52,1058370,0.20930232107639313
98,53,1065212,0.20930232107639313
98,54,1708725,0.20930232107639313
98,55,2982101,0.20930232107639313
98,56,3338963,0.20930232107639313
98,57,15732562,0.20930232107639313
98,58,16327730,0.20930232107639313
98,59,16827462,0.20930232107639313
98,60,912164,0.1860465109348297
104,1,3275794,0.5079365372657776
104,2,3374404,0.5079365372657776
104,3,3060926,0.460317462682724
104,4,4640799,0.4285714328289032
104,5,3295655,0.4126984179019928
104,6,2809203,0.3968254029750824
104,7,3471915,0.380952388048172
104,8,2402163,0.3650793731212616
104,9,41335427,0.3650793731212616
104,10,1540236,0.3492063581943512
104,11,2792775,0.3492063581943512
104,12,2963218,0.3492063581943512
104,13,2977639,0.3492063581943512
104,14,878368,0.3174603283405304
104,15,2180358,0.3174603283405304
104,16,3046572,0.3174603283405304
104,17,4717423,0.3174603283405304
104,18,6231171,0.3174603283405304
104,19,1119185,0.30158731341362
104,20,1565818,0.30158731341362
104,21,3244642,0.30158731341362
104,22,3285349,0.30158731341362
104,23,3311687,0.30158731341362
104,24,16827462,0.30158731341362
104,25,1558965,0.2857142984867096
104,26,3532896,0.2857142984867096
104,27,2207778,0.2698412835597992
104,28,3204327,0.2698412835597992
104,29,4790821,0.2698412835597992
104,30,6171458,0.2698412835597992
104,31,245494,0.2539682686328888
104,32,1708725,0.2539682686328888
104,33,1835605,0.2539682686328888
104,34,153313,0.2380952388048172
104,35,1466917,0.2380952388048172
104,36,1858012,0.2380952388048172
104,37,2809709,0.2380952388048172
104,38,2982101,0.2380952388048172
104,39,3300573,0.2380952388048172
104,40,8812783,0.2380952388048172
104,41,419162,0.2222222238779068
104,42,874452,0.2222222238779068
104,43,1145090,0.2222222238779068
104,44,1392700,0.2222222238779068
104,45,3271379,0.2222222238779068
104,46,3295919,0.2222222238779068
104,47,4835472,0.2222222238779068
104,48,17763198,0.2222222238779068
104,49,873132,0.2063492089509964
104,50,1955658,0.2063492089509964
104,51,2507928,0.2063492089509964
104,52,2931549,0.2063492089509964
104,53,3209783,0.2063492089509964
104,54,3212258,0.2063492089509964
104,55,6825396,0.2063492089509964
104,56,41326609,0.2063492089509964
104,57,40283,0.190476194024086
104,58,1172473,0.190476194024086
104,59,2153746,0.190476194024086
104,60,2534720,0.190476194024086
114,1,3275794,0.5
114,2,3358283,0.4761904776096344
114,3,2792775,0.4523809552192688
114,4,3060926,0.4523809552192688
114,5,3244642,0.4404761791229248
114,6,4640799,0.4404761791229248
114,7,4717423,0.4285714328289032
114,8,2977639,0.4166666567325592
114,9,3532896,0.4047619104385376
114,10,816449,0.369047611951828
114,11,1565818,0.3452380895614624
114,12,1708725,0.3452380895614624
114,13,2963218,0.3452380895614624
114,14,6171458,0.3452380895614624
114,15,8812783,0.3333333432674408
114,16,2153746,0.3214285671710968
114,17,1558965,0.3095238208770752
114,18,3046572,0.3095238208770752
114,19,3295919,0.3095238208770752
114,20,3359698,0.3095238208770752
114,21,46663,0.2976190447807312
114,22,2809709,0.2976190447807312
114,23,3360164,0.2976190447807312
114,24,41335427,0.2976190447807312
114,25,153313,0.2857142984867096
114,26,1119185,0.2857142984867096
114,27,2489796,0.2857142984867096
114,28,2754161,0.2857142984867096
114,29,2402163,0.2738095223903656
114,30,2809203,0.2738095223903656
114,31,3204327,0.2738095223903656
114,32,810663,0.261904776096344
114,33,1540236,0.261904776096344
114,34,1755568,0.261904776096344
114,35,3464264,0.261904776096344
114,36,878368,0.25
114,37,2307233,0.25
114,38,2534720,0.25
114,39,2956372,0.25
114,40,4790821,0.25
114,41,25491300,0.25
114,42,41326609,0.25
114,43,1145090,0.2380952388048172
114,44,1536771,0.2380952388048172
114,45,2944133,0.2380952388048172
114,46,2982101,0.2380952388048172
114,47,3275013,0.2380952388048172
114,48,6231171,0.2380952388048172
114,49,391568,0.2261904776096344
114,50,1041558,0.2261904776096344
114,51,1056841,0.2261904776096344
114,52,2529422,0.2261904776096344
114,53,2574991,0.2261904776096344
114,54,2931549,0.2261904776096344
114,55,3097440,0.2261904776096344
114,56,3338963,0.2261904776096344
114,57,245494,0.2142857164144516
114,58,804397,0.2142857164144516
114,59,948387,0.2142857164144516
114,60,1392700,0.2142857164144516
115,1,2792775,0.6451612710952759
115,2,4640799,0.6317204236984253
115,3,3275794,0.6115591526031494
115,4,2402163,0.5134408473968506
115,5,3046572,0.4973118305206299
115,6,6231171,0.4771505296230316
115,7,2963218,0.47580644488334656
115,8,41335427,0.47580644488334656
115,9,2809203,0.46908602118492126
115,10,6171458,0.4677419364452362
115,11,987048,0.4045698940753937
115,12,2543234,0.4032258093357086
115,13,3532896,0.39516130089759827
115,14,30518,0.38978493213653564
115,15,8812783,0.38978493213653564
115,16,4790821,0.3870967626571655
115,17,3060926,0.38575267791748047
115,18,1540236,0.3521505296230316
115,19,245494,0.34408602118492126
115,20,4717423,0.3427419364452362
115,21,16827462,0.3333333432674408
115,22,1426690,0.3293010890483856
115,23,30530,0.32258063554763794
115,24,3244642,0.3212365508079529
115,25,40283,0.31317204236984253
115,26,948387,0.29973119497299194
115,27,13155899,0.29973119497299194
115,28,153313,0.2983871102333069
115,29,3349450,0.2943548262119293
115,30,3212258,0.29301074147224426
115,31,3020535,0.2916666567325592
115,32,878368,0.2889784872531891
115,33,2766512,0.28629031777381897
115,34,3295919,0.28629031777381897
115,35,3036731,0.2849462330341339
115,36,2207778,0.27016130089759827
115,37,3186437,0.27016130089759827
115,38,1466917,0.26478493213653564
115,39,3204327,0.2634408473968506
115,40,86934,0.26075267791748047
115,41,3441236,0.2594085931777954
115,42,1835605,0.25134408473968506
115,43,265616,0.25
115,44,1145090,0.24865591526031494
115,45,1272463,0.24731183052062988
115,46,2977639,0.24731183052062988
115,47,1679789,0.2405913919210434
115,48,3464264,0.23790322244167328
115,49,2982101,0.23118279874324799
115,50,3358283,0.2271505445241928
115,51,1119185,0.22311827540397644
115,52,1558965,0.22311827540397644
115,53,1708725,0.22177419066429138
115,54,2237401,0.22177419066429138
115,55,41326609,0.21639785170555115
115,56,3346751,0.20698924362659454
115,57,2422333,0.20430107414722443
115,58,13306276,0.20430107414722443
115,59,2677305,0.2016129046678543
115,60,2236198,0.20026881992816925
141,1,2792775,0.5384615659713745
141,2,4640799,0.48076921701431274
141,3,1708725,0.4038461446762085
141,4,3532896,0.38461539149284363
141,5,2809203,0.36538460850715637
141,6,3275794,0.36538460850715637
141,7,6171458,0.36538460850715637
141,8,2402163,0.3461538553237915
141,9,3244642,0.3461538553237915
141,10,3046572,0.32692307233810425
141,11,3338963,0.32692307233810425
141,12,6231171,0.32692307233810425
141,13,2207778,0.3076923191547394
141,14,3060926,0.3076923191547394
141,15,3212258,0.3076923191547394
141,16,4717423,0.3076923191547394
141,17,41335427,0.3076923191547394
141,18,245494,0.2884615361690521
141,19,2963218,0.2884615361690521
141,20,3295919,0.2884615361690521
141,21,3352398,0.2884615361690521
141,22,40283,0.26923078298568726
141,23,8812783,0.26923078298568726
141,24,86934,0.25
141,25,30518,0.23076923191547394
141,26,878368,0.23076923191547394
141,27,2809709,0.23076923191547394
141,28,3358283,0.23076923191547394
141,29,4835472,0.23076923191547394
141,30,16827462,0.23076923191547394
141,31,30530,0.21153846383094788
141,32,153313,0.21153846383094788
141,33,265616,0.21153846383094788
141,34,992628,0.21153846383094788
141,35,2153746,0.21153846383094788
141,36,4790821,0.21153846383094788
141,37,2489796,0.19230769574642181
141,38,2766512,0.19230769574642181
141,39,2982101,0.19230769574642181
141,40,3020535,0.19230769574642181
141,41,3186437,0.19230769574642181
141,42,3349450,0.19230769574642181
141,43,3441236,0.19230769574642181
141,44,13306276,0.19230769574642181
141,45,41326609,0.19230769574642181
141,46,38765,0.17307692766189575
141,47,987048,0.17307692766189575
141,48,1272463,0.17307692766189575
141,49,1426690,0.17307692766189575
141,50,1466917,0.17307692766189575
141,51,1540236,0.17307692766189575
141,52,1639903,0.17307692766189575
141,53,2125304,0.17307692766189575
141,54,2931549,0.17307692766189575
141,55,2977639,0.17307692766189575
141,56,3036731,0.17307692766189575
141,57,3078186,0.17307692766189575
141,58,3165724,0.17307692766189575
141,59,3356006,0.17307692766189575
141,60,4259809,0.17307692766189575
335,1,2307233,0.5185185074806213
335,2,3275794,0.5185185074806213
335,3,3060926,0.4444444477558136
335,4,153313,0.37037035822868347
335,5,245494,0.37037035822868347
335,6,2977639,0.37037035822868347
335,7,3333111,0.37037035822868347
335,8,4259809,0.37037035822868347
335,9,4640799,0.37037035822868347
335,10,40283,0.3333333432674408
335,11,3036731,0.3333333432674408
335,12,3349450,0.3333333432674408
335,13,4836639,0.3333333432674408
335,14,4925227,0.3333333432674408
335,15,46663,0.29629629850387573
335,16,221359,0.29629629850387573
335,17,736076,0.29629629850387573
335,18,987048,0.29629629850387573
335,19,1352495,0.29629629850387573
335,20,1499998,0.29629629850387573
335,21,1858012,0.29629629850387573
335,22,1885548,0.29629629850387573
335,23,2207778,0.29629629850387573
335,24,2481792,0.29629629850387573
335,25,2507928,0.29629629850387573
335,26,2612809,0.29629629850387573
335,27,2662852,0.29629629850387573
335,28,3186437,0.29629629850387573
335,29,3295655,0.29629629850387573
335,30,3295919,0.29629629850387573
335,31,3356006,0.29629629850387573
335,32,5020624,0.29629629850387573
335,33,15657664,0.29629629850387573
335,34,841320,0.25925925374031067
335,35,878368,0.25925925374031067
335,36,1168289,0.25925925374031067
335,37,1272463,0.25925925374031067
335,38,1392700,0.25925925374031067
335,39,1434368,0.25925925374031067
335,40,1683562,0.25925925374031067
335,41,1708725,0.25925925374031067
335,42,2246190,0.25925925374031067
335,43,2409320,0.25925925374031067
335,44,2693329,0.25925925374031067
335,45,2809709,0.25925925374031067
335,46,2952196,0.25925925374031067
335,47,2956372,0.25925925374031067
335,48,2963218,0.25925925374031067
335,49,3009869,0.25925925374031067
335,50,3244642,0.25925925374031067
335,51,3246409,0.25925925374031067
335,52,3266950,0.25925925374031067
335,53,3393917,0.25925925374031067
335,54,6278354,0.25925925374031067
335,55,25491300,0.25925925374031067
335,56,9250,0.2222222238779068
335,57,808562,0.2222222238779068
335,58,859342,0.2222222238779068
335,59,950781,0.2222222238779068
335,60,1119185,0.2222222238779068
362,1,4640799,0.5757575631141663
362,2,153313,0.5454545617103577
362,3,2402163,0.4545454680919647
362,4,2963218,0.4545454680919647
362,5,2180358,0.42424243688583374
362,6,2809203,0.42424243688583374
362,7,6231171,0.42424243688583374
362,8,1540236,0.39393940567970276
362,9,2792775,0.39393940567970276
362,10,2977639,0.39393940567970276
362,11,3046572,0.39393940567970276
362,12,3275794,0.39393940567970276
362,13,41335427,0.39393940567970276
362,14,3295655,0.3636363744735718
362,15,69741,0.3333333432674408
362,16,3060926,0.3333333432674408
362,17,3349450,0.3333333432674408
362,18,1466917,0.3030303120613098
362,19,1484682,0.3030303120613098
362,20,1858012,0.3030303120613098
362,21,2373750,0.3030303120613098
362,22,3204877,0.3030303120613098
362,23,3209783,0.3030303120613098
362,24,6171458,0.3030303120613098
362,25,121842,0.27272728085517883
362,26,1708725,0.27272728085517883
362,27,3532896,0.27272728085517883
362,28,41702,0.24242424964904785
362,29,59137,0.24242424964904785
362,30,245494,0.24242424964904785
362,31,1272463,0.24242424964904785
362,32,1565818,0.24242424964904785
362,33,2766512,0.24242424964904785
362,34,3036731,0.24242424964904785
362,35,6976108,0.24242424964904785
362,36,8812783,0.24242424964904785
362,37,40283,0.21212121844291687
362,38,878368,0.21212121844291687
362,39,1122661,0.21212121844291687
362,40,1144595,0.21212121844291687
362,41,1885548,0.21212121844291687
362,42,2207778,0.21212121844291687
362,43,2982101,0.21212121844291687
362,44,3038872,0.21212121844291687
362,45,3324344,0.21212121844291687
362,46,3360164,0.21212121844291687
362,47,3462456,0.21212121844291687
362,48,4835472,0.21212121844291687
362,49,477,0.1818181872367859
362,50,5793,0.1818181872367859
362,51,992628,0.1818181872367859
362,52,995103,0.1818181872367859
362,53,1015554,0.1818181872367859
362,54,1052210,0.1818181872367859
362,55,1176253,0.1818181872367859
362,56,1835605,0.1818181872367859
362,57,2103337,0.1818181872367859
362,58,2285570,0.1818181872367859
362,59,2422333,0.1818181872367859
362,60,2543234,0.1818181872367859
375,1,13306276,0.5833333134651184
375,2,878368,0.5
375,3,17763198,0.4166666567325592
375,4,24065147,0.4166666567325592
375,5,245494,0.3333333432674408
375,6,1145090,0.3333333432674408
375,7,2754161,0.3333333432674408
375,8,2809709,0.3333333432674408
375,9,2977639,0.3333333432674408
375,10,2982101,0.3333333432674408
375,11,3185154,0.3333333432674408
375,12,3275013,0.3333333432674408
375,13,4717423,0.3333333432674408
375,14,6171458,0.3333333432674408
375,15,16827462,0.3333333432674408
375,16,1154594,0.25
375,17,1352495,0.25
375,18,1426690,0.25
375,19,2180358,0.25
375,20,2307233,0.25
375,21,2402163,0.25
375,22,2489796,0.25
375,23,2742631,0.25
375,24,2792775,0.25
375,25,2963218,0.25
375,26,3046572,0.25
375,27,3060926,0.25
375,28,3175590,0.25
375,29,3244642,0.25
375,30,3248536,0.25
375,31,3275794,0.25
375,32,3352398,0.25
375,33,4259809,0.25
375,34,6231171,0.25
375,35,8812783,0.25
375,36,17225055,0.25
375,37,18337340,0.25
375,38,21943144,0.25
375,39,22084678,0.25
375,40,23986788,0.25
375,41,41107568,0.25
375,42,41335427,0.25
387,1,1466917,0.36734694242477417
387,2,153313,0.3469387888908386
387,3,1540236,0.3469387888908386
387,4,3078186,0.3265306055545807
387,5,4640799,0.3265306055545807
387,6,2207778,0.30612245202064514
387,7,2370171,0.2857142984867096
387,8,2402163,0.2857142984867096
387,9,2792775,0.2857142984867096
387,10,1164465,0.26530611515045166
387,11,2422333,0.26530611515045166
387,12,2963218,0.26530611515045166
387,13,3036731,0.26530611515045166
387,14,3204327,0.26530611515045166
387,15,3272005,0.26530611515045166
387,16,3364437,0.26530611515045166
387,17,68729,0.2448979616165161
387,18,2766512,0.2448979616165161
387,19,6231171,0.2448979616165161
387,20,41335427,0.2448979616165161
387,21,150292,0.22448979318141937
387,22,1272463,0.22448979318141937
387,23,2124255,0.22448979318141937
387,24,3046572,0.22448979318141937
387,25,3275794,0.22448979318141937
387,26,5397,0.20408163964748383
387,27,1683562,0.20408163964748383
387,28,2963845,0.20408163964748383
387,29,2964424,0.20408163964748383
387,30,3366043,0.20408163964748383
387,31,6171458,0.20408163964748383
387,32,849585,0.18367347121238708
387,33,1019062,0.18367347121238708
387,34,1180927,0.18367347121238708
387,35,2809203,0.18367347121238708
387,36,4358649,0.18367347121238708
387,37,4790821,0.18367347121238708
387,38,40283,0.16326530277729034
387,39,245494,0.16326530277729034
387,40,929009,0.16326530277729034
387,41,1742269,0.16326530277729034
387,42,1970226,0.16326530277729034
387,43,2180358,0.16326530277729034
387,44,2502879,0.16326530277729034
387,45,2982101,0.16326530277729034
387,46,3200649,0.16326530277729034
387,47,3204877,0.16326530277729034
387,48,3389674,0.16326530277729034
387,49,3634639,0.16326530277729034
387,50,4489585,0.16326530277729034
387,51,4835472,0.16326530277729034
387,52,14863741,0.16326530277729034
387,53,817,0.1428571492433548
387,54,814330,0.1428571492433548
387,55,830939,0.1428571492433548
387,56,878368,0.1428571492433548
387,57,1858012,0.1428571492433548
387,58,1885647,0.1428571492433548
387,59,2095852,0.1428571492433548
387,60,2502882,0.1428571492433548
414,1,3138328,0.375
414,2,153313,0.3333333432674408
414,3,245494,0.3333333432674408
414,4,1540236,0.3333333432674408
414,5,1858012,0.3333333432674408
414,6,2207778,0.3333333432674408
414,7,324287,0.2916666567325592
414,8,3078186,0.2916666567325592
414,9,3204877,0.2916666567325592
414,10,3275794,0.2916666567325592
414,11,3295655,0.2916666567325592
414,12,4836639,0.2916666567325592
414,13,10979031,0.2916666567325592
414,14,40283,0.25
414,15,1272463,0.25
414,16,1683562,0.25
414,17,2766512,0.25
414,18,3462456,0.25
414,19,11221066,0.25
414,20,1268631,0.2083333283662796
414,21,1466917,0.2083333283662796
414,22,1658562,0.2083333283662796
414,23,2180358,0.2083333283662796
414,24,2285570,0.2083333283662796
414,25,2684122,0.2083333283662796
414,26,2877220,0.2083333283662796
414,27,3036731,0.2083333283662796
414,28,3038872,0.2083333283662796
414,29,3356006,0.2083333283662796
414,30,3634639,0.2083333283662796
414,31,4358649,0.2083333283662796
414,32,150259,0.1666666716337204
414,33,391568,0.1666666716337204
414,34,946962,0.1666666716337204
414,35,1064574,0.1666666716337204
414,36,1379828,0.1666666716337204
414,37,1536771,0.1666666716337204
414,38,1708725,0.1666666716337204
414,39,1883062,0.1666666716337204
414,40,1970226,0.1666666716337204
414,41,2116675,0.1666666716337204
414,42,2252079,0.1666666716337204
414,43,2394716,0.1666666716337204
414,44,2398287,0.1666666716337204
414,45,2422333,0.1666666716337204
414,46,2566499,0.1666666716337204
414,47,2965832,0.1666666716337204
414,48,2977727,0.1666666716337204
414,49,3208463,0.1666666716337204
414,50,3209783,0.1666666716337204
414,51,3213039,0.1666666716337204
414,52,3324344,0.1666666716337204
414,53,3349450,0.1666666716337204
414,54,3355573,0.1666666716337204
414,55,3393917,0.1666666716337204
414,56,3532896,0.1666666716337204
414,57,4640799,0.1666666716337204
414,58,18479885,0.1666666716337204
414,59,69741,0.125
414,60,111028,0.125
416,1,3285349,0.6000000238418579
416,2,3295655,0.6000000238418579
416,3,153313,0.5
416,4,1540236,0.5
416,5,3204877,0.5
416,6,5803,0.4000000059604645
416,7,245494,0.4000000059604645
416,8,366351,0.4000000059604645
416,9,2115431,0.4000000059604645
416,10,3204327,0.4000000059604645
416,11,3324344,0.4000000059604645
416,12,6888141,0.4000000059604645
416,13,5793,0.30000001192092896
416,14,69741,0.30000001192092896
416,15,876183,0.30000001192092896
416,16,1272463,0.30000001192092896
416,17,2207778,0.30000001192092896
416,18,2766512,0.30000001192092896
416,19,2963845,0.30000001192092896
416,20,2964424,0.30000001192092896
416,21,2965832,0.30000001192092896
416,22,3138328,0.30000001192092896
416,23,3165724,0.30000001192092896
416,24,3213039,0.30000001192092896
416,25,3374404,0.30000001192092896
416,26,3393917,0.30000001192092896
416,27,3462456,0.30000001192092896
416,28,4489585,0.30000001192092896
416,29,4836639,0.30000001192092896
416,30,15657664,0.30000001192092896
423,1,2422333,0.617977499961853
423,2,3634639,0.5140449404716492
423,3,1540236,0.48595505952835083
423,4,3078186,0.4747191071510315
423,5,3204327,0.47191011905670166
423,6,1466917,0.4438202381134033
423,7,153313,0.43539324402809143
423,8,50700,0.42134830355644226
423,9,21825181,0.3820224702358246
423,10,1783981,0.3651685416698456
423,11,4640799,0.3595505654811859
423,12,2792775,0.35393258929252625
423,13,1272463,0.3483146131038666
423,14,14863741,0.3426966369152069
423,15,1383900,0.3314606845378876
423,16,1970226,0.3258427083492279
423,17,3272005,0.32022473216056824
423,18,2502879,0.3089887499809265
423,19,2534973,0.3089887499809265
423,20,2207778,0.3061797618865967
423,21,830939,0.300561785697937
423,22,1796026,0.300561785697937
423,23,1164465,0.2921348214149475
423,24,493634,0.2893258333206177
423,25,909457,0.28651684522628784
423,26,3046572,0.283707857131958
423,27,1683562,0.2808988690376282
423,28,2964424,0.27808988094329834
423,29,2963845,0.27247190475463867
423,30,1882772,0.266853928565979
423,31,2402163,0.26404494047164917
423,32,2963218,0.25561797618865967
423,33,3204877,0.25561797618865967
423,34,13730452,0.25280898809432983
423,35,908211,0.25
423,36,924711,0.24719101190567017
423,37,4358649,0.24719101190567017
423,38,208362,0.2415730357170105
423,39,1048525,0.2415730357170105
423,40,3275794,0.2415730357170105
423,41,41335427,0.2415730357170105
423,42,2502882,0.23876404762268066
423,43,2809203,0.23876404762268066
423,44,209414,0.23595505952835083
423,45,1742269,0.23033708333969116
423,46,6231171,0.22752809524536133
423,47,18979356,0.22752809524536133
423,48,18279845,0.2247191071510315
423,49,66322,0.22191011905670166
423,50,2327777,0.22191011905670166
423,51,3036731,0.2162921279668808
423,52,3376836,0.21348313987255096
423,53,1703483,0.21067415177822113
423,54,3355573,0.21067415177822113
423,55,817,0.2078651636838913
423,56,2116675,0.2078651636838913
423,57,3462456,0.2078651636838913
423,58,4110990,0.2078651636838913
423,59,6171458,0.20505617558956146
423,60,64823,0.20224718749523163
434,1,3275794,0.44897958636283875
434,2,1708725,0.40816327929496765
434,3,4640799,0.380952388048172
434,4,2792775,0.36054420471191406
434,5,3036731,0.3469387888908386
434,6,245494,0.3333333432674408
434,7,849585,0.3333333432674408
434,8,153313,0.3265306055545807
434,9,1540236,0.2925170063972473
434,10,3060926,0.2925170063972473
434,11,13306276,0.2925170063972473
434,12,2766512,0.2857142984867096
434,13,1683562,0.2789115607738495
434,14,1940709,0.2789115607738495
434,15,2207778,0.2789115607738495
434,16,3532896,0.27210885286331177
434,17,1145090,0.26530611515045166
434,18,40283,0.25850340723991394
434,19,1466917,0.2380952388048172
434,20,2402163,0.2380952388048172
434,21,2963218,0.2380952388048172
434,22,1272463,0.2312925159931183
434,23,1565818,0.2312925159931183
434,24,2982101,0.2312925159931183
434,25,3338963,0.2312925159931183
434,26,6171458,0.2312925159931183
434,27,150259,0.22448979318141937
434,28,3046572,0.22448979318141937
434,29,22533,0.21768707036972046
434,30,1222673,0.21768707036972046
434,31,2809203,0.21768707036972046
434,32,3165724,0.21768707036972046
434,33,3355573,0.21768707036972046
434,34,4717423,0.21768707036972046
434,35,3349450,0.21088434755802155
434,36,4836639,0.21088434755802155
434,37,41335427,0.21088434755802155
434,38,1558965,0.20408163964748383
434,39,1742269,0.20408163964748383
434,40,2977639,0.20408163964748383
434,41,3244642,0.20408163964748383
434,42,6231171,0.20408163964748383
434,43,1268631,0.1972789168357849
434,44,2589940,0.1972789168357849
434,45,4790821,0.1972789168357849
434,46,925503,0.190476194024086
434,47,1234249,0.190476194024086
434,48,1804929,0.190476194024086
434,49,2956372,0.190476194024086
434,50,38270,0.18367347121238708
434,51,266624,0.18367347121238708
434,52,3358283,0.18367347121238708
434,53,6976108,0.18367347121238708
434,54,1119185,0.17687074840068817
434,55,1835605,0.17687074840068817
434,56,1858012,0.17687074840068817
434,57,3212258,0.17687074840068817
434,58,12883496,0.17687074840068817
434,59,1427801,0.17006802558898926
434,60,2100252,0.17006802558898926
466,1,4640799,0.6315789222717285
466,2,2402163,0.6015037298202515
466,3,3046572,0.5789473652839661
466,4,41335427,0.5714285969734192
466,5,2963218,0.5413534045219421
466,6,2809203,0.5338345766067505
466,7,2792775,0.5263158082962036
466,8,6231171,0.5263158082962036
466,9,6171458,0.451127827167511
466,10,16827462,0.4135338366031647
466,11,3275794,0.4060150384902954
466,12,153313,0.36090224981307983
466,13,1540236,0.36090224981307983
466,14,2180358,0.3308270573616028
466,15,8812783,0.3308270573616028
466,16,1466917,0.31578946113586426
466,17,2207778,0.2857142984867096
466,18,3060926,0.2857142984867096
466,19,2236198,0.27819550037384033
466,20,2834844,0.27819550037384033
466,21,878368,0.2631579041481018
466,22,3204327,0.2631579041481018
466,23,3532896,0.2631579041481018
466,24,245494,0.25563910603523254
466,25,2219449,0.24060150980949402
466,26,1858012,0.23308271169662476
466,27,3078186,0.23308271169662476
466,28,2765786,0.2255639135837555
466,29,3007490,0.2255639135837555
466,30,14345371,0.2255639135837555
466,31,1069597,0.21804511547088623
466,32,1272463,0.21804511547088623
466,33,21500681,0.21804511547088623
466,34,40283,0.21052631735801697
466,35,1536771,0.21052631735801697
466,36,3349450,0.21052631735801697
466,37,4790821,0.21052631735801697
466,38,919292,0.2030075192451477
466,39,2375385,0.2030075192451477
466,40,3036731,0.2030075192451477
466,41,16534,0.19548872113227844
466,42,3166179,0.19548872113227844
466,43,3204877,0.19548872113227844
466,44,873132,0.18796992301940918
466,45,1970226,0.18796992301940918
466,46,2964424,0.18796992301940918
466,47,2977639,0.18796992301940918
466,48,3272005,0.18796992301940918
466,49,849585,0.18045112490653992
466,50,1119185,0.18045112490653992
466,51,2963845,0.18045112490653992
466,52,3097440,0.18045112490653992
466,53,4259809,0.18045112490653992
466,54,13155899,0.18045112490653992
466,55,13492114,0.18045112490653992
466,56,1708725,0.17293232679367065
466,57,3165724,0.17293232679367065
466,58,3212258,0.17293232679367065
466,59,3364505,0.17293232679367065
466,60,4836639,0.17293232679367065
467,1,1858012,0.6756756901741028
467,2,649216,0.5945945978164673
467,3,4640799,0.4864864945411682
467,4,153313,0.45945945382118225
467,5,3060926,0.45945945382118225
467,6,245494,0.4324324429035187
467,7,1540236,0.4324324429035187
467,8,2207778,0.4324324429035187
467,9,3349450,0.4324324429035187
467,10,1565818,0.4054054021835327
467,11,1885548,0.4054054021835327
467,12,1896522,0.4054054021835327
467,13,2809203,0.4054054021835327
467,14,3275794,0.4054054021835327
467,15,2402163,0.37837839126586914
467,16,3046572,0.37837839126586914
467,17,4836639,0.37837839126586914
467,18,6231171,0.37837839126586914
467,19,41335427,0.37837839126586914
467,20,130598,0.3513513505458832
467,21,2963218,0.3513513505458832
467,22,2977639,0.3513513505458832
467,23,3244642,0.3513513505458832
467,24,3324344,0.3513513505458832
467,25,69741,0.3243243098258972
467,26,995103,0.3243243098258972
467,27,2180358,0.3243243098258972
467,28,2635502,0.3243243098258972
467,29,3036731,0.3243243098258972
467,30,3078186,0.3243243098258972
467,31,3097440,0.3243243098258972
467,32,40283,0.29729729890823364
467,33,391568,0.29729729890823364
467,34,2373750,0.29729729890823364
467,35,2507928,0.29729729890823364
467,36,2766512,0.29729729890823364
467,37,2792775,0.29729729890823364
467,38,2809709,0.29729729890823364
467,39,3062141,0.29729729890823364
467,40,3165724,0.29729729890823364
467,41,10535173,0.29729729890823364
467,42,878368,0.2702702581882477
467,43,1272463,0.2702702581882477
467,44,1683562,0.2702702581882477
467,45,1897835,0.2702702581882477
467,46,1970226,0.2702702581882477
467,47,2342136,0.2702702581882477
467,48,2982101,0.2702702581882477
467,49,3098166,0.2702702581882477
467,50,3204877,0.2702702581882477
467,51,3295655,0.2702702581882477
467,52,3311984,0.2702702581882477
467,53,3393917,0.2702702581882477
467,54,4835472,0.2702702581882477
467,55,23596,0.2432432472705841
467,56,1263212,0.2432432472705841
467,57,1359590,0.2432432472705841
467,58,1558965,0.2432432472705841
467,59,1708725,0.2432432472705841
467,60,1835605,0.2432432472705841
477,1,1885548,0.5
477,2,3060926,0.5
477,3,3275794,0.5
477,4,3349450,0.5
477,5,4640799,0.5
477,6,41702,0.44999998807907104
477,7,2180358,0.44999998807907104
477,8,1540236,0.4000000059604645
477,9,2402163,0.4000000059604645
477,10,3532896,0.4000000059604645
477,11,6231171,0.4000000059604645
477,12,153313,0.3499999940395355
477,13,2792775,0.3499999940395355
477,14,2809203,0.3499999940395355
477,15,3244642,0.3499999940395355
477,16,362,0.30000001192092896
477,17,1558965,0.30000001192092896
477,18,1858012,0.30000001192092896
477,19,2207778,0.30000001192092896
477,20,2373750,0.30000001192092896
477,21,2963218,0.30000001192092896
477,22,2977639,0.30000001192092896
477,23,3046572,0.30000001192092896
477,24,41335427,0.30000001192092896
477,25,69741,0.25
477,26,121842,0.25
477,27,245494,0.25
477,28,1144595,0.25
477,29,1484682,0.25
477,30,1565818,0.25
477,31,1708725,0.25
477,32,2766512,0.25
477,33,2982101,0.25
477,34,3098166,0.25
477,35,3209783,0.25
477,36,3295655,0.25
477,37,3324344,0.25
477,38,3356006,0.25
477,39,3360164,0.25
477,40,6171458,0.25
477,41,40283,0.20000000298023224
477,42,59137,0.20000000298023224
477,43,68476,0.20000000298023224
477,44,649216,0.20000000298023224
477,45,878368,0.20000000298023224
477,46,995103,0.20000000298023224
477,47,1052210,0.20000000298023224
477,48,1172473,0.20000000298023224
477,49,1358908,0.20000000298023224
477,50,1683562,0.20000000298023224
477,51,2375385,0.20000000298023224
477,52,2796883,0.20000000298023224
477,53,2809709,0.20000000298023224
477,54,2977727,0.20000000298023224
477,55,3038872,0.20000000298023224
477,56,3097440,0.20000000298023224
477,57,3138328,0.20000000298023224
477,58,3204327,0.20000000298023224
477,59,4836639,0.20000000298023224
477,60,6976108,0.20000000298023224
505,1,4640799,0.625
505,2,3060926,0.5874999761581421
505,3,1540236,0.550000011920929
505,4,2402163,0.5375000238418579
505,5,2963218,0.5249999761581421
505,6,2792775,0.48750001192092896
505,7,2001,0.4749999940395355
505,8,4110990,0.4625000059604645
505,9,6231171,0.4625000059604645
505,10,41335427,0.4625000059604645
505,11,3046572,0.44999998807907104
505,12,992628,0.4375
505,13,1178402,0.42500001192092896
505,14,948387,0.4124999940395355
505,15,2809203,0.4124999940395355
505,16,3078186,0.4124999940395355
505,17,3275794,0.4124999940395355
505,18,2422333,0.4000000059604645
505,19,3204327,0.4000000059604645
505,20,2809709,0.375
505,21,2977639,0.375
505,22,4790821,0.375
505,23,6171458,0.375
505,24,1536771,0.36250001192092896
505,25,2219449,0.3375000059604645
505,26,3166179,0.32499998807907104
505,27,3244642,0.32499998807907104
505,28,3464264,0.32499998807907104
505,29,16534,0.3125
505,30,1466917,0.3125
505,31,2534720,0.3125
505,32,3186437,0.3125
505,33,3312237,0.3125
505,34,3436605,0.3125
505,35,8812783,0.3125
505,36,2502879,0.30000001192092896
505,37,2834844,0.30000001192092896
505,38,13155899,0.30000001192092896
505,39,878368,0.2874999940395355
505,40,1272463,0.2874999940395355
505,41,2321285,0.2874999940395355
505,42,2543234,0.2874999940395355
505,43,16827462,0.2874999940395355
505,44,30518,0.2750000059604645
505,45,62580,0.2750000059604645
505,46,1047579,0.2750000059604645
505,47,2321296,0.2750000059604645
505,48,6569140,0.2750000059604645
505,49,14245059,0.2750000059604645
505,50,15789500,0.2750000059604645
505,51,153313,0.26249998807907104
505,52,1119185,0.26249998807907104
505,53,1835605,0.26249998807907104
505,54,2485462,0.26249998807907104
505,55,21825181,0.26249998807907104
505,56,41876730,0.26249998807907104
505,57,164040,0.25
505,58,3346751,0.25
505,59,3360164,0.25
505,60,3462456,0.25
551,1,1540236,0.6153846383094788
551,2,41350,0.557692289352417
551,3,3078186,0.5480769276618958
551,4,3634639,0.5384615659713745
551,5,153313,0.5288461446762085
551,6,3204327,0.5192307829856873
551,7,1783981,0.5096153616905212
551,8,1272463,0.49038460850715637
551,9,2422333,0.48076921701431274
551,10,4640799,0.4615384638309479
551,11,1796026,0.45192307233810425
551,12,2207778,0.4038461446762085
551,13,135328,0.375
551,14,1970226,0.375
551,15,1466917,0.35576921701431274
551,16,3275794,0.35576921701431274
551,17,64823,0.3461538553237915
551,18,2792775,0.3365384638309479
551,19,830939,0.32692307233810425
551,20,1683562,0.32692307233810425
551,21,4790821,0.32692307233810425
551,22,208362,0.3173076808452606
551,23,1703483,0.3076923191547394
551,24,3204877,0.3076923191547394
551,25,3234863,0.3076923191547394
551,26,908211,0.2884615361690521
551,27,1708725,0.2884615361690521
551,28,41335427,0.2884615361690521
551,29,3046572,0.2788461446762085
551,30,13319085,0.2788461446762085
551,31,2766512,0.26923078298568726
551,32,2963218,0.26923078298568726
551,33,3060926,0.26923078298568726
551,34,3036731,0.25961539149284363
551,35,16534,0.25
551,36,1742269,0.25
551,37,4110990,0.25
551,38,4636013,0.25
551,39,245494,0.24038460850715637
551,40,909457,0.24038460850715637
551,41,1882772,0.24038460850715637
551,42,2402163,0.24038460850715637
551,43,2502879,0.24038460850715637
551,44,2534973,0.24038460850715637
551,45,2809203,0.24038460850715637
551,46,6231171,0.24038460850715637
551,47,3376836,0.23076923191547394
551,48,3393917,0.23076923191547394
551,49,39947767,0.23076923191547394
551,50,423,0.2211538404226303
551,51,50700,0.2211538404226303
551,52,194190,0.2211538404226303
551,53,924711,0.2211538404226303
551,54,1119185,0.2211538404226303
551,55,3462456,0.2211538404226303
551,56,14863741,0.2211538404226303
551,57,391568,0.21153846383094788
551,58,814330,0.21153846383094788
551,59,948387,0.21153846383094788
551,60,1048525,0.21153846383094788
555,1,2467422,0.9454545378684998
555,2,2000164,0.9090909361839294
555,3,2341135,0.9090909361839294
555,4,2886933,0.9090909361839294
555,5,3310352,0.8727272748947144
555,6,1171182,0.7818182110786438
555,7,2971170,0.7818182110786438
555,8,3419,0.7636363506317139
555,9,1592020,0.7636363506317139
555,10,4640799,0.7636363506317139
555,11,1006388,0.7272727489471436
555,12,2402163,0.6909090876579285
555,13,6231171,0.6727272868156433
555,14,1540236,0.6545454263687134
555,15,3046572,0.6363636255264282
555,16,1104950,0.6181818246841431
555,17,2963218,0.6181818246841431
555,18,41335427,0.6181818246841431
555,19,3204327,0.6000000238418579
555,20,6191271,0.6000000238418579
555,21,339591,0.5636363625526428
555,22,2809203,0.5454545617103577
555,23,1760364,0.5090909004211426
555,24,6614581,0.5090909004211426
555,25,1874236,0.4909090995788574
555,26,1466917,0.4727272689342499
555,27,4790821,0.4727272689342499
555,28,2963845,0.4545454680919647
555,29,1892324,0.4363636374473572
555,30,2792775,0.4363636374473572
555,31,2964424,0.4363636374473572
555,32,3272005,0.4363636374473572
555,33,2422333,0.4000000059604645
555,34,3078186,0.4000000059604645
555,35,6171458,0.4000000059604645
555,36,1173956,0.38181817531585693
555,37,1756415,0.38181817531585693
555,38,2489796,0.38181817531585693
555,39,3275794,0.38181817531585693
555,40,8812783,0.38181817531585693
555,41,1019062,0.3636363744735718
555,42,14085268,0.3636363744735718
555,43,1164465,0.34545454382896423
555,44,1592086,0.34545454382896423
555,45,1779679,0.34545454382896423
555,46,2008238,0.34545454382896423
555,47,2502879,0.34545454382896423
555,48,3060926,0.34545454382896423
555,49,3244642,0.34545454382896423
555,50,3634639,0.34545454382896423
555,51,809179,0.3272727131843567
555,52,1137060,0.3272727131843567
555,53,2982101,0.3272727131843567
555,54,3349450,0.3272727131843567
555,55,30518,0.30909091234207153
555,56,66322,0.30909091234207153
555,57,171715,0.30909091234207153
555,58,781271,0.30909091234207153
555,59,948387,0.30909091234207153
555,60,1107945,0.30909091234207153
574,1,153313,0.4933333396911621
574,2,3271542,0.4933333396911621
574,3,3275794,0.47999998927116394
574,4,245494,0.4533333480358124
574,5,1683562,0.4399999976158142
574,6,2207382,0.4399999976158142
574,7,2207778,0.4000000059604645
574,8,1119185,0.36000001430511475
574,9,1268631,0.36000001430511475
574,10,1272463,0.3466666638851166
574,11,2766512,0.3466666638851166
574,12,3036731,0.3466666638851166
574,13,3078186,0.3466666638851166
574,14,3295655,0.3466666638851166
574,15,941200,0.3333333432674408
574,16,40283,0.3199999928474426
574,17,2100252,0.3199999928474426
574,18,1030767,0.30666667222976685
574,19,1940709,0.2933333218097687
574,20,2693329,0.2933333218097687
574,21,3204877,0.2933333218097687
574,22,1540236,0.2800000011920929
574,23,3349450,0.2800000011920929
574,24,221359,0.2666666805744171
574,25,1352495,0.2666666805744171
574,26,1385044,0.2666666805744171
574,27,1858012,0.2666666805744171
574,28,2180358,0.2666666805744171
574,29,2574991,0.2666666805744171
574,30,3060926,0.2666666805744171
574,31,3324344,0.2666666805744171
574,32,3393917,0.2666666805744171
574,33,4836639,0.2666666805744171
574,34,23596,0.25333333015441895
574,35,42857,0.25333333015441895
574,36,1221616,0.23999999463558197
574,37,1871423,0.23999999463558197
574,38,3285349,0.23999999463558197
574,39,3634639,0.23999999463558197
574,40,4489585,0.23999999463558197
574,41,24065147,0.23999999463558197
574,42,68729,0.2266666740179062
574,43,327422,0.2266666740179062
574,44,2977639,0.2266666740179062
574,45,3118417,0.2266666740179062
574,46,3281466,0.2266666740179062
574,47,3355573,0.2266666740179062
574,48,3393910,0.2266666740179062
574,49,589497,0.2133333384990692
574,50,968084,0.2133333384990692
574,51,1028204,0.2133333384990692
574,52,1309111,0.2133333384990692
574,53,1621115,0.2133333384990692
574,54,1885548,0.2133333384990692
574,55,1896522,0.2133333384990692
574,56,2422333,0.2133333384990692
574,57,2859378,0.2133333384990692
574,58,3295919,0.2133333384990692
574,59,3532896,0.2133333384990692
574,60,9585796,0.2133333384990692
577,1,941200,0.5714285969734192
577,2,153313,0.4285714328289032
577,3,3060926,0.4285714328289032
577,4,245494,0.380952388048172
577,5,1268631,0.380952388048172
577,6,2977639,0.380952388048172
577,7,3036731,0.380952388048172
577,8,3281466,0.380952388048172
577,9,3428728,0.380952388048172
577,10,4489585,0.380952388048172
577,11,9585796,0.380952388048172
577,12,1540236,0.3333333432674408
577,13,2100252,0.3333333432674408
577,14,2207778,0.3333333432674408
577,15,3275794,0.3333333432674408
577,16,3295919,0.3333333432674408
577,17,3349450,0.3333333432674408
577,18,1119185,0.2857142984867096
577,19,1352495,0.2857142984867096
577,20,1385044,0.2857142984867096
577,21,1683562,0.2857142984867096
577,22,1701188,0.2857142984867096
577,23,1858012,0.2857142984867096
577,24,2766512,0.2857142984867096
577,25,2809709,0.2857142984867096
577,26,3204327,0.2857142984867096
577,27,3285349,0.2857142984867096
577,28,4259809,0.2857142984867096
577,29,4836639,0.2857142984867096
577,30,6191072,0.2857142984867096
577,31,574,0.2380952388048172
577,32,7480,0.2380952388048172
577,33,40283,0.2380952388048172
577,34,170957,0.2380952388048172
577,35,598119,0.2380952388048172
577,36,810135,0.2380952388048172
577,37,827497,0.2380952388048172
577,38,878368,0.2380952388048172
577,39,908398,0.2380952388048172
577,40,1030767,0.2380952388048172
577,41,1272463,0.2380952388048172
577,42,1885548,0.2380952388048172
577,43,1940137,0.2380952388048172
577,44,2086690,0.2380952388048172
577,45,2124255,0.2380952388048172
577,46,2180358,0.2380952388048172
577,47,2305997,0.2380952388048172
577,48,2373750,0.2380952388048172
577,49,2582035,0.2380952388048172
577,50,2877220,0.2380952388048172
577,51,3044365,0.2380952388048172
577,52,3204877,0.2380952388048172
577,53,3255908,0.2380952388048172
577,54,3356006,0.2380952388048172
577,55,4840290,0.2380952388048172
577,56,6703901,0.2380952388048172
577,57,1844,0.190476194024086
577,58,3838,0.190476194024086
577,59,23596,0.190476194024086
577,60,23684,0.190476194024086
588,1,153313,0.6153846383094788
588,2,2507928,0.6153846383094788
588,3,3393910,0.6153846383094788
588,4,3393917,0.6153846383094788
588,5,4912783,0.6153846383094788
588,6,598119,0.5384615659713745
588,7,1268631,0.5384615659713745
588,8,3275794,0.5384615659713745
588,9,3295655,0.5384615659713745
588,10,3355573,0.5384615659713745
588,11,23596,0.4615384638309479
588,12,245494,0.4615384638309479
588,13,911489,0.4615384638309479
588,14,1065465,0.4615384638309479
588,15,1683562,0.4615384638309479
588,16,1742269,0.4615384638309479
588,17,2207778,0.4615384638309479
588,18,2956372,0.4615384638309479
588,19,2963845,0.4615384638309479
588,20,3036731,0.4615384638309479
588,21,3060926,0.4615384638309479
588,22,3204327,0.4615384638309479
588,23,3204877,0.4615384638309479
588,24,814330,0.38461539149284363
588,25,849585,0.38461539149284363
588,26,911456,0.38461539149284363
588,27,941200,0.38461539149284363
588,28,963375,0.38461539149284363
588,29,1118624,0.38461539149284363
588,30,1540236,0.38461539149284363
588,31,2252079,0.38461539149284363
588,32,2766347,0.38461539149284363
588,33,2766512,0.38461539149284363
588,34,2961887,0.38461539149284363
588,35,2964424,0.38461539149284363
588,36,2968156,0.38461539149284363
588,37,3285349,0.38461539149284363
588,38,3294830,0.38461539149284363
588,39,3300573,0.38461539149284363
588,40,4489585,0.38461539149284363
588,41,24065147,0.38461539149284363
588,42,20014,0.3076923191547394
588,43,30518,0.3076923191547394
588,44,40283,0.3076923191547394
588,45,265616,0.3076923191547394
588,46,866393,0.3076923191547394
588,47,987048,0.3076923191547394
588,48,1011400,0.3076923191547394
588,49,1024288,0.3076923191547394
588,50,1168289,0.3076923191547394
588,51,1352495,0.3076923191547394
588,52,1383053,0.3076923191547394
588,53,1466917,0.3076923191547394
588,54,1499998,0.3076923191547394
588,55,1835605,0.3076923191547394
588,56,1882981,0.3076923191547394
588,57,1896522,0.3076923191547394
588,58,1940709,0.3076923191547394
588,59,2086690,0.3076923191547394
588,60,2180358,0.3076923191547394
696,1,2422333,0.5524475574493408
696,2,4640799,0.5384615659713745
696,3,1540236,0.5104895234107971
696,4,2439628,0.5104895234107971
696,5,3078186,0.503496527671814
696,6,2792775,0.46853145956993103
696,7,2963218,0.440559446811676
696,8,3204327,0.440559446811676
696,9,3060926,0.4195804297924042
696,10,2402163,0.41258740425109863
696,11,3275794,0.3986014127731323
696,12,3634639,0.3986014127731323
696,13,41335427,0.3986014127731323
696,14,1466917,0.3916083872318268
696,15,153313,0.38461539149284363
696,16,3046572,0.3776223659515381
696,17,948387,0.37062937021255493
696,18,4110990,0.37062937021255493
696,19,21825181,0.3636363744735718
696,20,1970226,0.35664334893226624
696,21,4790821,0.3426573574542999
696,22,992628,0.32867133617401123
696,23,2219449,0.32867133617401123
696,24,2502879,0.32867133617401123
696,25,1536771,0.3216783106327057
696,26,6171458,0.3216783106327057
696,27,6697901,0.3216783106327057
696,28,1272463,0.3076923191547394
696,29,9735628,0.3076923191547394
696,30,16534,0.30069929361343384
696,31,1683562,0.30069929361343384
696,32,2207778,0.30069929361343384
696,33,2809203,0.30069929361343384
696,34,6231171,0.30069929361343384
696,35,14863741,0.30069929361343384
696,36,1708725,0.2937062978744507
696,37,2977639,0.2937062978744507
696,38,2153746,0.28671327233314514
696,39,1119185,0.27272728085517883
696,40,3272005,0.27272728085517883
696,41,3376836,0.27272728085517883
696,42,1783981,0.2657342553138733
696,43,908211,0.25874125957489014
696,44,3921305,0.25874125957489014
696,45,245494,0.251748263835907
696,46,1164465,0.251748263835907
696,47,1383900,0.24475523829460144
696,48,3204877,0.24475523829460144
696,49,3436605,0.24475523829460144
696,50,4636013,0.24475523829460144
696,51,50700,0.2377622425556183
696,52,493634,0.2377622425556183
696,53,2834844,0.2377622425556183
696,54,2963845,0.2377622425556183
696,55,1007964,0.23076923191547394
696,56,1194887,0.23076923191547394
696,57,1392700,0.23076923191547394
696,58,2327777,0.23076923191547394
696,59,2809709,0.23076923191547394
696,60,4836639,0.23076923191547394
726,1,2582035,0.7777777910232544
726,2,1030767,0.7222222089767456
726,3,3275794,0.7222222089767456
726,4,2086690,0.6666666865348816
726,5,674383,0.6111111044883728
726,6,3255908,0.6111111044883728
726,7,245494,0.5555555820465088
726,8,153313,0.5
726,9,3036731,0.5
726,10,731,0.4444444477558136
726,11,1119185,0.4444444477558136
726,12,1708725,0.4444444477558136
726,13,2792775,0.4444444477558136
726,14,1145090,0.3888888955116272
726,15,1352495,0.3888888955116272
726,16,2100252,0.3888888955116272
726,17,2153746,0.3888888955116272
726,18,2207778,0.3888888955116272
726,19,2402163,0.3888888955116272
726,20,2809203,0.3888888955116272
726,21,2963218,0.3888888955116272
726,22,3046572,0.3888888955116272
726,23,3349450,0.3888888955116272
726,24,3441236,0.3888888955116272
726,25,4259809,0.3888888955116272
726,26,8812783,0.3888888955116272
726,27,25491300,0.3888888955116272
726,28,41335427,0.3888888955116272
726,29,987048,0.3333333432674408
726,30,992628,0.3333333432674408
726,31,1272463,0.3333333432674408
726,32,1885548,0.3333333432674408
726,33,2766512,0.3333333432674408
726,34,2834844,0.3333333432674408
726,35,3295919,0.3333333432674408
726,36,3300573,0.3333333432674408
726,37,3355573,0.3333333432674408
726,38,3532896,0.3333333432674408
726,39,4640799,0.3333333432674408
726,40,4717423,0.3333333432674408
726,41,6171458,0.3333333432674408
726,42,6231171,0.3333333432674408
726,43,6684634,0.3333333432674408
726,44,30518,0.2777777910232544
726,45,40283,0.2777777910232544
726,46,42857,0.2777777910232544
726,47,86934,0.2777777910232544
726,48,459137,0.2777777910232544
726,49,1392700,0.2777777910232544
726,50,1413589,0.2777777910232544
726,51,1426690,0.2777777910232544
726,52,1466917,0.2777777910232544
726,53,1536771,0.2777777910232544
726,54,1558965,0.2777777910232544
726,55,1940137,0.2777777910232544
726,56,1943518,0.2777777910232544
726,57,1970518,0.2777777910232544
726,58,2125304,0.2777777910232544
726,59,2236198,0.2777777910232544
726,60,2307233,0.2777777910232544
731,1,1030767,0.8846153616905212
731,2,2086690,0.8717948794364929
731,3,2582035,0.7564102411270142
731,4,674383,0.6410256624221802
731,5,3275794,0.6153846383094788
731,6,3255908,0.5641025900840759
731,7,245494,0.5384615659713745
731,8,40283,0.4615384638309479
731,9,459137,0.42307692766189575
731,10,153313,0.41025641560554504
731,11,2792775,0.41025641560554504
731,12,4640799,0.41025641560554504
731,13,1352495,0.39743590354919434
731,14,3036731,0.39743590354919434
731,15,30518,0.38461539149284363
731,16,3532896,0.38461539149284363
731,17,3295919,0.3717948794364929
731,18,1119185,0.3589743673801422
731,19,2207778,0.3589743673801422
731,20,4259809,0.3589743673801422
731,21,1272463,0.3461538553237915
731,22,3349450,0.3461538553237915
731,23,2402163,0.3333333432674408
731,24,2963218,0.3333333432674408
731,25,3046572,0.3333333432674408
731,26,13306276,0.3333333432674408
731,27,1683562,0.3205128312110901
731,28,1708725,0.3076923191547394
731,29,6231171,0.3076923191547394
731,30,41335427,0.3076923191547394
731,31,2100252,0.29487180709838867
731,32,2809203,0.29487180709838867
731,33,2543234,0.28205129504203796
731,34,3060926,0.28205129504203796
731,35,8812783,0.28205129504203796
731,36,21512389,0.28205129504203796
731,37,30530,0.26923078298568726
731,38,828773,0.26923078298568726
731,39,1558965,0.26923078298568726
731,40,2766512,0.26923078298568726
731,41,6171458,0.26923078298568726
731,42,16827462,0.26923078298568726
731,43,265616,0.25641027092933655
731,44,1385044,0.25641027092933655
731,45,1466917,0.25641027092933655
731,46,1885548,0.25641027092933655
731,47,1970226,0.25641027092933655
731,48,3355573,0.25641027092933655
731,49,4717423,0.25641027092933655
731,50,14302659,0.25641027092933655
731,51,948387,0.24358974397182465
731,52,987048,0.24358974397182465
731,53,1392700,0.24358974397182465
731,54,2153746,0.24358974397182465
731,55,4836639,0.24358974397182465
731,56,1268631,0.23076923191547394
731,57,1955658,0.23076923191547394
731,58,2944133,0.23076923191547394
731,59,3020535,0.23076923191547394
731,60,3078186,0.23076923191547394
742,1,4640799,0.6615384817123413
742,2,1540236,0.5846154093742371
742,3,2792775,0.5692307949066162
742,4,2402163,0.5538461804389954
742,5,4790821,0.5461538434028625
742,6,1530651,0.5307692289352417
742,7,948387,0.5230769515037537
742,8,2963218,0.5230769515037537
742,9,3275794,0.5230769515037537
742,10,2809203,0.4923076927661896
742,11,3046572,0.4923076927661896
742,12,3204327,0.48461538553237915
742,13,3060926,0.4769230782985687
742,14,41335427,0.4692307710647583
742,15,1536771,0.446153849363327
742,16,6231171,0.4384615421295166
742,17,2887072,0.42307692766189575
742,18,6171458,0.42307692766189575
742,19,1258632,0.4076923131942749
742,20,1358831,0.4000000059604645
742,21,2977639,0.38461539149284363
742,22,3078186,0.3769230842590332
742,23,1466917,0.3692307770252228
742,24,2543234,0.36153846979141235
742,25,2219449,0.35384616255760193
742,26,113603,0.3461538553237915
742,27,2422333,0.3461538553237915
742,28,4110990,0.3461538553237915
742,29,1970226,0.3384615480899811
742,30,1119185,0.32307693362236023
742,31,8812783,0.3153846263885498
742,32,153313,0.3076923191547394
742,33,3244642,0.3076923191547394
742,34,992628,0.30000001192092896
742,35,3186437,0.30000001192092896
742,36,3532896,0.30000001192092896
742,37,4836639,0.30000001192092896
742,38,13155899,0.29230770468711853
742,39,16534,0.2846153974533081
742,40,2153746,0.2769230902194977
742,41,2963845,0.2769230902194977
742,42,245494,0.26923078298568726
742,43,878368,0.26923078298568726
742,44,2956372,0.26923078298568726
742,45,2001,0.26153847575187683
742,46,2834844,0.26153847575187683
742,47,3166179,0.26153847575187683
742,48,3346751,0.26153847575187683
742,49,1149593,0.2538461685180664
742,50,1272463,0.2538461685180664
742,51,2809709,0.2538461685180664
742,52,3020535,0.2538461685180664
742,53,3349054,0.2538461685180664
742,54,2375385,0.2461538463830948
742,55,987048,0.23846153914928436
742,56,1565818,0.23846153914928436
742,57,1570229,0.23846153914928436
742,58,1708725,0.23846153914928436
742,59,2489796,0.23846153914928436
742,60,2502879,0.23846153914928436
764,1,34897,0.8395061492919922
764,2,19017827,0.8024691343307495
764,3,877015,0.790123462677002
764,4,201738,0.7777777910232544
764,5,1352033,0.7654321193695068
764,6,2121201,0.7530864477157593
764,7,1540236,0.7037037014961243
764,8,4640799,0.5802469253540039
764,9,2963218,0.5679012537002563
764,10,287715,0.5555555820465088
764,11,3204327,0.5555555820465088
764,12,6231171,0.5555555820465088
764,13,41335427,0.5432098507881165
764,14,2402163,0.5308641791343689
764,15,2809203,0.5185185074806213
764,16,1245597,0.5061728358268738
764,17,3046572,0.5061728358268738
764,18,2792775,0.4938271641731262
764,19,589782,0.45679011940956116
764,20,1466917,0.45679011940956116
764,21,1574475,0.43209877610206604
764,22,2008238,0.43209877610206604
764,23,3102782,0.43209877610206604
764,24,2419073,0.4197530746459961
764,25,2587875,0.4197530746459961
764,26,6171458,0.4197530746459961
764,27,1112930,0.40740740299224854
764,28,1164465,0.40740740299224854
764,29,2422333,0.40740740299224854
764,30,2990120,0.40740740299224854
764,31,791061,0.395061731338501
764,32,1928459,0.395061731338501
764,33,3272005,0.3827160596847534
764,34,1323305,0.37037035822868347
764,35,2963845,0.37037035822868347
764,36,2964424,0.37037035822868347
764,37,6591373,0.37037035822868347
764,38,60460,0.3580246865749359
764,39,3078186,0.3580246865749359
764,40,4790821,0.3580246865749359
764,41,2595624,0.34567901492118835
764,42,8812783,0.34567901492118835
764,43,588034,0.3333333432674408
764,44,1266243,0.3333333432674408
764,45,827903,0.32098764181137085
764,46,1209703,0.32098764181137085
764,47,2558293,0.32098764181137085
764,48,2568912,0.32098764181137085
764,49,791214,0.3086419701576233
764,50,1019062,0.3086419701576233
764,51,1098593,0.3086419701576233
764,52,549798,0.29629629850387573
764,53,791225,0.29629629850387573
764,54,1920889,0.29629629850387573
764,55,1936434,0.29629629850387573
764,56,2502879,0.29629629850387573
764,57,3634639,0.29629629850387573
764,58,66322,0.2839506268501282
764,59,938086,0.2839506268501282
764,60,987750,0.2839506268501282
794,1,1940709,0.6666666865348816
794,2,2518209,0.6666666865348816
794,3,3275794,0.6111111044883728
794,4,1683562,0.5555555820465088
794,5,2207778,0.5555555820465088
794,6,2931549,0.5555555820465088
794,7,40283,0.5
794,8,245494,0.5
794,9,3036731,0.5
794,10,153313,0.4444444477558136
794,11,515581,0.4444444477558136
794,12,1835605,0.4444444477558136
794,13,3324344,0.4444444477558136
794,14,23596,0.3888888955116272
794,15,69741,0.3888888955116272
794,16,860196,0.3888888955116272
794,17,1268631,0.3888888955116272
794,18,1272463,0.3888888955116272
794,19,1858012,0.3888888955116272
794,20,1885548,0.3888888955116272
794,21,2977639,0.3888888955116272
794,22,3204877,0.3888888955116272
794,23,3349450,0.3888888955116272
794,24,3393917,0.3888888955116272
794,25,3532896,0.3888888955116272
794,26,4652599,0.3888888955116272
794,27,4830806,0.3888888955116272
794,28,8272,0.3333333432674408
794,29,22533,0.3333333432674408
794,30,142449,0.3333333432674408
794,31,256076,0.3333333432674408
794,32,386792,0.3333333432674408
794,33,886814,0.3333333432674408
794,34,894834,0.3333333432674408
794,35,1027555,0.3333333432674408
794,36,1324493,0.3333333432674408
794,37,1385044,0.3333333432674408
794,38,1540236,0.3333333432674408
794,39,1616484,0.3333333432674408
794,40,1701188,0.3333333432674408
794,41,1839377,0.3333333432674408
794,42,2180358,0.3333333432674408
794,43,2222705,0.3333333432674408
794,44,2252079,0.3333333432674408
794,45,2373750,0.3333333432674408
794,46,2402163,0.3333333432674408
794,47,2409320,0.3333333432674408
794,48,2459084,0.3333333432674408
794,49,2833018,0.3333333432674408
794,50,2965832,0.3333333432674408
794,51,2977727,0.3333333432674408
794,52,3038872,0.3333333432674408
794,53,3118417,0.3333333432674408
794,54,3186437,0.3333333432674408
794,55,3355573,0.3333333432674408
794,56,3393910,0.3333333432674408
794,57,4259809,0.3333333432674408
794,58,4836639,0.3333333432674408
794,59,6231171,0.3333333432674408
794,60,6552198,0.3333333432674408
797,1,4358649,0.6776315569877625
797,2,1540236,0.5526315569877625
797,3,392838,0.4934210479259491
797,4,1466917,0.4802631437778473
797,5,4640799,0.46710526943206787
797,6,1970226,0.45394736528396606
797,7,3204327,0.45394736528396606
797,8,2792775,0.44078946113586426
797,9,3078186,0.44078946113586426
797,10,3275794,0.43421053886413574
797,11,153313,0.42763158679008484
797,12,2402163,0.42763158679008484
797,13,2963218,0.4013157784938812
797,14,1272463,0.3947368562221527
797,15,3046572,0.3947368562221527
797,16,2207778,0.3881579041481018
797,17,551787,0.375
797,18,1228437,0.375
797,19,41335427,0.375
797,20,1104159,0.3486842215061188
797,21,2422333,0.3486842215061188
797,22,245494,0.34210526943206787
797,23,6156668,0.32894736528396606
797,24,1683562,0.32236841320991516
797,25,6171458,0.32236841320991516
797,26,1138855,0.30921053886413574
797,27,6231171,0.30921053886413574
797,28,992628,0.30263158679008484
797,29,1536771,0.30263158679008484
797,30,2809203,0.30263158679008484
797,31,4836639,0.30263158679008484
797,32,3349450,0.29605263471603394
797,33,3634639,0.29605263471603394
797,34,16534,0.28947368264198303
797,35,40283,0.28947368264198303
797,36,2219449,0.28947368264198303
797,37,2766512,0.28947368264198303
797,38,3204877,0.28947368264198303
797,39,4110990,0.28947368264198303
797,40,1164465,0.28289473056793213
797,41,1947012,0.28289473056793213
797,42,830939,0.2763157784938812
797,43,2501570,0.2763157784938812
797,44,3060926,0.2763157784938812
797,45,3272005,0.2763157784938812
797,46,2648,0.2697368562221527
797,47,3166179,0.2697368562221527
797,48,19113524,0.2697368562221527
797,49,1885548,0.2565789520740509
797,50,21500681,0.2565789520740509
797,51,1119185,0.25
797,52,3036731,0.25
797,53,3356006,0.25
797,54,25854,0.2434210479259491
797,55,2371237,0.2434210479259491
797,56,4790821,0.2434210479259491
797,57,30474,0.2368421107530594
797,58,1858012,0.2368421107530594
797,59,1896522,0.2368421107530594
797,60,8812783,0.2368421107530594
813,1,153313,0.5306122303009033
813,2,3078186,0.5102040767669678
813,3,1540236,0.4693877696990967
813,4,1683562,0.4693877696990967
813,5,3634639,0.4693877696990967
813,6,1742269,0.4285714328289032
813,7,3204877,0.4285714328289032
813,8,493634,0.3877550959587097
813,9,1621115,0.3877550959587097
813,10,909457,0.36734694242477417
813,11,1272463,0.36734694242477417
813,12,1970226,0.36734694242477417
813,13,4358649,0.36734694242477417
813,14,2207778,0.3469387888908386
813,15,2422333,0.3469387888908386
813,16,3204327,0.3469387888908386
813,17,4640799,0.3469387888908386
813,18,1466917,0.3265306055545807
813,19,2100252,0.3265306055545807
813,20,3272005,0.3265306055545807
813,21,23596,0.30612245202064514
813,22,830939,0.30612245202064514
813,23,1166797,0.30612245202064514
813,24,3275794,0.30612245202064514
813,25,908211,0.2857142984867096
813,26,1164465,0.2857142984867096
813,27,1835605,0.2857142984867096
813,28,245494,0.26530611515045166
813,29,2766512,0.26530611515045166
813,30,41335427,0.26530611515045166
813,31,40283,0.2448979616165161
813,32,135328,0.2448979616165161
813,33,849585,0.2448979616165161
813,34,968084,0.2448979616165161
813,35,1228437,0.2448979616165161
813,36,2402163,0.2448979616165161
813,37,2809203,0.2448979616165161
813,38,3036731,0.2448979616165161
813,39,3046572,0.2448979616165161
813,40,3165724,0.2448979616165161
813,41,30518,0.22448979318141937
813,42,814330,0.22448979318141937
813,43,1046770,0.22448979318141937
813,44,1065465,0.22448979318141937
813,45,1268631,0.22448979318141937
813,46,1309111,0.22448979318141937
813,47,2398287,0.22448979318141937
813,48,3356006,0.22448979318141937
813,49,22533,0.20408163964748383
813,50,23607,0.20408163964748383
813,51,46575,0.20408163964748383
813,52,150259,0.20408163964748383
813,53,1019062,0.20408163964748383
813,54,1701188,0.20408163964748383
813,55,1783981,0.20408163964748383
813,56,1871423,0.20408163964748383
813,57,1877624,0.20408163964748383
813,58,2531376,0.20408163964748383
813,59,3355573,0.20408163964748383
813,60,4110990,0.20408163964748383
817,1,2792775,0.5718474984169006
817,2,4640799,0.5171065330505371
817,3,1466917,0.42717498540878296
817,4,1540236,0.4154447615146637
817,5,2402163,0.4134897291660309
817,6,3046572,0.40860214829444885
817,7,2963218,0.4037145674228668
817,8,41335427,0.39491692185401917
817,9,6171458,0.39296188950538635
817,10,153313,0.3792766332626343
817,11,3275794,0.3704789876937866
817,12,2809203,0.3685239553451538
817,13,2422333,0.35777124762535095
817,14,6231171,0.3499511182308197
817,15,3204327,0.32844576239585876
817,16,3078186,0.32551318407058716
817,17,8812783,0.3157380223274231
817,18,2207778,0.3030303120613098
817,19,3272005,0.29227760434150696
817,20,14863741,0.2815249264240265
817,21,21825181,0.27663734555244446
817,22,1164465,0.27468231320381165
817,23,1272463,0.2688172161579132
817,24,245494,0.2649071216583252
817,25,1708725,0.2629520893096924
817,26,1970226,0.26099705696105957
817,27,2766512,0.24242424964904785
817,28,1119185,0.2316715568304062
817,29,3060926,0.22971652448177338
817,30,4790821,0.22776149213314056
817,31,1742269,0.22385141253471375
817,32,13306276,0.22287389636039734
817,33,3204877,0.22189638018608093
817,34,849585,0.2189638316631317
817,35,13155899,0.2179863154888153
817,36,3532896,0.21309873461723328
817,37,3634639,0.21309873461723328
817,38,2543234,0.21114370226860046
817,39,3355573,0.20821113884449005
817,40,3036731,0.20723362267017365
817,41,1019062,0.20332355797290802
817,42,878368,0.2023460417985916
817,43,1536771,0.2013685256242752
817,44,4358649,0.2013685256242752
817,45,40283,0.1994134932756424
817,46,1683562,0.1994134932756424
817,47,3376836,0.1994134932756424
817,48,2936175,0.198435977101326
817,49,16827462,0.198435977101326
817,50,2963845,0.19159334897994995
817,51,2964424,0.18768328428268433
817,52,2502879,0.1847507357597351
817,53,992628,0.1827957034111023
817,54,4110990,0.17790810763835907
817,55,3295919,0.17595307528972626
817,56,4717423,0.17204301059246063
817,57,16534,0.17106549441814423
817,58,30518,0.168132945895195
817,59,4836639,0.168132945895195
817,60,150259,0.1671554297208786
818,1,2792775,0.5517241358757019
818,2,817,0.5270935893058777
818,3,4640799,0.517241358757019
818,4,2402163,0.403940886259079
818,5,1540236,0.3891625702381134
818,6,3046572,0.3891625702381134
818,7,153313,0.3842364549636841
818,8,6171458,0.37931033968925476
818,9,2963218,0.3645320236682892
818,10,6231171,0.3497537076473236
818,11,41335427,0.3497537076473236
818,12,1466917,0.33990147709846497
818,13,2809203,0.3300492465496063
818,14,3275794,0.3300492465496063
818,15,3204327,0.32019704580307007
818,16,3078186,0.3054187297821045
818,17,2207778,0.2807881832122803
818,18,1742269,0.27586206793785095
818,19,3272005,0.27093595266342163
818,20,4790821,0.27093595266342163
818,21,8812783,0.27093595266342163
818,22,2766512,0.2660098373889923
818,23,1272463,0.25615763664245605
818,24,849585,0.25123152136802673
818,25,2422333,0.2463054209947586
818,26,1164465,0.24137930572032928
818,27,150259,0.23152709007263184
818,28,4358649,0.23152709007263184
818,29,3036731,0.2266009896993637
818,30,1683562,0.2216748744249344
818,31,30518,0.21674877405166626
818,32,3376836,0.21674877405166626
818,33,245494,0.2068965584039688
818,34,1970226,0.2068965584039688
818,35,873132,0.2019704431295395
818,36,2963845,0.19211822748184204
818,37,3532896,0.19211822748184204
818,38,30474,0.18719211220741272
818,39,13155899,0.18719211220741272
818,40,3355573,0.1822660118341446
818,41,1708725,0.17733989655971527
818,42,40283,0.17241379618644714
818,43,1536771,0.17241379618644714
818,44,2543234,0.17241379618644714
818,45,3060926,0.17241379618644714
818,46,150017,0.16748768091201782
818,47,992628,0.16748768091201782
818,48,1119185,0.16748768091201782
818,49,3204877,0.16748768091201782
818,50,3349450,0.16748768091201782
818,51,16534,0.1625615805387497
818,52,2964424,0.1625615805387497
818,53,3212258,0.1625615805387497
818,54,4110990,0.1625615805387497
818,55,30530,0.15763546526432037
818,56,1896522,0.15763546526432037
818,57,3048937,0.15763546526432037
818,58,3165724,0.15763546526432037
818,59,3230869,0.15763546526432037
818,60,4836639,0.15763546526432037
829,1,877015,0.6363636255264282
829,2,2963218,0.5454545617103577
829,3,764,0.4545454680919647
829,4,34897,0.4545454680919647
829,5,150292,0.4545454680919647
829,6,201738,0.4545454680919647
829,7,1245597,0.4545454680919647
829,8,1352033,0.4545454680919647
829,9,2121201,0.4545454680919647
829,10,2402163,0.4545454680919647
829,11,2990120,0.4545454680919647
829,12,3046572,0.4545454680919647
829,13,4640799,0.4545454680919647
829,14,6231171,0.4545454680919647
829,15,19017827,0.4545454680919647
829,16,41335427,0.4545454680919647
829,17,44016,0.3636363744735718
829,18,60460,0.3636363744735718
829,19,153313,0.3636363744735718
829,20,287715,0.3636363744735718
829,21,589782,0.3636363744735718
829,22,938064,0.3636363744735718
829,23,938086,0.3636363744735718
829,24,1112006,0.3636363744735718
829,25,1112930,0.3636363744735718
829,26,1137060,0.3636363744735718
829,27,1272463,0.3636363744735718
829,28,1466917,0.3636363744735718
829,29,1540236,0.3636363744735718
829,30,1808841,0.3636363744735718
829,31,2419073,0.3636363744735718
829,32,2558293,0.3636363744735718
829,33,2587875,0.3636363744735718
829,34,2595624,0.3636363744735718
829,35,2809203,0.3636363744735718
829,36,3102782,0.3636363744735718
829,37,3204327,0.3636363744735718
829,38,3275794,0.3636363744735718
829,39,3634639,0.3636363744735718
829,40,4790821,0.3636363744735718
829,41,8691308,0.3636363744735718
829,42,14863741,0.3636363744735718
829,43,2183,0.27272728085517883
829,44,113603,0.27272728085517883
829,45,227172,0.27272728085517883
829,46,391568,0.27272728085517883
829,47,418832,0.27272728085517883
829,48,418854,0.27272728085517883
829,49,549798,0.27272728085517883
829,50,576222,0.27272728085517883
829,51,803205,0.27272728085517883
829,52,855288,0.27272728085517883
829,53,912988,0.27272728085517883
829,54,968049,0.27272728085517883
829,55,1140206,0.27272728085517883
829,56,1209703,0.27272728085517883
829,57,1222101,0.27272728085517883
829,58,1254936,0.27272728085517883
829,59,1266243,0.27272728085517883
829,60,1458832,0.27272728085517883
849,1,3204327,0.7083333134651184
849,2,1540236,0.6944444179534912
849,3,251833,0.6388888955116272
849,4,1466917,0.5694444179534912
849,5,4640799,0.5416666865348816
849,6,2964424,0.5277777910232544
849,7,879061,0.5138888955116272
849,8,2963845,0.5138888955116272
849,9,1068574,0.4861111044883728
849,10,3046572,0.4305555522441864
849,11,852,0.4166666567325592
849,12,2422333,0.4166666567325592
849,13,3272005,0.4027777910232544
849,14,857019,0.3888888955116272
849,15,3634639,0.3888888955116272
849,16,1568418,0.375
849,17,2402163,0.375
849,18,2963218,0.375
849,19,41335427,0.375
849,20,1164465,0.3611111044883728
849,21,2809203,0.3611111044883728
849,22,3078186,0.3472222089767456
849,23,6231171,0.3472222089767456
849,24,2792775,0.3333333432674408
849,25,3462456,0.3333333432674408
849,26,4790821,0.3333333432674408
849,27,1137060,0.3194444477558136
849,28,2502879,0.3194444477558136
849,29,1742269,0.3055555522441864
849,30,2008238,0.3055555522441864
849,31,66312,0.2916666567325592
849,32,849585,0.2916666567325592
849,33,873132,0.2916666567325592
849,34,66322,0.2777777910232544
849,35,855288,0.2777777910232544
849,36,992628,0.2777777910232544
849,37,1019062,0.2777777910232544
849,38,1970226,0.2777777910232544
849,39,153313,0.2638888955116272
849,40,3165724,0.2638888955116272
849,41,791061,0.25
849,42,803205,0.25
849,43,1536771,0.25
849,44,2054834,0.25
849,45,150259,0.2361111044883728
849,46,227172,0.2361111044883728
849,47,521922,0.2361111044883728
849,48,576222,0.2361111044883728
849,49,912988,0.2361111044883728
849,50,1254936,0.2361111044883728
849,51,2207778,0.2361111044883728
849,52,3376836,0.2361111044883728
849,53,6171458,0.2361111044883728
849,54,817,0.2222222238779068
849,55,29061,0.2222222238779068
849,56,89369,0.2222222238779068
849,57,171715,0.2222222238779068
849,58,781271,0.2222222238779068
849,59,1323305,0.2222222238779068
849,60,1574475,0.2222222238779068
852,1,857019,0.8547008633613586
852,2,1568418,0.8376068472862244
852,3,251833,0.8290598392486572
852,4,879061,0.8034188151359558
852,5,1068574,0.7692307829856873
852,6,1540236,0.6068376302719116
852,7,3204327,0.5641025900840759
852,8,1466917,0.5555555820465088
852,9,4640799,0.5128205418586731
852,10,3272005,0.47863247990608215
852,11,1164465,0.4273504316806793
852,12,2402163,0.4273504316806793
852,13,2963218,0.4273504316806793
852,14,2963845,0.4273504316806793
852,15,2964424,0.4273504316806793
852,16,3046572,0.4273504316806793
852,17,2792775,0.41025641560554504
852,18,2809203,0.41025641560554504
852,19,41335427,0.41025641560554504
852,20,2008238,0.4017094075679779
852,21,6231171,0.4017094075679779
852,22,1574475,0.36752137541770935
852,23,29061,0.34188035130500793
852,24,1019062,0.34188035130500793
852,25,521922,0.32478633522987366
852,26,2422333,0.3162393271923065
852,27,1970226,0.3076923191547394
852,28,2936175,0.3076923191547394
852,29,29629,0.2905983030796051
852,30,6171458,0.2905983030796051
852,31,66322,0.28205129504203796
852,32,791061,0.28205129504203796
852,33,3462456,0.2735042870044708
852,34,827903,0.2649572789669037
852,35,2502879,0.2649572789669037
852,36,3078186,0.2649572789669037
852,37,3275794,0.2649572789669037
852,38,4790821,0.2649572789669037
852,39,849,0.25641027092933655
852,40,153313,0.25641027092933655
852,41,2982101,0.25641027092933655
852,42,3634639,0.25641027092933655
852,43,6591373,0.25641027092933655
852,44,1323305,0.24786324799060822
852,45,1611445,0.24786324799060822
852,46,8812783,0.24786324799060822
852,47,252258,0.23076923191547394
852,48,588034,0.23076923191547394
852,49,2207778,0.23076923191547394
852,50,856,0.2222222238779068
852,51,728299,0.2222222238779068
852,52,1137060,0.2222222238779068
852,53,1209968,0.2222222238779068
852,54,1251507,0.2222222238779068
852,55,2186426,0.2222222238779068
852,56,791214,0.21367521584033966
852,57,906736,0.21367521584033966
852,58,1219151,0.21367521584033966
852,59,1742269,0.21367521584033966
852,60,2120474,0.21367521584033966
853,1,879061,0.9090909361839294
853,2,251833,0.8181818127632141
853,3,1068574,0.7272727489471436
853,4,29061,0.6363636255264282
853,5,29629,0.6363636255264282
853,6,1466917,0.6363636255264282
853,7,3204327,0.6363636255264282
853,8,849,0.5454545617103577
853,9,852,0.5454545617103577
853,10,857019,0.5454545617103577
853,11,1540236,0.5454545617103577
853,12,1568418,0.5454545617103577
853,13,2963218,0.5454545617103577
853,14,2964424,0.5454545617103577
853,15,3046572,0.5454545617103577
853,16,3272005,0.5454545617103577
853,17,4640799,0.5454545617103577
853,18,41335427,0.5454545617103577
853,19,618823,0.4545454680919647
853,20,803205,0.4545454680919647
853,21,855288,0.4545454680919647
853,22,1019062,0.4545454680919647
853,23,1107914,0.4545454680919647
853,24,1133995,0.4545454680919647
853,25,1164465,0.4545454680919647
853,26,2402163,0.4545454680919647
853,27,2792775,0.4545454680919647
853,28,2809203,0.4545454680919647
853,29,2936175,0.4545454680919647
853,30,2963845,0.4545454680919647
853,31,3376836,0.4545454680919647
853,32,3634639,0.4545454680919647
853,33,6231171,0.4545454680919647
853,34,859,0.3636363744735718
853,35,2183,0.3636363744735718
853,36,29073,0.3636363744735718
853,37,227172,0.3636363744735718
853,38,397139,0.3636363744735718
853,39,463790,0.3636363744735718
853,40,521922,0.3636363744735718
853,41,522001,0.3636363744735718
853,42,576222,0.3636363744735718
853,43,580139,0.3636363744735718
853,44,588034,0.3636363744735718
853,45,791225,0.3636363744735718
853,46,827903,0.3636363744735718
853,47,849585,0.3636363744735718
853,48,912988,0.3636363744735718
853,49,987750,0.3636363744735718
853,50,1098593,0.3636363744735718
853,51,1137060,0.3636363744735718
853,52,1574475,0.3636363744735718
853,53,2008238,0.3636363744735718
853,54,2054834,0.3636363744735718
853,55,3261241,0.3636363744735718
853,56,3275794,0.3636363744735718
853,57,3516480,0.3636363744735718
853,58,6591373,0.3636363744735718
853,59,8134945,0.3636363744735718
853,60,17189468,0.3636363744735718
856,1,879061,0.9230769276618958
856,2,251833,0.8717948794364929
856,3,906736,0.8717948794364929
856,4,1068574,0.8717948794364929
856,5,1219151,0.8461538553237915
856,6,521922,0.7179487347602844
856,7,1568418,0.692307710647583
856,8,852,0.6666666865348816
856,9,857019,0.6666666865348816
856,10,29629,0.6153846383094788
856,11,29061,0.5897436141967773
856,12,1540236,0.5897436141967773
856,13,3204327,0.5897436141967773
856,14,1466917,0.5641025900840759
856,15,2963845,0.5128205418586731
856,16,3272005,0.5128205418586731
856,17,2964424,0.4615384638309479
856,18,89589,0.43589743971824646
856,19,2792775,0.43589743971824646
856,20,4640799,0.43589743971824646
856,21,1019062,0.41025641560554504
856,22,1164465,0.41025641560554504
856,23,860,0.38461539149284363
856,24,1574475,0.3589743673801422
856,25,2008238,0.3589743673801422
856,26,2034374,0.3589743673801422
856,27,2936175,0.3589743673801422
856,28,2963218,0.3589743673801422
856,29,3046572,0.3589743673801422
856,30,6171458,0.3589743673801422
856,31,827903,0.3333333432674408
856,32,873132,0.3333333432674408
856,33,1611445,0.3333333432674408
856,34,2402163,0.3333333432674408
856,35,2809203,0.3333333432674408
856,36,8812783,0.3333333432674408
856,37,41335427,0.3333333432674408
856,38,849,0.3076923191547394
856,39,681885,0.3076923191547394
856,40,791214,0.3076923191547394
856,41,3178011,0.3076923191547394
856,42,6231171,0.3076923191547394
856,43,252258,0.28205129504203796
856,44,728299,0.28205129504203796
856,45,791061,0.28205129504203796
856,46,938064,0.28205129504203796
856,47,1098593,0.28205129504203796
856,48,1209968,0.28205129504203796
856,49,1251507,0.28205129504203796
856,50,1272463,0.28205129504203796
856,51,2306480,0.28205129504203796
856,52,2558293,0.28205129504203796
856,53,4733799,0.28205129504203796
856,54,4790821,0.28205129504203796
856,55,6591373,0.28205129504203796
856,56,44016,0.25641027092933655
856,57,46575,0.25641027092933655
856,58,153313,0.25641027092933655
856,59,195579,0.25641027092933655
856,60,588034,0.25641027092933655
859,1,1068574,0.8888888955116272
859,2,852,0.7777777910232544
859,3,251833,0.7777777910232544
859,4,857019,0.7777777910232544
859,5,879061,0.7777777910232544
859,6,1568418,0.7777777910232544
859,7,29073,0.7222222089767456
859,8,3204327,0.7222222089767456
859,9,1540236,0.6666666865348816
859,10,29061,0.5555555820465088
859,11,1109134,0.5555555820465088
859,12,2792775,0.5555555820465088
859,13,4640799,0.5555555820465088
859,14,29629,0.5
859,15,352764,0.5
859,16,1107914,0.5
859,17,1466917,0.5
859,18,849,0.4444444477558136
859,19,856,0.4444444477558136
859,20,89589,0.4444444477558136
859,21,521922,0.4444444477558136
859,22,618823,0.4444444477558136
859,23,906736,0.4444444477558136
859,24,1219151,0.4444444477558136
859,25,2008238,0.4444444477558136
859,26,2207778,0.4444444477558136
859,27,2936175,0.4444444477558136
859,28,3078186,0.4444444477558136
859,29,3634639,0.4444444477558136
859,30,55903,0.3888888955116272
859,31,1019062,0.3888888955116272
859,32,1574475,0.3888888955116272
859,33,3272005,0.3888888955116272
859,34,6591373,0.3888888955116272
859,35,860,0.3333333432674408
859,36,89578,0.3333333432674408
859,37,153313,0.3333333432674408
859,38,252258,0.3333333432674408
859,39,580139,0.3333333432674408
859,40,681885,0.3333333432674408
859,41,827903,0.3333333432674408
859,42,857039,0.3333333432674408
859,43,1137060,0.3333333432674408
859,44,1164465,0.3333333432674408
859,45,1251507,0.3333333432674408
859,46,1920889,0.3333333432674408
859,47,1970226,0.3333333432674408
859,48,2034374,0.3333333432674408
859,49,2402163,0.3333333432674408
859,50,2502879,0.3333333432674408
859,51,2963218,0.3333333432674408
859,52,2964424,0.3333333432674408
859,53,3166179,0.3333333432674408
859,54,4790821,0.3333333432674408
859,55,6171458,0.3333333432674408
859,56,227172,0.2777777910232544
859,57,467187,0.2777777910232544
859,58,522001,0.2777777910232544
859,59,576222,0.2777777910232544
859,60,728299,0.2777777910232544
860,1,879061,1.0
860,2,852,0.9583333134651184
860,3,1068574,0.9583333134651184
860,4,1568418,0.9583333134651184
860,5,857019,0.9166666865348816
860,6,251833,0.875
860,7,29061,0.7083333134651184
860,8,521922,0.6666666865348816
860,9,856,0.625
860,10,29629,0.625
860,11,681885,0.625
860,12,906736,0.625
860,13,1219151,0.5833333134651184
860,14,2034374,0.5833333134651184
860,15,1540236,0.5416666865348816
860,16,1466917,0.5
860,17,89589,0.4583333432674408
860,18,1574475,0.4583333432674408
860,19,2792775,0.4583333432674408
860,20,3204327,0.4583333432674408
860,21,3272005,0.4583333432674408
860,22,4640799,0.4583333432674408
860,23,791214,0.4166666567325592
860,24,827903,0.4166666567325592
860,25,1164465,0.4166666567325592
860,26,2008238,0.4166666567325592
860,27,2963218,0.4166666567325592
860,28,2963845,0.4166666567325592
860,29,2964424,0.4166666567325592
860,30,4790821,0.4166666567325592
860,31,849,0.375
860,32,29073,0.375
860,33,791061,0.375
860,34,987750,0.375
860,35,1019062,0.375
860,36,1107914,0.375
860,37,1611445,0.375
860,38,2207778,0.375
860,39,2936175,0.375
860,40,3046572,0.375
860,41,6171458,0.375
860,42,6591373,0.375
860,43,41335427,0.375
860,44,8815,0.3333333432674408
860,45,195579,0.3333333432674408
860,46,352764,0.3333333432674408
860,47,588034,0.3333333432674408
860,48,791225,0.3333333432674408
860,49,1098593,0.3333333432674408
860,50,1109134,0.3333333432674408
860,51,1272463,0.3333333432674408
860,52,2120474,0.3333333432674408
860,53,2402163,0.3333333432674408
860,54,2422333,0.3333333432674408
860,55,2809203,0.3333333432674408
860,56,2982101,0.3333333432674408
860,57,8812783,0.3333333432674408
860,58,10558806,0.3333333432674408
860,59,34897,0.2916666567325592
860,60,153313,0.2916666567325592
863,1,4640799,0.7666666507720947
863,2,3312237,0.7333333492279053
863,3,2792775,0.699999988079071
863,4,1536771,0.6666666865348816
863,5,2339177,0.6666666865348816
863,6,2809203,0.6000000238418579
863,7,2963218,0.6000000238418579
863,8,6231171,0.6000000238418579
863,9,2067752,0.5666666626930237
863,10,2402163,0.5666666626930237
863,11,3046572,0.5666666626930237
863,12,6171458,0.5666666626930237
863,13,4790821,0.5333333611488342
863,14,8812783,0.5333333611488342
863,15,41335427,0.5
863,16,1334778,0.46666666865348816
863,17,1466917,0.46666666865348816
863,18,1540236,0.46666666865348816
863,19,1774510,0.46666666865348816
863,20,3204327,0.46666666865348816
863,21,1142860,0.4333333373069763
863,22,1570229,0.4333333373069763
863,23,1936544,0.4333333373069763
863,24,2267189,0.4333333373069763
863,25,2543234,0.4333333373069763
863,26,3275794,0.4333333373069763
863,27,1943518,0.4000000059604645
863,28,2001,0.36666667461395264
863,29,153313,0.36666667461395264
863,30,992628,0.36666667461395264
863,31,1123089,0.36666667461395264
863,32,1123099,0.36666667461395264
863,33,1708725,0.36666667461395264
863,34,2219449,0.36666667461395264
863,35,2422333,0.36666667461395264
863,36,2485462,0.36666667461395264
863,37,3094151,0.36666667461395264
863,38,3346751,0.36666667461395264
863,39,948387,0.3333333432674408
863,40,952544,0.3333333432674408
863,41,3166179,0.3333333432674408
863,42,3272005,0.3333333432674408
863,43,13155899,0.3333333432674408
863,44,781271,0.30000001192092896
863,45,864540,0.30000001192092896
863,46,1112038,0.30000001192092896
863,47,1142872,0.30000001192092896
863,48,1164465,0.30000001192092896
863,49,1171314,0.30000001192092896
863,50,1272463,0.30000001192092896
863,51,2628323,0.30000001192092896
863,52,2895388,0.30000001192092896
863,53,2962492,0.30000001192092896
863,54,3060926,0.30000001192092896
863,55,3078186,0.30000001192092896
863,56,3178011,0.30000001192092896
863,57,3270810,0.30000001192092896
863,58,30518,0.2666666805744171
863,59,878368,0.2666666805744171
863,60,1019062,0.2666666805744171
960,1,4640799,0.6216216087341309
960,2,2792775,0.5810810923576355
960,3,3275794,0.5135135054588318
960,4,2402163,0.5
960,5,3046572,0.47297295928001404
960,6,2963218,0.45945945382118225
960,7,6171458,0.45945945382118225
960,8,6231171,0.45945945382118225
960,9,41335427,0.45945945382118225
960,10,2809203,0.44594594836235046
960,11,878368,0.4324324429035187
960,12,2834844,0.4054054021835327
960,13,16827462,0.4054054021835327
960,14,1536771,0.3918918967247009
960,15,2543234,0.3918918967247009
960,16,153313,0.37837839126586914
960,17,1272463,0.37837839126586914
960,18,1540236,0.36486485600471497
960,19,8812783,0.3378378450870514
960,20,3078186,0.3243243098258972
960,21,4259809,0.3243243098258972
960,22,4790821,0.3243243098258972
960,23,2766512,0.31081080436706543
960,24,2977639,0.31081080436706543
960,25,13155899,0.29729729890823364
960,26,40283,0.28378379344940186
960,27,2236198,0.28378379344940186
960,28,3186437,0.28378379344940186
960,29,245494,0.2702702581882477
960,30,919292,0.2702702581882477
960,31,1392700,0.2702702581882477
960,32,2207778,0.2702702581882477
960,33,2267189,0.2702702581882477
960,34,3060926,0.2702702581882477
960,35,13492114,0.2702702581882477
960,36,14245059,0.2702702581882477
960,37,21500681,0.2702702581882477
960,38,30530,0.2567567527294159
960,39,1570229,0.2567567527294159
960,40,1679789,0.2567567527294159
960,41,2153746,0.2567567527294159
960,42,2375385,0.2567567527294159
960,43,3204877,0.2567567527294159
960,44,118521,0.2432432472705841
960,45,948387,0.2432432472705841
960,46,2219449,0.2432432472705841
960,47,2422333,0.2432432472705841
960,48,3020535,0.2432432472705841
960,49,14345371,0.2432432472705841
960,50,30518,0.22972972691059113
960,51,987048,0.22972972691059113
960,52,992628,0.22972972691059113
960,53,1015554,0.22972972691059113
960,54,1774510,0.22972972691059113
960,55,2237401,0.22972972691059113
960,56,3036731,0.22972972691059113
960,57,3295919,0.22972972691059113
960,58,829330,0.21621622145175934
960,59,963221,0.21621622145175934
960,60,1708725,0.21621622145175934
961,1,3349450,0.7804877758026123
961,2,112914,0.5365853905677795
961,3,4640799,0.5121951103210449
961,4,2402163,0.4878048896789551
961,5,1885548,0.46341463923454285
961,6,2792775,0.46341463923454285
961,7,2809203,0.46341463923454285
961,8,3046572,0.46341463923454285
961,9,3275794,0.46341463923454285
961,10,41335427,0.46341463923454285
961,11,1896522,0.4146341383457184
961,12,2766512,0.4146341383457184
961,13,2963218,0.4146341383457184
961,14,3060926,0.39024388790130615
961,15,245494,0.3658536672592163
961,16,1272463,0.3658536672592163
961,17,3212258,0.3658536672592163
961,18,4836639,0.3658536672592163
961,19,6231171,0.3658536672592163
961,20,40283,0.3414634168148041
961,21,153313,0.3414634168148041
961,22,3036731,0.3414634168148041
961,23,56540,0.31707316637039185
961,24,1540236,0.31707316637039185
961,25,2207778,0.31707316637039185
961,26,2543234,0.31707316637039185
961,27,2977639,0.31707316637039185
961,28,1565818,0.2926829159259796
961,29,2675454,0.2926829159259796
961,30,2809709,0.2926829159259796
961,31,3204327,0.2926829159259796
961,32,41326609,0.2926829159259796
961,33,391568,0.26829269528388977
961,34,995103,0.26829269528388977
961,35,1466917,0.26829269528388977
961,36,1835605,0.26829269528388977
961,37,1858012,0.26829269528388977
961,38,2982101,0.26829269528388977
961,39,3204877,0.26829269528388977
961,40,6171458,0.26829269528388977
961,41,13155899,0.26829269528388977
961,42,2180358,0.24390244483947754
961,43,2534720,0.24390244483947754
961,44,2960529,0.24390244483947754
961,45,3165724,0.24390244483947754
961,46,3244642,0.24390244483947754
961,47,3338963,0.24390244483947754
961,48,3346751,0.24390244483947754
961,49,3356006,0.24390244483947754
961,50,3532896,0.24390244483947754
961,51,16827462,0.24390244483947754
961,52,30431,0.2195121943950653
961,53,30530,0.2195121943950653
961,54,265616,0.2195121943950653
961,55,894834,0.2195121943950653
961,56,986234,0.2195121943950653
961,57,1602074,0.2195121943950653
961,58,2267189,0.2195121943950653
961,59,2956372,0.2195121943950653
961,60,3078186,0.2195121943950653
962,1,3275794,0.7368420958518982
962,2,2977639,0.5789473652839661
962,3,3532896,0.5263158082962036
962,4,3060926,0.4736842215061188
962,5,245494,0.42105263471603394
962,6,1565818,0.42105263471603394
962,7,2207778,0.42105263471603394
962,8,4717423,0.42105263471603394
962,9,40283,0.3684210479259491
962,10,833257,0.3684210479259491
962,11,987048,0.3684210479259491
962,12,1392700,0.3684210479259491
962,13,1540236,0.3684210479259491
962,14,1708725,0.3684210479259491
962,15,2543234,0.3684210479259491
962,16,2574991,0.3684210479259491
962,17,2792775,0.3684210479259491
962,18,2931549,0.3684210479259491
962,19,3186437,0.3684210479259491
962,20,3359698,0.3684210479259491
962,21,3464264,0.3684210479259491
962,22,86934,0.31578946113586426
962,23,153313,0.31578946113586426
962,24,265616,0.31578946113586426
962,25,810663,0.31578946113586426
962,26,948387,0.31578946113586426
962,27,1225592,0.31578946113586426
962,28,1461747,0.31578946113586426
962,29,1896522,0.31578946113586426
962,30,2409320,0.31578946113586426
962,31,2982101,0.31578946113586426
962,32,3097440,0.31578946113586426
962,33,3204877,0.31578946113586426
962,34,3275013,0.31578946113586426
962,35,3356006,0.31578946113586426
962,36,3358283,0.31578946113586426
962,37,4259809,0.31578946113586426
962,38,4836639,0.31578946113586426
962,39,4925227,0.31578946113586426
962,40,467254,0.2631579041481018
962,41,781271,0.2631579041481018
962,42,814330,0.2631579041481018
962,43,830939,0.2631579041481018
962,44,914540,0.2631579041481018
962,45,1015554,0.2631579041481018
962,46,1039021,0.2631579041481018
962,47,1223124,0.2631579041481018
962,48,1315615,0.2631579041481018
962,49,1357456,0.2631579041481018
962,50,1536771,0.2631579041481018
962,51,1558965,0.2631579041481018
962,52,1835605,0.2631579041481018
962,53,1858012,0.2631579041481018
962,54,1970226,0.2631579041481018
962,55,2100252,0.2631579041481018
962,56,2222441,0.2631579041481018
962,57,2247074,0.2631579041481018
962,58,2252079,0.2631579041481018
962,59,2361393,0.2631579041481018
962,60,2375385,0.2631579041481018
969,1,2285229,0.9459459185600281
969,2,2792775,0.8918918967247009
969,3,2529035,0.8648648858070374
969,4,6171458,0.7567567825317383
969,5,4640799,0.7027027010917664
969,6,2963218,0.6756756901741028
969,7,2402163,0.6486486196517944
969,8,2501288,0.6486486196517944
969,9,41335427,0.6486486196517944
969,10,2809203,0.5945945978164673
969,11,3046572,0.5945945978164673
969,12,3275794,0.5945945978164673
969,13,1540236,0.5675675868988037
969,14,3346751,0.5675675868988037
969,15,6231171,0.5675675868988037
969,16,8812783,0.5675675868988037
969,17,30518,0.4864864945411682
969,18,4551489,0.4864864945411682
969,19,4790821,0.4864864945411682
969,20,13155899,0.4864864945411682
969,21,2543234,0.45945945382118225
969,22,43554,0.4324324429035187
969,23,153313,0.4324324429035187
969,24,878368,0.4324324429035187
969,25,2377629,0.4324324429035187
969,26,3204327,0.4324324429035187
969,27,245494,0.4054054021835327
969,28,1272463,0.4054054021835327
969,29,2035753,0.4054054021835327
969,30,2936530,0.4054054021835327
969,31,2982101,0.4054054021835327
969,32,987048,0.37837839126586914
969,33,1426690,0.37837839126586914
969,34,1679789,0.37837839126586914
969,35,2963845,0.37837839126586914
969,36,3178011,0.37837839126586914
969,37,30530,0.3513513505458832
969,38,948387,0.3513513505458832
969,39,2207778,0.3513513505458832
969,40,3060926,0.3513513505458832
969,41,16827462,0.3513513505458832
969,42,1015554,0.3243243098258972
969,43,1334778,0.3243243098258972
969,44,2237401,0.3243243098258972
969,45,2628323,0.3243243098258972
969,46,2977639,0.3243243098258972
969,47,1536771,0.29729729890823364
969,48,1575860,0.29729729890823364
969,49,2267189,0.29729729890823364
969,50,2422333,0.29729729890823364
969,51,3020535,0.29729729890823364
969,52,3036731,0.29729729890823364
969,53,3078186,0.29729729890823364
969,54,3338963,0.29729729890823364
969,55,919292,0.2702702581882477
969,56,1119185,0.2702702581882477
969,57,1392700,0.2702702581882477
969,58,1508178,0.2702702581882477
969,59,1885548,0.2702702581882477
969,60,2375385,0.2702702581882477
973,1,4640799,0.6666666865348816
973,2,948387,0.6111111044883728
973,3,2792775,0.6111111044883728
973,4,3275794,0.6111111044883728
973,5,1540236,0.5555555820465088
973,6,2485462,0.5555555820465088
973,7,3060926,0.5555555820465088
973,8,3464264,0.5555555820465088
973,9,2402163,0.5
973,10,3046572,0.5
973,11,3204327,0.5
973,12,4790821,0.5
973,13,869832,0.4444444477558136
973,14,1272463,0.4444444477558136
973,15,1536771,0.4444444477558136
973,16,1782584,0.4444444477558136
973,17,2321296,0.4444444477558136
973,18,2422333,0.4444444477558136
973,19,2809203,0.4444444477558136
973,20,2963218,0.4444444477558136
973,21,3186437,0.4444444477558136
973,22,3244642,0.4444444477558136
973,23,6231171,0.4444444477558136
973,24,2001,0.3888888955116272
973,25,245494,0.3888888955116272
973,26,992628,0.3888888955116272
973,27,1069505,0.3888888955116272
973,28,1178402,0.3888888955116272
973,29,1466917,0.3888888955116272
973,30,1530651,0.3888888955116272
973,31,1936544,0.3888888955116272
973,32,2534720,0.3888888955116272
973,33,2543234,0.3888888955116272
973,34,4110990,0.3888888955116272
973,35,6171458,0.3888888955116272
973,36,505,0.3333333432674408
973,37,25037,0.3333333432674408
973,38,30518,0.3333333432674408
973,39,34288,0.3333333432674408
973,40,113603,0.3333333432674408
973,41,118521,0.3333333432674408
973,42,878368,0.3333333432674408
973,43,987048,0.3333333432674408
973,44,1015554,0.3333333432674408
973,45,1031537,0.3333333432674408
973,46,1149593,0.3333333432674408
973,47,1196035,0.3333333432674408
973,48,1384549,0.3333333432674408
973,49,1561725,0.3333333432674408
973,50,1570229,0.3333333432674408
973,51,1679789,0.3333333432674408
973,52,2219449,0.3333333432674408
973,53,2321243,0.3333333432674408
973,54,2379261,0.3333333432674408
973,55,2467422,0.3333333432674408
973,56,2834844,0.3333333432674408
973,57,2977639,0.3333333432674408
973,58,3078186,0.3333333432674408
973,59,3094151,0.3333333432674408
973,60,3294501,0.3333333432674408
1052,1,722040,1.0
1052,2,561940,0.8260869383811951
1052,3,2393986,0.8260869383811951
1052,4,329317,0.782608687877655
1052,5,388063,0.782608687877655
1052,6,1089092,0.782608687877655
1052,7,1200321,0.782608687877655
1052,8,1200332,0.782608687877655
1052,9,2366490,0.782608687877655
1052,10,3575140,0.782608687877655
1052,11,1527549,0.739130437374115
1052,12,2021464,0.739130437374115
1052,13,2773925,0.739130437374115
1052,14,3575252,0.739130437374115
1052,15,5277606,0.739130437374115
1052,16,19475,0.695652186870575
1052,17,3715392,0.6521739363670349
1052,18,216150,0.6086956262588501
1052,19,1384120,0.6086956262588501
1052,20,1466917,0.3913043439388275
1052,21,1540236,0.3913043439388275
1052,22,2809709,0.3913043439388275
1052,23,3204327,0.3913043439388275
1052,24,3634639,0.3913043439388275
1052,25,4790821,0.3913043439388275
1052,26,3060926,0.3478260934352875
1052,27,3078186,0.3478260934352875
1052,28,4640799,0.3478260934352875
1052,29,2422333,0.30434781312942505
1052,30,2963845,0.30434781312942505
1052,31,2964424,0.30434781312942505
1052,32,826298,0.260869562625885
1052,33,2402163,0.260869562625885
1052,34,3349054,0.260869562625885
1052,35,963375,0.21739129722118378
1052,36,1357456,0.21739129722118378
1052,37,2534720,0.21739129722118378
1052,38,2809203,0.21739129722118378
1052,39,2814300,0.21739129722118378
1052,40,3046572,0.21739129722118378
1052,41,3165724,0.21739129722118378
1052,42,3272005,0.21739129722118378
1052,43,3275794,0.21739129722118378
1052,44,4110990,0.21739129722118378
1052,45,6231171,0.21739129722118378
1052,46,41335427,0.21739129722118378
1052,47,696,0.17391304671764374
1052,48,153313,0.17391304671764374
1052,49,347193,0.17391304671764374
1052,50,726205,0.17391304671764374
1052,51,887936,0.17391304671764374
1052,52,891820,0.17391304671764374
1052,53,891831,0.17391304671764374
1052,54,908211,0.17391304671764374
1052,55,948387,0.17391304671764374
1052,56,1093466,0.17391304671764374
1052,57,1137060,0.17391304671764374
1052,58,1140206,0.17391304671764374
1052,59,1149593,0.17391304671764374
1052,60,1164465,0.17391304671764374
1057,1,3078186,0.7692307829856873
1057,2,1540236,0.692307710647583
1057,3,3204327,0.6153846383094788
1057,4,3634639,0.5384615659713745
1057,5,1164465,0.4615384638309479
1057,6,1970226,0.4615384638309479
1057,7,2422333,0.4615384638309479
1057,8,2502879,0.4615384638309479
1057,9,2809203,0.4615384638309479
1057,10,2963218,0.4615384638309479
1057,11,3204877,0.4615384638309479
1057,12,41335427,0.4615384638309479
1057,13,113603,0.38461539149284363
1057,14,153313,0.38461539149284363
1057,15,209414,0.38461539149284363
1057,16,227172,0.38461539149284363
1057,17,250975,0.38461539149284363
1057,18,1011388,0.38461539149284363
1057,19,1137060,0.38461539149284363
1057,20,1383900,0.38461539149284363
1057,21,1466917,0.38461539149284363
1057,22,1708725,0.38461539149284363
1057,23,1877624,0.38461539149284363
1057,24,2402163,0.38461539149284363
1057,25,2964424,0.38461539149284363
1057,26,3272005,0.38461539149284363
1057,27,4110990,0.38461539149284363
1057,28,4640799,0.38461539149284363
1057,29,4733799,0.38461539149284363
1057,30,6231171,0.38461539149284363
1057,31,2183,0.3076923191547394
1057,32,245494,0.3076923191547394
1057,33,576222,0.3076923191547394
1057,34,803205,0.3076923191547394
1057,35,855288,0.3076923191547394
1057,36,856785,0.3076923191547394
1057,37,912988,0.3076923191547394
1057,38,948387,0.3076923191547394
1057,39,992628,0.3076923191547394
1057,40,1019062,0.3076923191547394
1057,41,1254936,0.3076923191547394
1057,42,1272463,0.3076923191547394
1057,43,1479280,0.3076923191547394
1057,44,1494222,0.3076923191547394
1057,45,1521838,0.3076923191547394
1057,46,2054834,0.3076923191547394
1057,47,2095852,0.3076923191547394
1057,48,2116675,0.3076923191547394
1057,49,2936175,0.3076923191547394
1057,50,2963845,0.3076923191547394
1057,51,2982101,0.3076923191547394
1057,52,3046572,0.3076923191547394
1057,53,3261241,0.3076923191547394
1057,54,3275794,0.3076923191547394
1057,55,3436605,0.3076923191547394
1057,56,3516480,0.3076923191547394
1057,57,3634570,0.3076923191547394
1057,58,4358649,0.3076923191547394
1057,59,6614452,0.3076923191547394
1057,60,6778696,0.3076923191547394
1058,1,1521838,0.9666666388511658
1058,2,1817640,0.8333333134651184
1058,3,2056682,0.7666666507720947
1058,4,803245,0.7333333492279053
1058,5,842164,0.7333333492279053
1058,6,1466917,0.6666666865348816
1058,7,1059,0.6333333253860474
1058,8,1540236,0.6333333253860474
1058,9,1817638,0.6333333253860474
1058,10,4640799,0.6333333253860474
1058,11,2183,0.6000000238418579
1058,12,128568,0.6000000238418579
1058,13,227172,0.6000000238418579
1058,14,576222,0.6000000238418579
1058,15,803205,0.6000000238418579
1058,16,912988,0.6000000238418579
1058,17,1254936,0.6000000238418579
1058,18,2054834,0.6000000238418579
1058,19,3204327,0.6000000238418579
1058,20,3516480,0.6000000238418579
1058,21,3634639,0.6000000238418579
1058,22,855288,0.5666666626930237
1058,23,1137060,0.5666666626930237
1058,24,6614452,0.5666666626930237
1058,25,6778696,0.5666666626930237
1058,26,1164465,0.5333333611488342
1058,27,2422333,0.5333333611488342
1058,28,2502879,0.5333333611488342
1058,29,3078186,0.5333333611488342
1058,30,3272005,0.5333333611488342
1058,31,6231171,0.5333333611488342
1058,32,2261682,0.5
1058,33,2502882,0.5
1058,34,2809203,0.5
1058,35,2963218,0.5
1058,36,3046572,0.5
1058,37,41335427,0.5
1058,38,1019062,0.46666666865348816
1058,39,1915001,0.46666666865348816
1058,40,2008238,0.46666666865348816
1058,41,2402163,0.46666666865348816
1058,42,8134945,0.46666666865348816
1058,43,66322,0.4333333373069763
1058,44,171715,0.4333333373069763
1058,45,1574475,0.4333333373069763
1058,46,6589794,0.4333333373069763
1058,47,6874180,0.4333333373069763
1058,48,12731936,0.4333333373069763
1058,49,17189468,0.4333333373069763
1058,50,153313,0.4000000059604645
1058,51,2116675,0.4000000059604645
1058,52,2793516,0.4000000059604645
1058,53,2964424,0.4000000059604645
1058,54,23811929,0.4000000059604645
1058,55,791061,0.36666667461395264
1058,56,4110990,0.36666667461395264
1058,57,6171458,0.36666667461395264
1058,58,128563,0.3333333432674408
1058,59,856785,0.3333333432674408
1058,60,1383900,0.3333333432674408
1059,1,842164,0.9130434989929199
1059,2,1521838,0.9130434989929199
1059,3,1058,0.8260869383811951
1059,4,128568,0.8260869383811951
1059,5,1817640,0.8260869383811951
1059,6,803245,0.782608687877655
1059,7,2056682,0.782608687877655
1059,8,1817638,0.739130437374115
1059,9,1915001,0.695652186870575
1059,10,2261682,0.695652186870575
1059,11,1466917,0.6521739363670349
1059,12,2183,0.6086956262588501
1059,13,227172,0.6086956262588501
1059,14,576222,0.6086956262588501
1059,15,803205,0.6086956262588501
1059,16,855288,0.6086956262588501
1059,17,912988,0.6086956262588501
1059,18,1137060,0.6086956262588501
1059,19,1254936,0.6086956262588501
1059,20,2054834,0.6086956262588501
1059,21,2502879,0.6086956262588501
1059,22,3516480,0.6086956262588501
1059,23,6874180,0.6086956262588501
1059,24,3204327,0.5652173757553101
1059,25,3272005,0.5652173757553101
1059,26,3634639,0.5652173757553101
1059,27,6614452,0.5652173757553101
1059,28,6778696,0.5652173757553101
1059,29,8134945,0.5652173757553101
1059,30,66322,0.52173912525177
1059,31,1164465,0.52173912525177
1059,32,2422333,0.52173912525177
1059,33,2502882,0.52173912525177
1059,34,4640799,0.52173912525177
1059,35,1019062,0.47826087474823
1059,36,1540236,0.47826087474823
1059,37,3046572,0.47826087474823
1059,38,3078186,0.47826087474823
1059,39,6231171,0.47826087474823
1059,40,17189468,0.47826087474823
1059,41,128565,0.43478259444236755
1059,42,171715,0.43478259444236755
1059,43,2116675,0.43478259444236755
1059,44,2402163,0.43478259444236755
1059,45,2809203,0.43478259444236755
1059,46,2930878,0.43478259444236755
1059,47,6502096,0.43478259444236755
1059,48,6589794,0.43478259444236755
1059,49,6614430,0.43478259444236755
1059,50,6614461,0.43478259444236755
1059,51,12731936,0.43478259444236755
1059,52,23811929,0.43478259444236755
1059,53,128563,0.3913043439388275
1059,54,856785,0.3913043439388275
1059,55,1380633,0.3913043439388275
1059,56,1381450,0.3913043439388275
1059,57,1574475,0.3913043439388275
1059,58,2008238,0.3913043439388275
1059,59,2120474,0.3913043439388275
1059,60,2793516,0.3913043439388275
1080,1,1540236,0.5384615659713745
1080,2,3204327,0.5384615659713745
1080,3,153313,0.5
1080,4,3078186,0.5
1080,5,2422333,0.4615384638309479
1080,6,1466917,0.38461539149284363
1080,7,1683562,0.38461539149284363
1080,8,3634639,0.38461539149284363
1080,9,1796026,0.3461538553237915
1080,10,2963845,0.3461538553237915
1080,11,3204877,0.3461538553237915
1080,12,4640799,0.3461538553237915
1080,13,40283,0.3076923191547394
1080,14,1164465,0.3076923191547394
1080,15,2180358,0.3076923191547394
1080,16,2192250,0.3076923191547394
1080,17,2207778,0.3076923191547394
1080,18,3272005,0.3076923191547394
1080,19,948387,0.26923078298568726
1080,20,1272463,0.26923078298568726
1080,21,1703483,0.26923078298568726
1080,22,1835605,0.26923078298568726
1080,23,2138852,0.26923078298568726
1080,24,2409320,0.26923078298568726
1080,25,2766512,0.26923078298568726
1080,26,2809203,0.26923078298568726
1080,27,2964424,0.26923078298568726
1080,28,2982101,0.26923078298568726
1080,29,3036731,0.26923078298568726
1080,30,3393917,0.26923078298568726
1080,31,4358649,0.26923078298568726
1080,32,41335427,0.26923078298568726
1080,33,74123,0.23076923191547394
1080,34,245494,0.23076923191547394
1080,35,265616,0.23076923191547394
1080,36,850076,0.23076923191547394
1080,37,1019062,0.23076923191547394
1080,38,1228437,0.23076923191547394
1080,39,1783981,0.23076923191547394
1080,40,2008238,0.23076923191547394
1080,41,2327777,0.23076923191547394
1080,42,2963218,0.23076923191547394
1080,43,3060926,0.23076923191547394
1080,44,3138328,0.23076923191547394
1080,45,3145587,0.23076923191547394
1080,46,3234863,0.23076923191547394
1080,47,3237312,0.23076923191547394
1080,48,3275794,0.23076923191547394
1080,49,3311984,0.23076923191547394
1080,50,6231171,0.23076923191547394
1080,51,18962767,0.23076923191547394
1080,52,21825181,0.23076923191547394
1080,53,23464,0.19230769574642181
1080,54,30518,0.19230769574642181
1080,55,150292,0.19230769574642181
1080,56,629317,0.19230769574642181
1080,57,791061,0.19230769574642181
1080,58,830939,0.19230769574642181
1080,59,882844,0.19230769574642181
1080,60,907243,0.19230769574642181
1096,1,3078186,0.7918552160263062
1096,2,1042123,0.6877828240394592
1096,3,1540236,0.5565611124038696
1096,4,1877624,0.5384615659713745
1096,5,4640799,0.48868778347969055
1096,6,74123,0.479638010263443
1096,7,4110990,0.4751131236553192
1096,8,1970226,0.44796380400657654
1096,9,3078120,0.4298642575740814
1096,10,3204327,0.4298642575740814
1096,11,2402163,0.4162895977497101
1096,12,3046572,0.39819005131721497
1096,13,153313,0.3936651647090912
1096,14,1466917,0.3936651647090912
1096,15,2792775,0.37556561827659607
1096,16,2963218,0.3665158450603485
1096,17,41335427,0.3665158450603485
1096,18,2422333,0.3484162986278534
1096,19,2809203,0.3438914120197296
1096,20,6231171,0.3438914120197296
1096,21,3275794,0.33936652541160583
1096,22,2842984,0.33484163880348206
1096,23,2207778,0.3303167521953583
1096,24,16534,0.31674209237098694
1096,25,992628,0.3076923191547394
1096,26,194190,0.3031674325466156
1096,27,1272463,0.2986425459384918
1096,28,135328,0.29411765933036804
1096,29,2219449,0.28959277272224426
1096,30,1683562,0.2805429995059967
1096,31,3634639,0.2760181128978729
1096,32,4790821,0.27149322628974915
1096,33,245494,0.26696833968162537
1096,34,3166179,0.26696833968162537
1096,35,1128601,0.2579185664653778
1096,36,1536771,0.24886877834796906
1096,37,3204877,0.24886877834796906
1096,38,2766512,0.24434389173984528
1096,39,3060926,0.24434389173984528
1096,40,3272005,0.24434389173984528
1096,41,1007964,0.2398190051317215
1096,42,1857065,0.2398190051317215
1096,43,2963845,0.2398190051317215
1096,44,21500681,0.2398190051317215
1096,45,1164465,0.23529411852359772
1096,46,3036731,0.23529411852359772
1096,47,1636629,0.23076923191547394
1096,48,2834844,0.23076923191547394
1096,49,1119185,0.22624434530735016
1096,50,2964424,0.22624434530735016
1096,51,3462456,0.22624434530735016
1096,52,4358649,0.22171945869922638
1096,53,1636617,0.2171945720911026
1096,54,1712283,0.2171945720911026
1096,55,21825181,0.2171945720911026
1096,56,40283,0.21266968548297882
1096,57,1858012,0.21266968548297882
1096,58,2977639,0.21266968548297882
1096,59,6171458,0.21266968548297882
1096,60,583655,0.20814479887485504
1132,1,987048,0.7058823704719543
1132,2,30518,0.6470588445663452
1132,3,2792775,0.6470588445663452
1132,4,4640799,0.6470588445663452
1132,5,2402163,0.529411792755127
1132,6,2677305,0.529411792755127
1132,7,2963218,0.529411792755127
1132,8,3020535,0.529411792755127
1132,9,3046572,0.529411792755127
1132,10,6231171,0.529411792755127
1132,11,16827462,0.529411792755127
1132,12,30530,0.47058823704719543
1132,13,120878,0.47058823704719543
1132,14,267076,0.47058823704719543
1132,15,1015554,0.47058823704719543
1132,16,2666907,0.47058823704719543
1132,17,6171458,0.47058823704719543
1132,18,41335427,0.47058823704719543
1132,19,86934,0.4117647111415863
1132,20,142009,0.4117647111415863
1132,21,561754,0.4117647111415863
1132,22,1285373,0.4117647111415863
1132,23,2765786,0.4117647111415863
1132,24,2809203,0.4117647111415863
1132,25,3132746,0.4117647111415863
1132,26,3532896,0.4117647111415863
1132,27,4790821,0.4117647111415863
1132,28,13155899,0.4117647111415863
1132,29,118521,0.3529411852359772
1132,30,261903,0.3529411852359772
1132,31,888927,0.3529411852359772
1132,32,933852,0.3529411852359772
1132,33,1200805,0.3529411852359772
1132,34,1225592,0.3529411852359772
1132,35,1284999,0.3529411852359772
1132,36,1384549,0.3529411852359772
1132,37,1679789,0.3529411852359772
1132,38,2318048,0.3529411852359772
1132,39,2982101,0.3529411852359772
1132,40,3346751,0.3529411852359772
1132,41,16319487,0.3529411852359772
1132,42,115,0.29411765933036804
1132,43,86428,0.29411765933036804
1132,44,103828,0.29411765933036804
1132,45,105046,0.29411765933036804
1132,46,142568,0.29411765933036804
1132,47,245494,0.29411765933036804
1132,48,267087,0.29411765933036804
1132,49,277308,0.29411765933036804
1132,50,781271,0.29411765933036804
1132,51,824446,0.29411765933036804
1132,52,878368,0.29411765933036804
1132,53,886002,0.29411765933036804
1132,54,954532,0.29411765933036804
1132,55,1024673,0.29411765933036804
1132,56,1045364,0.29411765933036804
1132,57,1086647,0.29411765933036804
1132,58,1086867,0.29411765933036804
1132,59,1231880,0.29411765933036804
1132,60,1313599,0.29411765933036804
1140,1,3275794,0.6282051205635071
1140,2,245494,0.5769230723381042
1140,3,4640799,0.4871794879436493
1140,4,3060926,0.44871795177459717
1140,5,2792775,0.43589743971824646
1140,6,153313,0.42307692766189575
1140,7,30518,0.38461539149284363
1140,8,40283,0.38461539149284363
1140,9,3036731,0.38461539149284363
1140,10,2207778,0.3717948794364929
1140,11,1272463,0.3589743673801422
1140,12,2402163,0.3589743673801422
1140,13,3349450,0.3589743673801422
1140,14,1683562,0.3333333432674408
1140,15,1540236,0.3205128312110901
1140,16,1896522,0.3205128312110901
1140,17,2977639,0.3205128312110901
1140,18,3046572,0.3205128312110901
1140,19,6231171,0.3205128312110901
1140,20,30530,0.3076923191547394
1140,21,3295919,0.3076923191547394
1140,22,3532896,0.3076923191547394
1140,23,41335427,0.3076923191547394
1140,24,1885548,0.29487180709838867
1140,25,2766512,0.29487180709838867
1140,26,2963218,0.29487180709838867
1140,27,142009,0.28205129504203796
1140,28,1119185,0.28205129504203796
1140,29,1565818,0.28205129504203796
1140,30,2543234,0.28205129504203796
1140,31,3204877,0.28205129504203796
1140,32,1385044,0.26923078298568726
1140,33,1392700,0.26923078298568726
1140,34,1835605,0.26923078298568726
1140,35,2809203,0.26923078298568726
1140,36,6171458,0.26923078298568726
1140,37,1443553,0.25641027092933655
1140,38,1970226,0.25641027092933655
1140,39,3020535,0.25641027092933655
1140,40,878368,0.24358974397182465
1140,41,948387,0.24358974397182465
1140,42,1015554,0.24358974397182465
1140,43,1268631,0.24358974397182465
1140,44,2180358,0.24358974397182465
1140,45,3078186,0.24358974397182465
1140,46,4836639,0.24358974397182465
1140,47,16827462,0.24358974397182465
1140,48,4259809,0.23076923191547394
1140,49,4840290,0.23076923191547394
1140,50,41326609,0.23076923191547394
1140,51,265616,0.21794871985912323
1140,52,987048,0.21794871985912323
1140,53,1558965,0.21794871985912323
1140,54,1858012,0.21794871985912323
1140,55,2236198,0.21794871985912323
1140,56,3295655,0.21794871985912323
1140,57,3324344,0.21794871985912323
1140,58,4717423,0.21794871985912323
1140,59,15306654,0.21794871985912323
1140,60,68729,0.20512820780277252
1142,1,3275794,0.6145833134651184
1142,2,2792775,0.5520833134651184
1142,3,153313,0.53125
1142,4,1119185,0.4583333432674408
1142,5,1272463,0.4479166567325592
1142,6,2207778,0.4479166567325592
1142,7,4640799,0.4375
1142,8,3060926,0.4166666567325592
1142,9,1540236,0.40625
1142,10,3078186,0.40625
1142,11,3204327,0.40625
1142,12,3204877,0.40625
1142,13,1708725,0.3854166567325592
1142,14,6171458,0.375
1142,15,2422333,0.3645833432674408
1142,16,2963218,0.3645833432674408
1142,17,8812783,0.3541666567325592
1142,18,245494,0.34375
1142,19,1683562,0.34375
1142,20,2402163,0.34375
1142,21,2766512,0.3333333432674408
1142,22,40283,0.3229166567325592
1142,23,1466917,0.3229166567325592
1142,24,3355573,0.3229166567325592
1142,25,1970226,0.3125
1142,26,2153746,0.3125
1142,27,3532896,0.3125
1142,28,41335427,0.3125
1142,29,817,0.3020833432674408
1142,30,2977639,0.3020833432674408
1142,31,3036731,0.3020833432674408
1142,32,3046572,0.3020833432674408
1142,33,3295919,0.3020833432674408
1142,34,4790821,0.3020833432674408
1142,35,2543234,0.2916666567325592
1142,36,2809203,0.2916666567325592
1142,37,21825181,0.2916666567325592
1142,38,1536771,0.28125
1142,39,3349450,0.28125
1142,40,4259809,0.28125
1142,41,849585,0.2708333432674408
1142,42,1742269,0.2708333432674408
1142,43,23596,0.2604166567325592
1142,44,46663,0.2604166567325592
1142,45,2307233,0.2604166567325592
1142,46,4717423,0.2604166567325592
1142,47,830939,0.25
1142,48,878368,0.25
1142,49,992628,0.25
1142,50,1392700,0.25
1142,51,1858012,0.25
1142,52,2963845,0.25
1142,53,4836639,0.25
1142,54,13306276,0.25
1142,55,21500681,0.25
1142,56,1499998,0.2395833283662796
1142,57,2219449,0.2395833283662796
1142,58,2964424,0.2395833283662796
1142,59,3143431,0.2395833283662796
1142,60,3186437,0.2395833283662796
1154,1,2792775,0.7368420958518982
1154,2,2402163,0.5789473652839661
1154,3,2543234,0.5789473652839661
1154,4,3046572,0.5789473652839661
1154,5,3275794,0.5789473652839661
1154,6,4640799,0.5789473652839661
1154,7,2963218,0.5263158082962036
1154,8,41335427,0.5263158082962036
1154,9,2422333,0.4736842215061188
1154,10,6171458,0.4736842215061188
1154,11,6231171,0.4736842215061188
1154,12,30530,0.42105263471603394
1154,13,153313,0.42105263471603394
1154,14,1426690,0.42105263471603394
1154,15,1679789,0.42105263471603394
1154,16,2677305,0.42105263471603394
1154,17,2809203,0.42105263471603394
1154,18,13155899,0.42105263471603394
1154,19,30518,0.3684210479259491
1154,20,40283,0.3684210479259491
1154,21,245494,0.3684210479259491
1154,22,878368,0.3684210479259491
1154,23,1540236,0.3684210479259491
1154,24,948387,0.31578946113586426
1154,25,987048,0.31578946113586426
1154,26,1272463,0.31578946113586426
1154,27,1575860,0.31578946113586426
1154,28,1835605,0.31578946113586426
1154,29,2977639,0.31578946113586426
1154,30,3020535,0.31578946113586426
1154,31,3060926,0.31578946113586426
1154,32,3204327,0.31578946113586426
1154,33,3204877,0.31578946113586426
1154,34,3244642,0.31578946113586426
1154,35,3346751,0.31578946113586426
1154,36,3443248,0.31578946113586426
1154,37,3532896,0.31578946113586426
1154,38,8812783,0.31578946113586426
1154,39,16827462,0.31578946113586426
1154,40,17225055,0.31578946113586426
1154,41,48658,0.2631579041481018
1154,42,118521,0.2631579041481018
1154,43,120878,0.2631579041481018
1154,44,261903,0.2631579041481018
1154,45,829330,0.2631579041481018
1154,46,919292,0.2631579041481018
1154,47,1015554,0.2631579041481018
1154,48,1145090,0.2631579041481018
1154,49,1158125,0.2631579041481018
1154,50,1237212,0.2631579041481018
1154,51,1685656,0.2631579041481018
1154,52,1993854,0.2631579041481018
1154,53,2237401,0.2631579041481018
1154,54,2267189,0.2631579041481018
1154,55,3078186,0.2631579041481018
1154,56,3155307,0.2631579041481018
1154,57,3203964,0.2631579041481018
1154,58,3212258,0.2631579041481018
1154,59,3264295,0.2631579041481018
1154,60,3275013,0.2631579041481018
1308,1,153313,0.6428571343421936
1308,2,2207778,0.5714285969734192
1308,3,3078186,0.5714285969734192
1308,4,1272463,0.5
1308,5,1540236,0.4285714328289032
1308,6,2305997,0.4285714328289032
1308,7,2422333,0.4285714328289032
1308,8,3275794,0.4285714328289032
1308,9,3364437,0.4285714328289032
1308,10,3634639,0.4285714328289032
1308,11,21825181,0.4285714328289032
1308,12,74123,0.3571428656578064
1308,13,1392700,0.3571428656578064
1308,14,1683562,0.3571428656578064
1308,15,1877624,0.3571428656578064
1308,16,1885548,0.3571428656578064
1308,17,1896522,0.3571428656578064
1308,18,2124255,0.3571428656578064
1308,19,2180358,0.3571428656578064
1308,20,2956372,0.3571428656578064
1308,21,2963845,0.3571428656578064
1308,22,3078120,0.3571428656578064
1308,23,3200649,0.3571428656578064
1308,24,3204327,0.3571428656578064
1308,25,3204877,0.3571428656578064
1308,26,3252320,0.3571428656578064
1308,27,3293141,0.3571428656578064
1308,28,3349450,0.3571428656578064
1308,29,4836639,0.3571428656578064
1308,30,4840290,0.3571428656578064
1308,31,5397,0.2857142984867096
1308,32,6277,0.2857142984867096
1308,33,33496,0.2857142984867096
1308,34,40283,0.2857142984867096
1308,35,69741,0.2857142984867096
1308,36,100074,0.2857142984867096
1308,37,245494,0.2857142984867096
1308,38,830939,0.2857142984867096
1308,39,882844,0.2857142984867096
1308,40,985244,0.2857142984867096
1308,41,1357456,0.2857142984867096
1308,42,1625515,0.2857142984867096
1308,43,1742269,0.2857142984867096
1308,44,1796026,0.2857142984867096
1308,45,1970226,0.2857142984867096
1308,46,2138852,0.2857142984867096
1308,47,2192250,0.2857142984867096
1308,48,2370171,0.2857142984867096
1308,49,2543234,0.2857142984867096
1308,50,2766512,0.2857142984867096
1308,51,2792775,0.2857142984867096
1308,52,2842984,0.2857142984867096
1308,53,2964424,0.2857142984867096
1308,54,2982101,0.2857142984867096
1308,55,3060926,0.2857142984867096
1308,56,3295919,0.2857142984867096
1308,57,3356006,0.2857142984867096
1308,58,4636013,0.2857142984867096
1308,59,4790821,0.2857142984867096
1308,60,13387396,0.2857142984867096
1311,1,153313,0.6111111044883728
1311,2,3324344,0.4722222089767456
1311,3,3036731,0.4444444477558136
1311,4,3275794,0.4166666567325592
1311,5,40283,0.3611111044883728
1311,6,245494,0.3611111044883728
1311,7,1858012,0.3611111044883728
1311,8,2207778,0.3611111044883728
1311,9,2373750,0.3611111044883728
1311,10,3204877,0.3611111044883728
1311,11,1272463,0.3333333432674408
1311,12,2977639,0.3333333432674408
1311,13,3393917,0.3333333432674408
1311,14,69741,0.3055555522441864
1311,15,1885548,0.3055555522441864
1311,16,3349450,0.3055555522441864
1311,17,3393910,0.3055555522441864
1311,18,1625515,0.2777777910232544
1311,19,2409320,0.2777777910232544
1311,20,3060926,0.2777777910232544
1311,21,3356006,0.2777777910232544
1311,22,3462456,0.2777777910232544
1311,23,23596,0.25
1311,24,1565818,0.25
1311,25,2180358,0.25
1311,26,2361393,0.25
1311,27,2377563,0.25
1311,28,2766512,0.25
1311,29,2833018,0.25
1311,30,3138328,0.25
1311,31,3204327,0.25
1311,32,3295655,0.25
1311,33,3532896,0.25
1311,34,4836639,0.25
1311,35,31010,0.2222222238779068
1311,36,1268631,0.2222222238779068
1311,37,2507928,0.2222222238779068
1311,38,2877220,0.2222222238779068
1311,39,2931549,0.2222222238779068
1311,40,4840290,0.2222222238779068
1311,41,6191072,0.2222222238779068
1311,42,28117,0.1944444477558136
1311,43,100074,0.1944444477558136
1311,44,121842,0.1944444477558136
1311,45,196327,0.1944444477558136
1311,46,995103,0.1944444477558136
1311,47,1466917,0.1944444477558136
1311,48,1540236,0.1944444477558136
1311,49,1683562,0.1944444477558136
1311,50,1835605,0.1944444477558136
1311,51,1896522,0.1944444477558136
1311,52,2100252,0.1944444477558136
1311,53,2766347,0.1944444477558136
1311,54,3295919,0.1944444477558136
1311,55,4259809,0.1944444477558136
1311,56,4432325,0.1944444477558136
1311,57,4489585,0.1944444477558136
1311,58,300449,0.1666666716337204
1311,59,809248,0.1666666716337204
1311,60,814330,0.1666666716337204
1313,1,2920952,0.7241379022598267
1313,2,4790821,0.6206896305084229
1313,3,801500,0.5517241358757019
1313,4,203894,0.517241358757019
1313,5,1215780,0.517241358757019
1313,6,1540236,0.517241358757019
1313,7,1960084,0.4137931168079376
1313,8,781271,0.37931033968925476
1313,9,3275794,0.37931033968925476
1313,10,1835605,0.3448275923728943
1313,11,2207778,0.3448275923728943
1313,12,3204327,0.3103448152542114
1313,13,4640799,0.3103448152542114
1313,14,894384,0.27586206793785095
1313,15,1031537,0.27586206793785095
1313,16,2072983,0.27586206793785095
1313,17,2133549,0.27586206793785095
1313,18,2402163,0.27586206793785095
1313,19,2963218,0.27586206793785095
1313,20,3046572,0.27586206793785095
1313,21,3060926,0.27586206793785095
1313,22,3349054,0.27586206793785095
1313,23,41326609,0.27586206793785095
1313,24,10352,0.24137930572032928
1313,25,252777,0.24137930572032928
1313,26,526775,0.24137930572032928
1313,27,878114,0.24137930572032928
1313,28,879622,0.24137930572032928
1313,29,1629232,0.24137930572032928
1313,30,1885548,0.24137930572032928
1313,31,2543234,0.24137930572032928
1313,32,2612809,0.24137930572032928
1313,33,2766512,0.24137930572032928
1313,34,2792775,0.24137930572032928
1313,35,2964424,0.24137930572032928
1313,36,2976220,0.24137930572032928
1313,37,3239458,0.24137930572032928
1313,38,3349450,0.24137930572032928
1313,39,6231171,0.24137930572032928
1313,40,14816053,0.24137930572032928
1313,41,41335427,0.24137930572032928
1313,42,40283,0.2068965584039688
1313,43,168889,0.2068965584039688
1313,44,276686,0.2068965584039688
1313,45,877675,0.2068965584039688
1313,46,1031493,0.2068965584039688
1313,47,1807543,0.2068965584039688
1313,48,2306323,0.2068965584039688
1313,49,2422333,0.2068965584039688
1313,50,2723088,0.2068965584039688
1313,51,2809203,0.2068965584039688
1313,52,3016652,0.2068965584039688
1313,53,3036731,0.2068965584039688
1313,54,3208463,0.2068965584039688
1313,55,3271379,0.2068965584039688
1313,56,3294501,0.2068965584039688
1313,57,3358283,0.2068965584039688
1313,58,6801520,0.2068965584039688
1313,59,6500,0.17241379618644714
1313,60,69741,0.17241379618644714
1315,1,153313,0.53125
1315,2,4358649,0.515625
1315,3,2207778,0.5
1315,4,3036731,0.453125
1315,5,3078186,0.421875
1315,6,1683562,0.40625
1315,7,1540236,0.390625
1315,8,1947012,0.390625
1315,9,3303888,0.375
1315,10,1268631,0.34375
1315,11,2766512,0.34375
1315,12,3275794,0.34375
1315,13,1658562,0.328125
1315,14,781193,0.3125
1315,15,1272463,0.3125
1315,16,3204877,0.3125
1315,17,40283,0.296875
1315,18,392838,0.296875
1315,19,2283546,0.296875
1315,20,2415847,0.296875
1315,21,43003,0.28125
1315,22,245494,0.28125
1315,23,1104159,0.28125
1315,24,23596,0.265625
1315,25,1119185,0.265625
1315,26,4640799,0.265625
1315,27,68729,0.25
1315,28,551787,0.25
1315,29,1466917,0.25
1315,30,1621115,0.25
1315,31,2373750,0.234375
1315,32,2402163,0.234375
1315,33,2422333,0.234375
1315,34,2977639,0.234375
1315,35,3046572,0.234375
1315,36,3324344,0.234375
1315,37,3349450,0.234375
1315,38,6127168,0.234375
1315,39,814330,0.21875
1315,40,1970226,0.21875
1315,41,2501570,0.21875
1315,42,2792775,0.21875
1315,43,3020535,0.21875
1315,44,3295655,0.21875
1315,45,3355573,0.21875
1315,46,3356006,0.21875
1315,47,3634639,0.21875
1315,48,4117200,0.21875
1315,49,13344769,0.21875
1315,50,30518,0.203125
1315,51,327422,0.203125
1315,52,849585,0.203125
1315,53,911368,0.203125
1315,54,1030767,0.203125
1315,55,1782551,0.203125
1315,56,2180358,0.203125
1315,57,2693329,0.203125
1315,58,4259809,0.203125
1315,59,4836639,0.203125
1315,60,19113524,0.203125
1351,1,1352,0.800000011920929
1351,2,3275794,0.800000011920929
1351,3,153313,0.699999988079071
1351,4,2207778,0.699999988079071
1351,5,2766512,0.699999988079071
1351,6,3036731,0.699999988079071
1351,7,40283,0.6000000238418579
1351,8,245494,0.6000000238418579
1351,9,3060926,0.6000000238418579
1351,10,3078186,0.6000000238418579
1351,11,1272463,0.5
1351,12,1540236,0.5
1351,13,1558965,0.5
1351,14,1628566,0.5
1351,15,1871423,0.5
1351,16,2994820,0.5
1351,17,3204327,0.5
1351,18,3295919,0.5
1351,19,4259809,0.5
1351,20,4640799,0.5
1351,21,30530,0.4000000059604645
1351,22,603433,0.4000000059604645
1351,23,810663,0.4000000059604645
1351,24,1119185,0.4000000059604645
1351,25,1536771,0.4000000059604645
1351,26,1993810,0.4000000059604645
1351,27,2138852,0.4000000059604645
1351,28,2612809,0.4000000059604645
1351,29,2662852,0.4000000059604645
1351,30,2754161,0.4000000059604645
1351,31,2809709,0.4000000059604645
1351,32,2956372,0.4000000059604645
1351,33,3244642,0.4000000059604645
1351,34,3246409,0.4000000059604645
1351,35,3349450,0.4000000059604645
1351,36,3462456,0.4000000059604645
1351,37,3634639,0.4000000059604645
1351,38,4717423,0.4000000059604645
1351,39,25491300,0.4000000059604645
1351,40,23684,0.30000001192092896
1351,41,69741,0.30000001192092896
1351,42,113603,0.30000001192092896
1351,43,221359,0.30000001192092896
1351,44,310090,0.30000001192092896
1351,45,814330,0.30000001192092896
1351,46,968084,0.30000001192092896
1351,47,987048,0.30000001192092896
1351,48,997271,0.30000001192092896
1351,49,1019062,0.30000001192092896
1351,50,1028204,0.30000001192092896
1351,51,1030767,0.30000001192092896
1351,52,1140206,0.30000001192092896
1351,53,1164465,0.30000001192092896
1351,54,1268631,0.30000001192092896
1351,55,1336027,0.30000001192092896
1351,56,1352495,0.30000001192092896
1351,57,1357456,0.30000001192092896
1351,58,1358908,0.30000001192092896
1351,59,1385044,0.30000001192092896
1351,60,1466917,0.30000001192092896
1352,1,3275794,0.5862069129943848
1352,2,2766512,0.517241358757019
1352,3,153313,0.48275861144065857
1352,4,3036731,0.48275861144065857
1352,5,4259809,0.48275861144065857
1352,6,245494,0.4482758641242981
1352,7,2207778,0.4482758641242981
1352,8,40283,0.4137931168079376
1352,9,3060926,0.4137931168079376
1352,10,3078186,0.4137931168079376
1352,11,2100252,0.37931033968925476
1352,12,2153746,0.37931033968925476
1352,13,2994820,0.37931033968925476
1352,14,4640799,0.37931033968925476
1352,15,1272463,0.3448275923728943
1352,16,1540236,0.3448275923728943
1352,17,1683562,0.3448275923728943
1352,18,1970226,0.3448275923728943
1352,19,3204877,0.3448275923728943
1352,20,3295919,0.3448275923728943
1352,21,603433,0.3103448152542114
1352,22,2956372,0.3103448152542114
1352,23,3138328,0.3103448152542114
1352,24,3165724,0.3103448152542114
1352,25,3204327,0.3103448152542114
1352,26,3532896,0.3103448152542114
1352,27,1351,0.27586206793785095
1352,28,1357456,0.27586206793785095
1352,29,1466917,0.27586206793785095
1352,30,1536771,0.27586206793785095
1352,31,1701188,0.27586206793785095
1352,32,1871423,0.27586206793785095
1352,33,2402163,0.27586206793785095
1352,34,2422333,0.27586206793785095
1352,35,2574991,0.27586206793785095
1352,36,2809709,0.27586206793785095
1352,37,2931549,0.27586206793785095
1352,38,3048937,0.27586206793785095
1352,39,4717423,0.27586206793785095
1352,40,41326609,0.27586206793785095
1352,41,266624,0.24137930572032928
1352,42,814330,0.24137930572032928
1352,43,859342,0.24137930572032928
1352,44,1030767,0.24137930572032928
1352,45,1119185,0.24137930572032928
1352,46,1336027,0.24137930572032928
1352,47,1352495,0.24137930572032928
1352,48,1385044,0.24137930572032928
1352,49,1426690,0.24137930572032928
1352,50,1558965,0.24137930572032928
1352,51,1708725,0.24137930572032928
1352,52,1734019,0.24137930572032928
1352,53,1835605,0.24137930572032928
1352,54,2531376,0.24137930572032928
1352,55,2612809,0.24137930572032928
1352,56,2792775,0.24137930572032928
1352,57,2963845,0.24137930572032928
1352,58,2977639,0.24137930572032928
1352,59,3246409,0.24137930572032928
1352,60,3272005,0.24137930572032928
1384,1,2402163,0.5357142686843872
1384,2,2792775,0.5
1384,3,3275794,0.5
1384,4,3078186,0.4642857015132904
1384,5,6231171,0.4642857015132904
1384,6,153313,0.4285714328289032
1384,7,1119185,0.4285714328289032
1384,8,1536771,0.4285714328289032
1384,9,1540236,0.4285714328289032
1384,10,2963218,0.4285714328289032
1384,11,3046572,0.4285714328289032
1384,12,3204877,0.4285714328289032
1384,13,4640799,0.4285714328289032
1384,14,6171458,0.4285714328289032
1384,15,1466917,0.3928571343421936
1384,16,1970226,0.3928571343421936
1384,17,41335427,0.3928571343421936
1384,18,245494,0.3571428656578064
1384,19,1708725,0.3571428656578064
1384,20,2809203,0.3571428656578064
1384,21,3060926,0.3571428656578064
1384,22,3204327,0.3571428656578064
1384,23,23596,0.3214285671710968
1384,24,1015554,0.3214285671710968
1384,25,1164465,0.3214285671710968
1384,26,1272463,0.3214285671710968
1384,27,1392700,0.3214285671710968
1384,28,1499998,0.3214285671710968
1384,29,1683562,0.3214285671710968
1384,30,1858012,0.3214285671710968
1384,31,1885548,0.3214285671710968
1384,32,2207778,0.3214285671710968
1384,33,2977639,0.3214285671710968
1384,34,3349450,0.3214285671710968
1384,35,4717423,0.3214285671710968
1384,36,16827462,0.3214285671710968
1384,37,21825181,0.3214285671710968
1384,38,22002305,0.3214285671710968
1384,39,649216,0.2857142984867096
1384,40,878368,0.2857142984867096
1384,41,1871423,0.2857142984867096
1384,42,2153746,0.2857142984867096
1384,43,3007490,0.2857142984867096
1384,44,3185154,0.2857142984867096
1384,45,3186437,0.2857142984867096
1384,46,3272005,0.2857142984867096
1384,47,3295655,0.2857142984867096
1384,48,3462456,0.2857142984867096
1384,49,4259809,0.2857142984867096
1384,50,4790821,0.2857142984867096
1384,51,8812783,0.2857142984867096
1384,52,13306276,0.2857142984867096
1384,53,14863741,0.2857142984867096
1384,54,40283,0.25
1384,55,221359,0.25
1384,56,814330,0.25
1384,57,882844,0.25
1384,58,1055077,0.25
1384,59,1385044,0.25
1384,60,1857065,0.25
1413,1,1540236,0.7027027010917664
1413,2,2422333,0.6216216087341309
1413,3,3078186,0.6216216087341309
1413,4,1970226,0.5675675868988037
1413,5,3634639,0.5675675868988037
1413,6,939584,0.5405405163764954
1413,7,1466917,0.5135135054588318
1413,8,4110990,0.5135135054588318
1413,9,4640799,0.5135135054588318
1413,10,153313,0.4864864945411682
1413,11,2792775,0.45945945382118225
1413,12,16534,0.4324324429035187
1413,13,3046572,0.4324324429035187
1413,14,3204327,0.4324324429035187
1413,15,41335427,0.4324324429035187
1413,16,493634,0.4054054021835327
1413,17,1683562,0.4054054021835327
1413,18,2207778,0.4054054021835327
1413,19,2219449,0.4054054021835327
1413,20,2809203,0.4054054021835327
1413,21,1272463,0.37837839126586914
1413,22,1796026,0.37837839126586914
1413,23,2402163,0.37837839126586914
1413,24,4358649,0.37837839126586914
1413,25,14863741,0.37837839126586914
1413,26,817,0.3513513505458832
1413,27,50700,0.3513513505458832
1413,28,909457,0.3513513505458832
1413,29,1164465,0.3513513505458832
1413,30,1166797,0.3513513505458832
1413,31,423,0.3243243098258972
1413,32,1383900,0.3243243098258972
1413,33,1536771,0.3243243098258972
1413,34,2963218,0.3243243098258972
1413,35,21825181,0.3243243098258972
1413,36,46575,0.29729729890823364
1413,37,74123,0.29729729890823364
1413,38,908211,0.29729729890823364
1413,39,1783981,0.29729729890823364
1413,40,1877624,0.29729729890823364
1413,41,2502879,0.29729729890823364
1413,42,2534973,0.29729729890823364
1413,43,2964424,0.29729729890823364
1413,44,3272005,0.29729729890823364
1413,45,3275794,0.29729729890823364
1413,46,6163095,0.29729729890823364
1413,47,6231171,0.29729729890823364
1413,48,245494,0.2702702581882477
1413,49,1007964,0.2702702581882477
1413,50,1119185,0.2702702581882477
1413,51,1636629,0.2702702581882477
1413,52,2008238,0.2702702581882477
1413,53,2936175,0.2702702581882477
1413,54,2963845,0.2702702581882477
1413,55,3036731,0.2702702581882477
1413,56,3204877,0.2702702581882477
1413,57,6171458,0.2702702581882477
1413,58,194190,0.2432432472705841
1413,59,830939,0.2432432472705841
1413,60,992628,0.2432432472705841
1417,1,4640799,0.529411792755127
1417,2,245494,0.47058823704719543
1417,3,2809203,0.47058823704719543
1417,4,3046572,0.47058823704719543
1417,5,6231171,0.47058823704719543
1417,6,2402163,0.44117647409439087
1417,7,2792775,0.44117647409439087
1417,8,2963218,0.44117647409439087
1417,9,41335427,0.4117647111415863
1417,10,3275794,0.38235294818878174
1417,11,14302659,0.38235294818878174
1417,12,2207778,0.3529411852359772
1417,13,3036731,0.3529411852359772
1417,14,30518,0.3235294222831726
1417,15,1466917,0.3235294222831726
1417,16,13306276,0.3235294222831726
1417,17,3078186,0.29411765933036804
1417,18,3315115,0.29411765933036804
1417,19,6171458,0.29411765933036804
1417,20,15237902,0.29411765933036804
1417,21,86934,0.2647058963775635
1417,22,153313,0.2647058963775635
1417,23,878368,0.2647058963775635
1417,24,1540236,0.2647058963775635
1417,25,1683562,0.2647058963775635
1417,26,1708725,0.2647058963775635
1417,27,3020535,0.2647058963775635
1417,28,3204327,0.2647058963775635
1417,29,3204877,0.2647058963775635
1417,30,12883496,0.2647058963775635
1417,31,40283,0.23529411852359772
1417,32,150292,0.23529411852359772
1417,33,3060926,0.23529411852359772
1417,34,3532896,0.23529411852359772
1417,35,6596168,0.23529411852359772
1417,36,6976108,0.23529411852359772
1417,37,8812783,0.23529411852359772
1417,38,41107568,0.23529411852359772
1417,39,135328,0.20588235557079315
1417,40,829330,0.20588235557079315
1417,41,849585,0.20588235557079315
1417,42,1621115,0.20588235557079315
1417,43,1885548,0.20588235557079315
1417,44,1970226,0.20588235557079315
1417,45,2153746,0.20588235557079315
1417,46,2422333,0.20588235557079315
1417,47,2543234,0.20588235557079315
1417,48,3272005,0.20588235557079315
1417,49,3324344,0.20588235557079315
1417,50,3349450,0.20588235557079315
1417,51,3441236,0.20588235557079315
1417,52,4717423,0.20588235557079315
1417,53,14863741,0.20588235557079315
1417,54,15553789,0.20588235557079315
1417,55,21500681,0.20588235557079315
1417,56,40098620,0.20588235557079315
1417,57,817,0.1764705926179886
1417,58,150259,0.1764705926179886
1417,59,265616,0.1764705926179886
1417,60,1119185,0.1764705926179886
1418,1,1540236,0.692307710647583
1418,2,3204327,0.692307710647583
1418,3,1774048,0.6153846383094788
1418,4,320700,0.5384615659713745
1418,5,1129624,0.5384615659713745
1418,6,1933207,0.5384615659713745
1418,7,2792098,0.5384615659713745
1418,8,2816562,0.5384615659713745
1418,9,2964424,0.5384615659713745
1418,10,3462456,0.5384615659713745
1418,11,33551,0.4615384638309479
1418,12,813976,0.4615384638309479
1418,13,908211,0.4615384638309479
1418,14,1129587,0.4615384638309479
1418,15,1272463,0.4615384638309479
1418,16,1387380,0.4615384638309479
1418,17,1685458,0.4615384638309479
1418,18,2816507,0.4615384638309479
1418,19,2963845,0.4615384638309479
1418,20,3056448,0.4615384638309479
1418,21,4636013,0.4615384638309479
1418,22,4640799,0.4615384638309479
1418,23,21825181,0.4615384638309479
1418,24,50700,0.38461539149284363
1418,25,153313,0.38461539149284363
1418,26,1112006,0.38461539149284363
1418,27,1129588,0.38461539149284363
1418,28,1129591,0.38461539149284363
1418,29,1129602,0.38461539149284363
1418,30,1203987,0.38461539149284363
1418,31,1466917,0.38461539149284363
1418,32,1970226,0.38461539149284363
1418,33,2207778,0.38461539149284363
1418,34,2422333,0.38461539149284363
1418,35,2809203,0.38461539149284363
1418,36,2881352,0.38461539149284363
1418,37,2920952,0.38461539149284363
1418,38,2963218,0.38461539149284363
1418,39,3275794,0.38461539149284363
1418,40,41335427,0.38461539149284363
1418,41,150017,0.3076923191547394
1418,42,150292,0.3076923191547394
1418,43,208362,0.3076923191547394
1418,44,801500,0.3076923191547394
1418,45,1048525,0.3076923191547394
1418,46,1137060,0.3076923191547394
1418,47,1791151,0.3076923191547394
1418,48,1796026,0.3076923191547394
1418,49,2402163,0.3076923191547394
1418,50,2454497,0.3076923191547394
1418,51,2534973,0.3076923191547394
1418,52,2745957,0.3076923191547394
1418,53,3046572,0.3076923191547394
1418,54,3048937,0.3076923191547394
1418,55,3056443,0.3076923191547394
1418,56,3078186,0.3076923191547394
1418,57,3234863,0.3076923191547394
1418,58,3272005,0.3076923191547394
1418,59,3376836,0.3076923191547394
1418,60,4733799,0.3076923191547394
1439,1,1871423,0.738095223903656
1439,2,1094555,0.6190476417541504
1439,3,1119185,0.5952380895614624
1439,4,153313,0.5476190447807312
1439,5,1392700,0.523809552192688
1439,6,3143431,0.5
1439,7,3275794,0.4761904776096344
1439,8,2792775,0.4523809552192688
1439,9,26959610,0.4523809552192688
1439,10,245494,0.4285714328289032
1439,11,2207778,0.4285714328289032
1439,12,2766512,0.4285714328289032
1439,13,3204877,0.4285714328289032
1439,14,6191072,0.4285714328289032
1439,15,6231171,0.4285714328289032
1439,16,878368,0.4047619104385376
1439,17,1536771,0.4047619104385376
1439,18,1540236,0.4047619104385376
1439,19,2166883,0.4047619104385376
1439,20,2402163,0.4047619104385376
1439,21,3078186,0.4047619104385376
1439,22,4640799,0.4047619104385376
1439,23,41335427,0.4047619104385376
1439,24,1272463,0.380952388048172
1439,25,1683562,0.380952388048172
1439,26,2956680,0.380952388048172
1439,27,3036731,0.380952388048172
1439,28,3046572,0.380952388048172
1439,29,44094715,0.380952388048172
1439,30,221359,0.3571428656578064
1439,31,1352495,0.3571428656578064
1439,32,2531376,0.3571428656578064
1439,33,2963218,0.3571428656578064
1439,34,7405757,0.3571428656578064
1439,35,13306276,0.3571428656578064
1439,36,1499998,0.3333333432674408
1439,37,1970226,0.3333333432674408
1439,38,3349450,0.3333333432674408
1439,39,3532896,0.3333333432674408
1439,40,4259809,0.3333333432674408
1439,41,14245059,0.3333333432674408
1439,42,14863741,0.3333333432674408
1439,43,18160093,0.3333333432674408
1439,44,814330,0.3095238208770752
1439,45,2100252,0.3095238208770752
1439,46,2574991,0.3095238208770752
1439,47,2809203,0.3095238208770752
1439,48,2977639,0.3095238208770752
1439,49,3060926,0.3095238208770752
1439,50,3355573,0.3095238208770752
1439,51,6171458,0.3095238208770752
1439,52,16534,0.2857142984867096
1439,53,40283,0.2857142984867096
1439,54,812415,0.2857142984867096
1439,55,1268631,0.2857142984867096
1439,56,1558965,0.2857142984867096
1439,57,1940709,0.2857142984867096
1439,58,2693329,0.2857142984867096
1439,59,3204327,0.2857142984867096
1439,60,3246409,0.2857142984867096
1446,1,245494,0.6428571343421936
1446,2,1272463,0.6071428656578064
1446,3,2207778,0.5714285969734192
1446,4,3275794,0.5714285969734192
1446,5,1683562,0.5357142686843872
1446,6,40283,0.5
1446,7,153313,0.5
1446,8,1119185,0.5
1446,9,1940709,0.5
1446,10,2180358,0.5
1446,11,3036731,0.5
1446,12,4259809,0.5
1446,13,1352495,0.4642857015132904
1446,14,2792775,0.4642857015132904
1446,15,2963218,0.4642857015132904
1446,16,3060926,0.4642857015132904
1446,17,3355573,0.4642857015132904
1446,18,4640799,0.4642857015132904
1446,19,987048,0.4285714328289032
1446,20,2402163,0.4285714328289032
1446,21,3295655,0.4285714328289032
1446,22,3295919,0.4285714328289032
1446,23,1742269,0.3928571343421936
1446,24,2766512,0.3928571343421936
1446,25,2809203,0.3928571343421936
1446,26,2931549,0.3928571343421936
1446,27,3532896,0.3928571343421936
1446,28,30518,0.3571428656578064
1446,29,150292,0.3571428656578064
1446,30,265616,0.3571428656578064
1446,31,1385044,0.3571428656578064
1446,32,1499998,0.3571428656578064
1446,33,1659905,0.3571428656578064
1446,34,1708725,0.3571428656578064
1446,35,2307233,0.3571428656578064
1446,36,2582035,0.3571428656578064
1446,37,2977639,0.3571428656578064
1446,38,3046572,0.3571428656578064
1446,39,3349450,0.3571428656578064
1446,40,16827462,0.3571428656578064
1446,41,28098716,0.3571428656578064
1446,42,41335427,0.3571428656578064
1446,43,170957,0.3214285671710968
1446,44,221359,0.3214285671710968
1446,45,810135,0.3214285671710968
1446,46,1145090,0.3214285671710968
1446,47,1268631,0.3214285671710968
1446,48,1392700,0.3214285671710968
1446,49,1540236,0.3214285671710968
1446,50,1621115,0.3214285671710968
1446,51,1643555,0.3214285671710968
1446,52,1734019,0.3214285671710968
1446,53,2944133,0.3214285671710968
1446,54,2996445,0.3214285671710968
1446,55,3204877,0.3214285671710968
1446,56,3285349,0.3214285671710968
1446,57,3300573,0.3214285671710968
1446,58,3324344,0.3214285671710968
1446,59,3441236,0.3214285671710968
1446,60,4717423,0.3214285671710968
1516,1,153313,0.6666666865348816
1516,2,3213039,0.6666666865348816
1516,3,2207778,0.4583333432674408
1516,4,3295655,0.4166666567325592
1516,5,4489585,0.4166666567325592
1516,6,1466917,0.375
1516,7,1858012,0.3333333432674408
1516,8,2180358,0.3333333432674408
1516,9,2963218,0.3333333432674408
1516,10,3204877,0.3333333432674408
1516,11,3324344,0.3333333432674408
1516,12,3393917,0.3333333432674408
1516,13,4640799,0.3333333432674408
1516,14,6191072,0.3333333432674408
1516,15,69741,0.2916666567325592
1516,16,1268631,0.2916666567325592
1516,17,1683562,0.2916666567325592
1516,18,1708725,0.2916666567325592
1516,19,2373750,0.2916666567325592
1516,20,2402163,0.2916666567325592
1516,21,2707897,0.2916666567325592
1516,22,2766512,0.2916666567325592
1516,23,2809203,0.2916666567325592
1516,24,3046572,0.2916666567325592
1516,25,3272005,0.2916666567325592
1516,26,3275794,0.2916666567325592
1516,27,3355573,0.2916666567325592
1516,28,317973,0.25
1516,29,895682,0.25
1516,30,1272463,0.25
1516,31,2956680,0.25
1516,32,3285349,0.25
1516,33,41335427,0.25
1516,34,40283,0.2083333283662796
1516,35,245494,0.2083333283662796
1516,36,552675,0.2083333283662796
1516,37,968084,0.2083333283662796
1516,38,1007116,0.2083333283662796
1516,39,1030699,0.2083333283662796
1516,40,1090709,0.2083333283662796
1516,41,1164465,0.2083333283662796
1516,42,1352495,0.2083333283662796
1516,43,1871423,0.2083333283662796
1516,44,2150886,0.2083333283662796
1516,45,2409320,0.2083333283662796
1516,46,2531376,0.2083333283662796
1516,47,2936175,0.2083333283662796
1516,48,2963845,0.2083333283662796
1516,49,2977727,0.2083333283662796
1516,50,3138328,0.2083333283662796
1516,51,3204327,0.2083333283662796
1516,52,3634639,0.2083333283662796
1516,53,6231171,0.2083333283662796
1516,54,6976108,0.2083333283662796
1516,55,14863741,0.2083333283662796
1516,56,15956900,0.2083333283662796
1516,57,23596,0.1666666716337204
1516,58,59137,0.1666666716337204
1516,59,112713,0.1666666716337204
1516,60,150292,0.1666666716337204
1517,1,1238374,0.3921568691730499
1517,2,4640799,0.3921568691730499
1517,3,3295655,0.37254902720451355
1517,4,3213039,0.3529411852359772
1517,5,1858012,0.3333333432674408
1517,6,2402163,0.3333333432674408
1517,7,245494,0.3137255012989044
1517,8,2373750,0.3137255012989044
1517,9,2809203,0.3137255012989044
1517,10,3046572,0.3137255012989044
1517,11,6231171,0.3137255012989044
1517,12,1565818,0.29411765933036804
1517,13,2792775,0.29411765933036804
1517,14,2977727,0.29411765933036804
1517,15,3349450,0.29411765933036804
1517,16,153313,0.27450981736183167
1517,17,2180358,0.27450981736183167
1517,18,2338253,0.27450981736183167
1517,19,2963218,0.27450981736183167
1517,20,3036731,0.27450981736183167
1517,21,3204327,0.27450981736183167
1517,22,3275794,0.27450981736183167
1517,23,3393917,0.27450981736183167
1517,24,41335427,0.27450981736183167
1517,25,1540236,0.2549019753932953
1517,26,1708725,0.2549019753932953
1517,27,2207778,0.2549019753932953
1517,28,6171458,0.2549019753932953
1517,29,317973,0.23529411852359772
1517,30,1272463,0.23529411852359772
1517,31,1885548,0.23529411852359772
1517,32,2964424,0.23529411852359772
1517,33,3060926,0.23529411852359772
1517,34,8812783,0.23529411852359772
1517,35,2963845,0.21568627655506134
1517,36,3204877,0.21568627655506134
1517,37,3209783,0.21568627655506134
1517,38,16827462,0.21568627655506134
1517,39,1466917,0.19607843458652496
1517,40,2285570,0.19607843458652496
1517,41,2965832,0.19607843458652496
1517,42,2982101,0.19607843458652496
1517,43,3138328,0.19607843458652496
1517,44,3338963,0.19607843458652496
1517,45,4840290,0.19607843458652496
1517,46,41326609,0.19607843458652496
1517,47,878368,0.1764705926179886
1517,48,1168289,0.1764705926179886
1517,49,2380334,0.1764705926179886
1517,50,2766512,0.1764705926179886
1517,51,3165724,0.1764705926179886
1517,52,3285349,0.1764705926179886
1517,53,3324344,0.1764705926179886
1517,54,3374404,0.1764705926179886
1517,55,3532896,0.1764705926179886
1517,56,4356972,0.1764705926179886
1517,57,4489585,0.1764705926179886
1517,58,6976108,0.1764705926179886
1517,59,69741,0.1568627506494522
1517,60,895682,0.1568627506494522
1532,1,245494,0.8999999761581421
1532,2,153313,0.6000000238418579
1532,3,1272463,0.6000000238418579
1532,4,1540236,0.6000000238418579
1532,5,1683562,0.6000000238418579
1532,6,2931549,0.6000000238418579
1532,7,3118417,0.6000000238418579
1532,8,3275794,0.6000000238418579
1532,9,4840290,0.6000000238418579
1532,10,125993,0.5
1532,11,841320,0.5
1532,12,1119185,0.5
1532,13,1121835,0.5
1532,14,1208289,0.5
1532,15,1268631,0.5
1532,16,1839377,0.5
1532,17,1885548,0.5
1532,18,1987778,0.5
1532,19,2409320,0.5
1532,20,3036731,0.5
1532,21,3244642,0.5
1532,22,3295655,0.5
1532,23,4489585,0.5
1532,24,4640799,0.5
1532,25,4836639,0.5
1532,26,40283,0.4000000059604645
1532,27,265616,0.4000000059604645
1532,28,589497,0.4000000059604645
1532,29,736076,0.4000000059604645
1532,30,814330,0.4000000059604645
1532,31,1235619,0.4000000059604645
1532,32,1253009,0.4000000059604645
1532,33,1352495,0.4000000059604645
1532,34,1413589,0.4000000059604645
1532,35,1443553,0.4000000059604645
1532,36,1558965,0.4000000059604645
1532,37,1643555,0.4000000059604645
1532,38,1835605,0.4000000059604645
1532,39,1839410,0.4000000059604645
1532,40,1896522,0.4000000059604645
1532,41,2100252,0.4000000059604645
1532,42,2180358,0.4000000059604645
1532,43,2207778,0.4000000059604645
1532,44,2245431,0.4000000059604645
1532,45,2375385,0.4000000059604645
1532,46,2574991,0.4000000059604645
1532,47,2765786,0.4000000059604645
1532,48,2809709,0.4000000059604645
1532,49,2877220,0.4000000059604645
1532,50,2956372,0.4000000059604645
1532,51,2977639,0.4000000059604645
1532,52,3060926,0.4000000059604645
1532,53,3186437,0.4000000059604645
1532,54,3300573,0.4000000059604645
1532,55,3324344,0.4000000059604645
1532,56,3532896,0.4000000059604645
1532,57,4925227,0.4000000059604645
1532,58,9250,0.30000001192092896
1532,59,14197,0.30000001192092896
1532,60,18001,0.30000001192092896
1604,1,1466917,0.6153846383094788
1604,2,6654434,0.6153846383094788
1604,3,5397,0.5384615659713745
1604,4,855103,0.5384615659713745
1604,5,1540236,0.5384615659713745
1604,6,13308,0.4615384638309479
1604,7,153313,0.4615384638309479
1604,8,1019062,0.4615384638309479
1604,9,1164465,0.4615384638309479
1604,10,1816662,0.4615384638309479
1604,11,2792775,0.4615384638309479
1604,12,3275794,0.4615384638309479
1604,13,245494,0.38461539149284363
1604,14,1041952,0.38461539149284363
1604,15,2138852,0.38461539149284363
1604,16,2192250,0.38461539149284363
1604,17,2422333,0.38461539149284363
1604,18,2936175,0.38461539149284363
1604,19,3272005,0.38461539149284363
1604,20,3295919,0.38461539149284363
1604,21,3376836,0.38461539149284363
1604,22,3532896,0.38461539149284363
1604,23,12946965,0.38461539149284363
1604,24,163531,0.3076923191547394
1604,25,391568,0.3076923191547394
1604,26,416305,0.3076923191547394
1604,27,1031537,0.3076923191547394
1604,28,1112418,0.3076923191547394
1604,29,1419727,0.3076923191547394
1604,30,1708725,0.3076923191547394
1604,31,2059929,0.3076923191547394
1604,32,2124255,0.3076923191547394
1604,33,2207547,0.3076923191547394
1604,34,2370171,0.3076923191547394
1604,35,2507928,0.3076923191547394
1604,36,2662852,0.3076923191547394
1604,37,2944133,0.3076923191547394
1604,38,2982101,0.3076923191547394
1604,39,3078186,0.3076923191547394
1604,40,3097440,0.3076923191547394
1604,41,3119175,0.3076923191547394
1604,42,3204327,0.3076923191547394
1604,43,3271379,0.3076923191547394
1604,44,3281466,0.3076923191547394
1604,45,3364437,0.3076923191547394
1604,46,3462456,0.3076923191547394
1604,47,3634639,0.3076923191547394
1604,48,4358649,0.3076923191547394
1604,49,6171458,0.3076923191547394
1604,50,6976108,0.3076923191547394
1604,51,14420600,0.3076923191547394
1604,52,14831761,0.3076923191547394
1604,53,14863741,0.3076923191547394
1604,54,16402639,0.3076923191547394
1604,55,18962767,0.3076923191547394
1604,56,21825181,0.3076923191547394
1604,57,25491300,0.3076923191547394
1604,58,16534,0.23076923191547394
1604,59,17572,0.23076923191547394
1604,60,37852,0.23076923191547394
1605,1,3486041,0.637499988079071
1605,2,3275794,0.5
1605,3,2792775,0.375
1605,4,1708725,0.36250001192092896
1605,5,4640799,0.3499999940395355
1605,6,3441236,0.32499998807907104
1605,7,4717423,0.32499998807907104
1605,8,2207778,0.3125
1605,9,2266643,0.3125
1605,10,3532896,0.3125
1605,11,14831761,0.3125
1605,12,42009388,0.3125
1605,13,878368,0.30000001192092896
1605,14,1272463,0.30000001192092896
1605,15,1835605,0.30000001192092896
1605,16,2543234,0.30000001192092896
1605,17,2977639,0.30000001192092896
1605,18,3060926,0.30000001192092896
1605,19,3295919,0.30000001192092896
1605,20,245494,0.2874999940395355
1605,21,265616,0.2874999940395355
1605,22,1540236,0.2874999940395355
1605,23,2402163,0.2874999940395355
1605,24,2963218,0.2874999940395355
1605,25,3046572,0.2874999940395355
1605,26,6231171,0.2874999940395355
1605,27,12946965,0.2874999940395355
1605,28,13306276,0.2874999940395355
1605,29,25491300,0.2874999940395355
1605,30,40283,0.2750000059604645
1605,31,153313,0.2750000059604645
1605,32,1816662,0.2750000059604645
1605,33,1940709,0.2750000059604645
1605,34,3358283,0.2750000059604645
1605,35,4790821,0.2750000059604645
1605,36,41335427,0.2750000059604645
1605,37,1466917,0.26249998807907104
1605,38,1683562,0.26249998807907104
1605,39,1742269,0.26249998807907104
1605,40,3036731,0.26249998807907104
1605,41,948387,0.25
1605,42,1640941,0.25
1605,43,1757108,0.25
1605,44,2422333,0.25
1605,45,3078186,0.25
1605,46,46663,0.23749999701976776
1605,47,1734019,0.23749999701976776
1605,48,2956372,0.23749999701976776
1605,49,6171458,0.23749999701976776
1605,50,300461,0.22499999403953552
1605,51,2754161,0.22499999403953552
1605,52,3165724,0.22499999403953552
1605,53,3204327,0.22499999403953552
1605,54,3244642,0.22499999403953552
1605,55,4259809,0.22499999403953552
1605,56,6976108,0.22499999403953552
1605,57,22533,0.21250000596046448
1605,58,810663,0.21250000596046448
1605,59,1164465,0.21250000596046448
1605,60,1565818,0.21250000596046448
1615,1,963375,0.5686274766921997
1615,2,4640799,0.4117647111415863
1615,3,3295919,0.3921568691730499
1615,4,1540236,0.37254902720451355
1615,5,3364186,0.37254902720451355
1615,6,1290896,0.3529411852359772
1615,7,1466917,0.3529411852359772
1615,8,2402163,0.3529411852359772
1615,9,3275794,0.3529411852359772
1615,10,6231171,0.3529411852359772
1615,11,2792775,0.3333333432674408
1615,12,2861004,0.3333333432674408
1615,13,2963218,0.3333333432674408
1615,14,3046572,0.3333333432674408
1615,15,41335427,0.3333333432674408
1615,16,12946965,0.3137255012989044
1615,17,1732395,0.29411765933036804
1615,18,245494,0.27450981736183167
1615,19,2422333,0.27450981736183167
1615,20,2809203,0.27450981736183167
1615,21,3036731,0.27450981736183167
1615,22,3060926,0.27450981736183167
1615,23,3204327,0.27450981736183167
1615,24,3532896,0.27450981736183167
1615,25,6171458,0.27450981736183167
1615,26,40283,0.2549019753932953
1615,27,1205304,0.2549019753932953
1615,28,1392700,0.23529411852359772
1615,29,1708725,0.23529411852359772
1615,30,2963845,0.23529411852359772
1615,31,2964424,0.23529411852359772
1615,32,3204877,0.23529411852359772
1615,33,3272005,0.23529411852359772
1615,34,3486041,0.23529411852359772
1615,35,4717423,0.23529411852359772
1615,36,14831761,0.23529411852359772
1615,37,750514,0.21568627655506134
1615,38,1704815,0.21568627655506134
1615,39,2138852,0.21568627655506134
1615,40,3359698,0.21568627655506134
1615,41,4790821,0.21568627655506134
1615,42,6976108,0.21568627655506134
1615,43,8812783,0.21568627655506134
1615,44,12883496,0.21568627655506134
1615,45,21825181,0.21568627655506134
1615,46,41326609,0.21568627655506134
1615,47,30518,0.19607843458652496
1615,48,153313,0.19607843458652496
1615,49,878368,0.19607843458652496
1615,50,1019062,0.19607843458652496
1615,51,1044737,0.19607843458652496
1615,52,1164465,0.19607843458652496
1615,53,1835605,0.19607843458652496
1615,54,2883783,0.19607843458652496
1615,55,2931549,0.19607843458652496
1615,56,3634639,0.19607843458652496
1615,57,6684634,0.19607843458652496
1615,58,14863741,0.19607843458652496
1615,59,25491300,0.19607843458652496
1615,60,266624,0.1764705926179886
1616,1,1222673,0.800000011920929
1616,2,998106,0.574999988079071
1616,3,1939840,0.5249999761581421
1616,4,2494651,0.44999998807907104
1616,5,1263111,0.4000000059604645
1616,6,830939,0.375
1616,7,980184,0.375
1616,8,1272463,0.375
1616,9,245494,0.3499999940395355
1616,10,1540236,0.3499999940395355
1616,11,3275794,0.3499999940395355
1616,12,153313,0.32499998807907104
1616,13,1336952,0.32499998807907104
1616,14,814330,0.30000001192092896
1616,15,1466917,0.30000001192092896
1616,16,1970226,0.30000001192092896
1616,17,3060926,0.30000001192092896
1616,18,1683562,0.2750000059604645
1616,19,1885548,0.2750000059604645
1616,20,2024704,0.2750000059604645
1616,21,2766512,0.2750000059604645
1616,22,4640799,0.2750000059604645
1616,23,41335427,0.2750000059604645
1616,24,808562,0.25
1616,25,1298177,0.25
1616,26,1858012,0.25
1616,27,2193257,0.25
1616,28,2402163,0.25
1616,29,2422333,0.25
1616,30,3078186,0.25
1616,31,3165724,0.25
1616,32,3324344,0.25
1616,33,3356006,0.25
1616,34,3360164,0.25
1616,35,6231171,0.25
1616,36,747666,0.22499999403953552
1616,37,1268631,0.22499999403953552
1616,38,1708725,0.22499999403953552
1616,39,1940709,0.22499999403953552
1616,40,2409320,0.22499999403953552
1616,41,2504821,0.22499999403953552
1616,42,2809709,0.22499999403953552
1616,43,2963218,0.22499999403953552
1616,44,3046572,0.22499999403953552
1616,45,3204327,0.22499999403953552
1616,46,3355573,0.22499999403953552
1616,47,3634639,0.22499999403953552
1616,48,21500681,0.22499999403953552
1616,49,30518,0.20000000298023224
1616,50,40283,0.20000000298023224
1616,51,849585,0.20000000298023224
1616,52,968084,0.20000000298023224
1616,53,992628,0.20000000298023224
1616,54,1164465,0.20000000298023224
1616,55,1165594,0.20000000298023224
1616,56,1565818,0.20000000298023224
1616,57,2100252,0.20000000298023224
1616,58,2207778,0.20000000298023224
1616,59,2612809,0.20000000298023224
1616,60,2809203,0.20000000298023224
1631,1,245494,0.35555556416511536
1631,2,2792775,0.35555556416511536
1631,3,3275794,0.35555556416511536
1631,4,16827462,0.3333333432674408
1631,5,2402163,0.31111112236976624
1631,6,4640799,0.31111112236976624
1631,7,6171458,0.31111112236976624
1631,8,153313,0.2888889014720917
1631,9,828773,0.2888889014720917
1631,10,2236198,0.2888889014720917
1631,11,2963218,0.2888889014720917
1631,12,3046572,0.2888889014720917
1631,13,13306276,0.2888889014720917
1631,14,1030767,0.2666666805744171
1631,15,3295919,0.2666666805744171
1631,16,41335427,0.2666666805744171
1631,17,919292,0.24444444477558136
1631,18,1145090,0.24444444477558136
1631,19,1540236,0.24444444477558136
1631,20,1708725,0.24444444477558136
1631,21,2086690,0.24444444477558136
1631,22,2543234,0.24444444477558136
1631,23,3441236,0.24444444477558136
1631,24,4259809,0.24444444477558136
1631,25,6231171,0.24444444477558136
1631,26,1272463,0.2222222238779068
1631,27,2582035,0.2222222238779068
1631,28,2809203,0.2222222238779068
1631,29,3255908,0.2222222238779068
1631,30,4717423,0.2222222238779068
1631,31,8812783,0.2222222238779068
1631,32,17225055,0.2222222238779068
1631,33,40283,0.20000000298023224
1631,34,1188203,0.20000000298023224
1631,35,1385044,0.20000000298023224
1631,36,1858012,0.20000000298023224
1631,37,2766512,0.20000000298023224
1631,38,3036731,0.20000000298023224
1631,39,3284484,0.20000000298023224
1631,40,14302659,0.20000000298023224
1631,41,14863741,0.20000000298023224
1631,42,21500681,0.20000000298023224
1631,43,829330,0.17777778208255768
1631,44,1119185,0.17777778208255768
1631,45,1352495,0.17777778208255768
1631,46,1466917,0.17777778208255768
1631,47,2153746,0.17777778208255768
1631,48,2207778,0.17777778208255768
1631,49,2422333,0.17777778208255768
1631,50,3060926,0.17777778208255768
1631,51,3078186,0.17777778208255768
1631,52,3165724,0.17777778208255768
1631,53,3204877,0.17777778208255768
1631,54,3360164,0.17777778208255768
1631,55,3532896,0.17777778208255768
1631,56,6759965,0.17777778208255768
1631,57,7320034,0.17777778208255768
1631,58,17237712,0.17777778208255768
1631,59,3034,0.15555556118488312
1631,60,68729,0.15555556118488312
1632,1,153313,0.6363636255264282
1632,2,3275794,0.6363636255264282
1632,3,4640799,0.5909090638160706
1632,4,245494,0.5454545617103577
1632,5,2792775,0.5227272510528564
1632,6,1896522,0.5
1632,7,2207778,0.5
1632,8,40283,0.47727271914482117
1632,9,1885548,0.47727271914482117
1632,10,2402163,0.47727271914482117
1632,11,2963218,0.47727271914482117
1632,12,3060926,0.47727271914482117
1632,13,3046572,0.4545454680919647
1632,14,3532896,0.4318181872367859
1632,15,41335427,0.4318181872367859
1632,16,142449,0.40909090638160706
1632,17,894834,0.40909090638160706
1632,18,2809203,0.40909090638160706
1632,19,2543234,0.3863636255264282
1632,20,3078186,0.3863636255264282
1632,21,6231171,0.3863636255264282
1632,22,73811,0.3636363744735718
1632,23,1119185,0.3636363744735718
1632,24,1540236,0.3636363744735718
1632,25,2766512,0.3636363744735718
1632,26,4790821,0.3636363744735718
1632,27,6171458,0.3636363744735718
1632,28,30518,0.34090909361839294
1632,29,1272463,0.34090909361839294
1632,30,3020535,0.34090909361839294
1632,31,3036731,0.34090909361839294
1632,32,3349450,0.34090909361839294
1632,33,8812783,0.34090909361839294
1632,34,178823,0.3181818127632141
1632,35,461400,0.3181818127632141
1632,36,948387,0.3181818127632141
1632,37,3186437,0.3181818127632141
1632,38,3204877,0.3181818127632141
1632,39,13306276,0.3181818127632141
1632,40,30530,0.2954545319080353
1632,41,649216,0.2954545319080353
1632,42,1359590,0.2954545319080353
1632,43,2180358,0.2954545319080353
1632,44,3038872,0.2954545319080353
1632,45,3267921,0.2954545319080353
1632,46,3441236,0.2954545319080353
1632,47,4259809,0.2954545319080353
1632,48,10535173,0.2954545319080353
1632,49,14302659,0.2954545319080353
1632,50,16827462,0.2954545319080353
1632,51,746005,0.27272728085517883
1632,52,878368,0.27272728085517883
1632,53,1536771,0.27272728085517883
1632,54,2080738,0.27272728085517883
1632,55,2236198,0.27272728085517883
1632,56,2373750,0.27272728085517883
1632,57,2422333,0.27272728085517883
1632,58,2809709,0.27272728085517883
1632,59,2956372,0.27272728085517883
1632,60,2977639,0.27272728085517883
1636,1,829330,0.5199999809265137
1636,2,3275794,0.47999998927116394
1636,3,4640799,0.47999998927116394
1636,4,2207778,0.4399999976158142
1636,5,2963218,0.4399999976158142
1636,6,3060926,0.4399999976158142
1636,7,153313,0.4000000059604645
1636,8,245494,0.4000000059604645
1636,9,829351,0.4000000059604645
1636,10,1119185,0.4000000059604645
1636,11,41335427,0.4000000059604645
1636,12,1499998,0.36000001430511475
1636,13,2402163,0.36000001430511475
1636,14,2931549,0.36000001430511475
1636,15,3036731,0.36000001430511475
1636,16,3046572,0.36000001430511475
1636,17,30518,0.3199999928474426
1636,18,40283,0.3199999928474426
1636,19,1536771,0.3199999928474426
1636,20,1540236,0.3199999928474426
1636,21,2543234,0.3199999928474426
1636,22,2766512,0.3199999928474426
1636,23,2792775,0.3199999928474426
1636,24,2809203,0.3199999928474426
1636,25,2944133,0.3199999928474426
1636,26,2977639,0.3199999928474426
1636,27,3244642,0.3199999928474426
1636,28,3295919,0.3199999928474426
1636,29,3303888,0.3199999928474426
1636,30,3337594,0.3199999928474426
1636,31,4259809,0.3199999928474426
1636,32,6231171,0.3199999928474426
1636,33,44848425,0.3199999928474426
1636,34,948387,0.2800000011920929
1636,35,1235619,0.2800000011920929
1636,36,1272463,0.2800000011920929
1636,37,1352495,0.2800000011920929
1636,38,1683562,0.2800000011920929
1636,39,2375385,0.2800000011920929
1636,40,3204877,0.2800000011920929
1636,41,3532896,0.2800000011920929
1636,42,6684634,0.2800000011920929
1636,43,9585076,0.2800000011920929
1636,44,47400,0.23999999463558197
1636,45,170957,0.23999999463558197
1636,46,265616,0.23999999463558197
1636,47,810663,0.23999999463558197
1636,48,833257,0.23999999463558197
1636,49,987048,0.23999999463558197
1636,50,1049657,0.23999999463558197
1636,51,1094776,0.23999999463558197
1636,52,1385044,0.23999999463558197
1636,53,1392700,0.23999999463558197
1636,54,1479280,0.23999999463558197
1636,55,1565818,0.23999999463558197
1636,56,1643555,0.23999999463558197
1636,57,1708725,0.23999999463558197
1636,58,1835605,0.23999999463558197
1636,59,1885548,0.23999999463558197
1636,60,1896522,0.23999999463558197
1637,1,3060926,0.800000011920929
1637,2,3356006,0.699999988079071
1637,3,245494,0.6000000238418579
1637,4,1540236,0.6000000238418579
1637,5,153313,0.5
1637,6,1970226,0.5
1637,7,2956372,0.5
1637,8,2977639,0.5
1637,9,3275794,0.5
1637,10,3295919,0.5
1637,11,4836639,0.5
1637,12,46663,0.4000000059604645
1637,13,817527,0.4000000059604645
1637,14,839692,0.4000000059604645
1637,15,894834,0.4000000059604645
1637,16,992628,0.4000000059604645
1637,17,1466917,0.4000000059604645
1637,18,1536771,0.4000000059604645
1637,19,1683562,0.4000000059604645
1637,20,1835605,0.4000000059604645
1637,21,1871423,0.4000000059604645
1637,22,2207778,0.4000000059604645
1637,23,2402163,0.4000000059604645
1637,24,2422333,0.4000000059604645
1637,25,3046572,0.4000000059604645
1637,26,3204327,0.4000000059604645
1637,27,3293141,0.4000000059604645
1637,28,3462456,0.4000000059604645
1637,29,3532896,0.4000000059604645
1637,30,4640799,0.4000000059604645
1637,31,6231171,0.4000000059604645
1637,32,16534,0.30000001192092896
1637,33,30518,0.30000001192092896
1637,34,40283,0.30000001192092896
1637,35,56441,0.30000001192092896
1637,36,95855,0.30000001192092896
1637,37,113603,0.30000001192092896
1637,38,142449,0.30000001192092896
1637,39,479517,0.30000001192092896
1637,40,486980,0.30000001192092896
1637,41,493634,0.30000001192092896
1637,42,602144,0.30000001192092896
1637,43,825843,0.30000001192092896
1637,44,873132,0.30000001192092896
1637,45,929009,0.30000001192092896
1637,46,948387,0.30000001192092896
1637,47,986234,0.30000001192092896
1637,48,1119185,0.30000001192092896
1637,49,1122661,0.30000001192092896
1637,50,1140206,0.30000001192092896
1637,51,1164465,0.30000001192092896
1637,52,1174101,0.30000001192092896
1637,53,1198450,0.30000001192092896
1637,54,1272463,0.30000001192092896
1637,55,1352495,0.30000001192092896
1637,56,1361856,0.30000001192092896
1637,57,1392700,0.30000001192092896
1637,58,1570229,0.30000001192092896
1637,59,1643555,0.30000001192092896
1637,60,1808005,0.30000001192092896
1647,1,3078186,0.5945945978164673
1647,2,153313,0.5675675868988037
1647,3,4640799,0.5675675868988037
1647,4,1970226,0.5135135054588318
1647,5,2809203,0.5135135054588318
1647,6,4110990,0.5135135054588318
1647,7,1466917,0.4864864945411682
1647,8,2207778,0.4864864945411682
1647,9,2402163,0.4864864945411682
1647,10,2422333,0.4864864945411682
1647,11,2963218,0.4864864945411682
1647,12,41335427,0.4864864945411682
1647,13,1540236,0.45945945382118225
1647,14,3046572,0.45945945382118225
1647,15,3204877,0.45945945382118225
1647,16,2792775,0.4324324429035187
1647,17,3634639,0.4324324429035187
1647,18,1272463,0.4054054021835327
1647,19,3166179,0.4054054021835327
1647,20,6231171,0.4054054021835327
1647,21,817,0.37837839126586914
1647,22,16534,0.37837839126586914
1647,23,3204327,0.37837839126586914
1647,24,1164465,0.3513513505458832
1647,25,2834844,0.3513513505458832
1647,26,3272005,0.3513513505458832
1647,27,3275794,0.3513513505458832
1647,28,6171458,0.3513513505458832
1647,29,8812783,0.3513513505458832
1647,30,878368,0.3243243098258972
1647,31,992628,0.3243243098258972
1647,32,1119185,0.3243243098258972
1647,33,1683562,0.3243243098258972
1647,34,2153746,0.3243243098258972
1647,35,4358649,0.3243243098258972
1647,36,13155899,0.3243243098258972
1647,37,40283,0.29729729890823364
1647,38,1228437,0.29729729890823364
1647,39,2219449,0.29729729890823364
1647,40,2964424,0.29729729890823364
1647,41,493634,0.2702702581882477
1647,42,1536771,0.2702702581882477
1647,43,1877624,0.2702702581882477
1647,44,2502879,0.2702702581882477
1647,45,2766512,0.2702702581882477
1647,46,3060926,0.2702702581882477
1647,47,4259809,0.2702702581882477
1647,48,245494,0.2432432472705841
1647,49,830939,0.2432432472705841
1647,50,948387,0.2432432472705841
1647,51,1128601,0.2432432472705841
1647,52,1570229,0.2432432472705841
1647,53,1708725,0.2432432472705841
1647,54,1896522,0.2432432472705841
1647,55,2963845,0.2432432472705841
1647,56,3462456,0.2432432472705841
1647,57,3532896,0.2432432472705841
1647,58,3921305,0.2432432472705841
1647,59,14863741,0.2432432472705841
1647,60,21500681,0.2432432472705841
1649,1,2792775,0.5628019571304321
1649,2,4717423,0.5603864789009094
1649,3,4640799,0.5579710006713867
1649,4,3275794,0.5458937287330627
1649,5,1145090,0.39855071902275085
1649,6,1498135,0.3888888955116272
1649,7,6171458,0.3864734172821045
1649,8,2402163,0.3840579688549042
1649,9,1639903,0.37922704219818115
1649,10,3046572,0.3743961453437805
1649,11,3060926,0.3719806671142578
1649,12,3275013,0.3719806671142578
1649,13,3441236,0.3719806671142578
1649,14,2963218,0.3695652186870575
1649,15,6231171,0.36231884360313416
1649,16,3244642,0.35748791694641113
1649,17,2153746,0.3526569902896881
1649,18,8812783,0.3502415418624878
1649,19,2809203,0.3478260934352875
1649,20,3532896,0.34541061520576477
1649,21,3295919,0.34299516677856445
1649,22,13306276,0.33816424012184143
1649,23,41335427,0.33816424012184143
1649,24,3212258,0.3333333432674408
1649,25,16827462,0.3333333432674408
1649,26,1558965,0.30676329135894775
1649,27,2543234,0.2995169162750244
1649,28,13155899,0.28743961453437805
1649,29,3358283,0.27053138613700867
1649,30,41107568,0.27053138613700867
1649,31,245494,0.26570048928260803
1649,32,1708725,0.260869562625885
1649,33,878368,0.2584541141986847
1649,34,987048,0.256038635969162
1649,35,2977639,0.256038635969162
1649,36,3036731,0.256038635969162
1649,37,1010054,0.25120773911476135
1649,38,2982101,0.24637681245803833
1649,39,30518,0.2415459007024765
1649,40,9585076,0.239130437374115
1649,41,40283,0.23671497404575348
1649,42,3185154,0.23671497404575348
1649,43,17763198,0.23188406229019165
1649,44,1223333,0.22946859896183014
1649,45,265616,0.22705313563346863
1649,46,4790821,0.22705313563346863
1649,47,153313,0.2246376872062683
1649,48,1058370,0.2246376872062683
1649,49,2944133,0.2246376872062683
1649,50,3349450,0.2246376872062683
1649,51,2675454,0.2222222238779068
1649,52,1540236,0.2198067605495453
1649,53,3464264,0.2198067605495453
1649,54,2129359,0.21739129722118378
1649,55,3300573,0.21739129722118378
1649,56,1119185,0.21256038546562195
1649,57,2868431,0.21014492213726044
1649,58,3203964,0.20772947371006012
1649,59,3271379,0.20772947371006012
1649,60,3352398,0.20772947371006012
1726,1,2285570,0.6111111044883728
1726,2,3038872,0.5833333134651184
1726,3,2402163,0.5648148059844971
1726,4,4640799,0.5555555820465088
1726,5,1073110,0.5185185074806213
1726,6,2963218,0.5092592835426331
1726,7,626006,0.5
1726,8,3046572,0.5
1726,9,3366260,0.49074074625968933
1726,10,3038762,0.45370370149612427
1726,11,41335427,0.45370370149612427
1726,12,6231171,0.43518519401550293
1726,13,2809203,0.4166666567325592
1726,14,3038784,0.40740740299224854
1726,15,2589654,0.39814814925193787
1726,16,3275794,0.39814814925193787
1726,17,3060926,0.3888888955116272
1726,18,907837,0.37037035822868347
1726,19,3204327,0.3611111044883728
1726,20,2107920,0.34259259700775146
1726,21,2773090,0.3333333432674408
1726,22,2982101,0.3333333432674408
1726,23,2288775,0.32407405972480774
1726,24,2977639,0.32407405972480774
1726,25,1540236,0.31481480598449707
1726,26,153313,0.3055555522441864
1726,27,894955,0.3055555522441864
1726,28,3038509,0.29629629850387573
1726,29,6568307,0.29629629850387573
1726,30,6490729,0.28703704476356506
1726,31,908233,0.2777777910232544
1726,32,1355172,0.2777777910232544
1726,33,3244642,0.2777777910232544
1726,34,625995,0.26851850748062134
1726,35,721292,0.26851850748062134
1726,36,739911,0.26851850748062134
1726,37,2207778,0.26851850748062134
1726,38,2728434,0.26851850748062134
1726,39,2991011,0.26851850748062134
1726,40,739878,0.25925925374031067
1726,41,895143,0.25925925374031067
1726,42,1858012,0.25925925374031067
1726,43,3532896,0.25925925374031067
1726,44,245494,0.25
1726,45,1113267,0.25
1726,46,1812530,0.25
1726,47,2792775,0.25
1726,48,3349450,0.25
1726,49,820002,0.24074074625968933
1726,50,937152,0.24074074625968933
1726,51,1444048,0.24074074625968933
1726,52,1466917,0.24074074625968933
1726,53,2019627,0.24074074625968933
1726,54,3036731,0.24074074625968933
1726,55,3338963,0.24074074625968933
1726,56,4790821,0.24074074625968933
1726,57,2207701,0.23148147761821747
1726,58,2313455,0.23148147761821747
1726,59,519419,0.2222222238779068
1726,60,1708725,0.2222222238779068
1748,1,1073110,0.6913580298423767
1748,2,2285570,0.6666666865348816
1748,3,3038872,0.654321014881134
1748,4,3366260,0.6419752836227417
1748,5,4640799,0.604938268661499
1748,6,626006,0.5555555820465088
1748,7,3038762,0.5555555820465088
1748,8,820002,0.5432098507881165
1748,9,2402163,0.5432098507881165
1748,10,2963218,0.5432098507881165
1748,11,6231171,0.5308641791343689
1748,12,41335427,0.5185185074806213
1748,13,907837,0.5061728358268738
1748,14,3046572,0.5061728358268738
1748,15,2313455,0.48148149251937866
1748,16,3060926,0.48148149251937866
1748,17,1355172,0.4691357910633087
1748,18,2809203,0.45679011940956116
1748,19,6568307,0.45679011940956116
1748,20,625995,0.4444444477558136
1748,21,2288775,0.4444444477558136
1748,22,2589654,0.4444444477558136
1748,23,3038784,0.4444444477558136
1748,24,721292,0.43209877610206604
1748,25,2773090,0.43209877610206604
1748,26,2728434,0.4197530746459961
1748,27,894955,0.40740740299224854
1748,28,2019627,0.40740740299224854
1748,29,6490729,0.40740740299224854
1748,30,2977639,0.395061731338501
1748,31,2887138,0.3827160596847534
1748,32,2991011,0.3827160596847534
1748,33,908233,0.37037035822868347
1748,34,1812530,0.37037035822868347
1748,35,2207701,0.37037035822868347
1748,36,3160524,0.37037035822868347
1748,37,2107920,0.3580246865749359
1748,38,2982101,0.3580246865749359
1748,39,526005,0.34567901492118835
1748,40,739878,0.34567901492118835
1748,41,1113267,0.34567901492118835
1748,42,1708725,0.34567901492118835
1748,43,2393238,0.34567901492118835
1748,44,3275794,0.34567901492118835
1748,45,519419,0.3333333432674408
1748,46,895143,0.3333333432674408
1748,47,937152,0.3333333432674408
1748,48,1444048,0.3333333432674408
1748,49,2655944,0.3333333432674408
1748,50,2969715,0.3333333432674408
1748,51,3038509,0.3333333432674408
1748,52,245494,0.32098764181137085
1748,53,739911,0.32098764181137085
1748,54,2792775,0.32098764181137085
1748,55,3204327,0.32098764181137085
1748,56,3349450,0.32098764181137085
1748,57,1952109,0.3086419701576233
1748,58,2207778,0.3086419701576233
1748,59,3338963,0.3086419701576233
1748,60,1084447,0.29629629850387573
1759,1,3275794,0.560606062412262
1759,2,4640799,0.5454545617103577
1759,3,245494,0.5
1759,4,3060926,0.5
1759,5,2402163,0.4848484992980957
1759,6,2809203,0.4545454680919647
1759,7,41335427,0.4545454680919647
1759,8,2792775,0.43939393758773804
1759,9,2963218,0.40909090638160706
1759,10,3046572,0.39393940567970276
1759,11,2977639,0.3636363744735718
1759,12,6231171,0.3636363744735718
1759,13,3532896,0.3484848439693451
1759,14,1540236,0.3333333432674408
1759,15,2543234,0.3333333432674408
1759,16,30518,0.3181818127632141
1759,17,3036731,0.3181818127632141
1759,18,3186437,0.3181818127632141
1759,19,4259809,0.3181818127632141
1759,20,6171458,0.3181818127632141
1759,21,1119185,0.3030303120613098
1759,22,1683562,0.3030303120613098
1759,23,3078186,0.3030303120613098
1759,24,3244642,0.3030303120613098
1759,25,948387,0.28787878155708313
1759,26,1272463,0.28787878155708313
1759,27,1466917,0.28787878155708313
1759,28,1885548,0.28787878155708313
1759,29,2180358,0.28787878155708313
1759,30,2207778,0.28787878155708313
1759,31,2931549,0.28787878155708313
1759,32,40283,0.27272728085517883
1759,33,736076,0.27272728085517883
1759,34,987048,0.27272728085517883
1759,35,1030767,0.27272728085517883
1759,36,1955658,0.27272728085517883
1759,37,3020535,0.27272728085517883
1759,38,3204327,0.27272728085517883
1759,39,4790821,0.27272728085517883
1759,40,8812783,0.27272728085517883
1759,41,153313,0.25757575035095215
1759,42,265616,0.25757575035095215
1759,43,992628,0.25757575035095215
1759,44,1145090,0.25757575035095215
1759,45,1536771,0.25757575035095215
1759,46,1896522,0.25757575035095215
1759,47,2422333,0.25757575035095215
1759,48,3272005,0.25757575035095215
1759,49,3464264,0.25757575035095215
1759,50,4836639,0.25757575035095215
1759,51,30530,0.24242424964904785
1759,52,142009,0.24242424964904785
1759,53,2963845,0.24242424964904785
1759,54,3295655,0.24242424964904785
1759,55,3349450,0.24242424964904785
1759,56,44848425,0.24242424964904785
1759,57,2612809,0.22727273404598236
1759,58,2766512,0.22727273404598236
1759,59,3300573,0.22727273404598236
1759,60,86934,0.21212121844291687
1768,1,3275794,0.6363636255264282
1768,2,153313,0.5454545617103577
1768,3,1769,0.5
1768,4,245494,0.5
1768,5,1540236,0.5
1768,6,1119185,0.4545454680919647
1768,7,1683562,0.4545454680919647
1768,8,1940137,0.4545454680919647
1768,9,4640799,0.4545454680919647
1768,10,420965,0.40909090638160706
1768,11,812415,0.40909090638160706
1768,12,1268631,0.40909090638160706
1768,13,1272463,0.40909090638160706
1768,14,1385044,0.40909090638160706
1768,15,1839377,0.40909090638160706
1768,16,1882970,0.40909090638160706
1768,17,2792775,0.40909090638160706
1768,18,3036731,0.40909090638160706
1768,19,3060926,0.40909090638160706
1768,20,3355573,0.40909090638160706
1768,21,14302659,0.40909090638160706
1768,22,948387,0.3636363744735718
1768,23,1030767,0.3636363744735718
1768,24,2207778,0.3636363744735718
1768,25,2402163,0.3636363744735718
1768,26,2693329,0.3636363744735718
1768,27,3272005,0.3636363744735718
1768,28,3301398,0.3636363744735718
1768,29,6231171,0.3636363744735718
1768,30,847007,0.3181818127632141
1768,31,1056302,0.3181818127632141
1768,32,1352495,0.3181818127632141
1768,33,1466917,0.3181818127632141
1768,34,1536771,0.3181818127632141
1768,35,2739837,0.3181818127632141
1768,36,2809203,0.3181818127632141
1768,37,2931549,0.3181818127632141
1768,38,2961887,0.3181818127632141
1768,39,3046572,0.3181818127632141
1768,40,3078186,0.3181818127632141
1768,41,3118417,0.3181818127632141
1768,42,3143431,0.3181818127632141
1768,43,3204877,0.3181818127632141
1768,44,3246409,0.3181818127632141
1768,45,4259809,0.3181818127632141
1768,46,24065147,0.3181818127632141
1768,47,30518,0.27272728085517883
1768,48,589497,0.27272728085517883
1768,49,781193,0.27272728085517883
1768,50,833257,0.27272728085517883
1768,51,860196,0.27272728085517883
1768,52,886727,0.27272728085517883
1768,53,886814,0.27272728085517883
1768,54,911368,0.27272728085517883
1768,55,1164465,0.27272728085517883
1768,56,1426690,0.27272728085517883
1768,57,1621115,0.27272728085517883
1768,58,1885548,0.27272728085517883
1768,59,2245431,0.27272728085517883
1768,60,2373750,0.27272728085517883
1769,1,245494,0.6756756901741028
1769,2,3275794,0.5405405163764954
1769,3,153313,0.5135135054588318
1769,4,3036731,0.4864864945411682
1769,5,1119185,0.4324324429035187
1769,6,1268631,0.4324324429035187
1769,7,3281466,0.4324324429035187
1769,8,4259809,0.4324324429035187
1769,9,1352495,0.4054054021835327
1769,10,1385044,0.4054054021835327
1769,11,3355573,0.4054054021835327
1769,12,1683562,0.37837839126586914
1769,13,2207778,0.37837839126586914
1769,14,2792775,0.37837839126586914
1769,15,3060926,0.37837839126586914
1769,16,3532896,0.37837839126586914
1769,17,812415,0.3513513505458832
1769,18,1030767,0.3513513505458832
1769,19,1540236,0.3513513505458832
1769,20,1882970,0.3513513505458832
1769,21,4836639,0.3513513505458832
1769,22,221359,0.3243243098258972
1769,23,841320,0.3243243098258972
1769,24,1235619,0.3243243098258972
1769,25,1835605,0.3243243098258972
1769,26,1940137,0.3243243098258972
1769,27,3295655,0.3243243098258972
1769,28,3295919,0.3243243098258972
1769,29,3324344,0.3243243098258972
1769,30,3349450,0.3243243098258972
1769,31,24065147,0.3243243098258972
1769,32,1768,0.29729729890823364
1769,33,420965,0.29729729890823364
1769,34,1272463,0.29729729890823364
1769,35,2100252,0.29729729890823364
1769,36,2766512,0.29729729890823364
1769,37,2859378,0.29729729890823364
1769,38,2931549,0.29729729890823364
1769,39,2977639,0.29729729890823364
1769,40,3300573,0.29729729890823364
1769,41,3301398,0.29729729890823364
1769,42,3303888,0.29729729890823364
1769,43,4489585,0.29729729890823364
1769,44,810135,0.2702702581882477
1769,45,847007,0.2702702581882477
1769,46,948387,0.2702702581882477
1769,47,1499998,0.2702702581882477
1769,48,1839377,0.2702702581882477
1769,49,1987778,0.2702702581882477
1769,50,2180358,0.2702702581882477
1769,51,2307233,0.2702702581882477
1769,52,2373750,0.2702702581882477
1769,53,2693329,0.2702702581882477
1769,54,3078186,0.2702702581882477
1769,55,3118417,0.2702702581882477
1769,56,3271379,0.2702702581882477
1769,57,40283,0.2432432472705841
1769,58,260248,0.2432432472705841
1769,59,810663,0.2432432472705841
1769,60,878368,0.2432432472705841
1781,1,829351,0.59375
1781,2,245494,0.53125
1781,3,1540236,0.53125
1781,4,3275794,0.46875
1781,5,4640799,0.46875
1781,6,2792775,0.4375
1781,7,153313,0.40625
1781,8,3078186,0.40625
1781,9,829330,0.375
1781,10,2207778,0.375
1781,11,3204327,0.375
1781,12,878368,0.34375
1781,13,1272463,0.34375
1781,14,1392700,0.34375
1781,15,1466917,0.34375
1781,16,2402163,0.34375
1781,17,2543234,0.34375
1781,18,3036731,0.34375
1781,19,3046572,0.34375
1781,20,3295655,0.34375
1781,21,41335427,0.34375
1781,22,948387,0.3125
1781,23,1536771,0.3125
1781,24,2809203,0.3125
1781,25,2963218,0.3125
1781,26,2963845,0.3125
1781,27,2964424,0.3125
1781,28,3295919,0.3125
1781,29,6171458,0.3125
1781,30,23596,0.28125
1781,31,992628,0.28125
1781,32,1030767,0.28125
1781,33,1558965,0.28125
1781,34,1683562,0.28125
1781,35,1708725,0.28125
1781,36,1835605,0.28125
1781,37,2766512,0.28125
1781,38,3060926,0.28125
1781,39,3374404,0.28125
1781,40,6231171,0.28125
1781,41,829341,0.25
1781,42,1095121,0.25
1781,43,1119185,0.25
1781,44,1570229,0.25
1781,45,1970226,0.25
1781,46,2180358,0.25
1781,47,3204877,0.25
1781,48,3272005,0.25
1781,49,3462456,0.25
1781,50,3532896,0.25
1781,51,44848425,0.25
1781,52,30518,0.21875
1781,53,40283,0.21875
1781,54,265616,0.21875
1781,55,736076,0.21875
1781,56,1164465,0.21875
1781,57,1268631,0.21875
1781,58,1315615,0.21875
1781,59,1385044,0.21875
1781,60,1413589,0.21875
1803,1,849585,0.677570104598999
1803,2,1742269,0.6355140209197998
1803,3,150259,0.605140209197998
1803,4,1552134,0.6028037667274475
1803,5,3230869,0.5630841255187988
1803,6,150017,0.5233644843101501
1803,7,3048937,0.5093457698822021
1803,8,4640799,0.5093457698822021
1803,9,2792775,0.4532710313796997
1803,10,2745957,0.44392523169517517
1803,11,996156,0.4252336323261261
1803,12,1150571,0.4112149477005005
1803,13,1812101,0.4112149477005005
1803,14,2402163,0.4065420627593994
1803,15,1540236,0.40186914801597595
1803,16,6231171,0.40186914801597595
1803,17,3275794,0.3995327055454254
1803,18,3046572,0.39485982060432434
1803,19,15599,0.3901869058609009
1803,20,2963218,0.38317757844924927
1803,21,41335427,0.3785046637058258
1803,22,2809203,0.3504672944545746
1803,23,3204327,0.3457943797111511
1803,24,153313,0.34112149477005005
1803,25,46575,0.329439252614975
1803,26,6171458,0.32710281014442444
1803,27,2454497,0.322429895401001
1803,28,2248680,0.3107476532459259
1803,29,3532896,0.30140188336372375
1803,30,2207778,0.29906541109085083
1803,31,40283,0.2897196114063263
1803,32,2113248,0.2897196114063263
1803,33,3165724,0.2850467264652252
1803,34,3254516,0.2850467264652252
1803,35,2766512,0.2827102839946747
1803,36,3017730,0.2827102839946747
1803,37,2791999,0.26635512709617615
1803,38,8812783,0.26635512709617615
1803,39,1733095,0.2640186846256256
1803,40,6760952,0.2640186846256256
1803,41,1316297,0.2616822421550751
1803,42,6560478,0.2616822421550751
1803,43,1272463,0.25934579968452454
1803,44,1814,0.257009357213974
1803,45,1708725,0.2546728849411011
1803,46,15553789,0.2546728849411011
1803,47,873132,0.25233644247055054
1803,48,3324421,0.25
1803,49,1466917,0.24766355752944946
1803,50,1810634,0.24766355752944946
1803,51,3036731,0.24766355752944946
1803,52,4847031,0.2429906576871872
1803,53,14015,0.24065420031547546
1803,54,3376836,0.24065420031547546
1803,55,4790821,0.24065420031547546
1803,56,3078186,0.23130841553211212
1803,57,150226,0.2289719581604004
1803,58,3083085,0.2289719581604004
1803,59,4836639,0.22663551568984985
1803,60,22533,0.22429905831813812
1814,1,849585,0.7142857313156128
1814,2,150259,0.6984127163887024
1814,3,1742269,0.6666666865348816
1814,4,2454497,0.6309523582458496
1814,5,3048937,0.6269841194152832
1814,6,3230869,0.6150793433189392
1814,7,1552134,0.6071428656578064
1814,8,150017,0.5833333134651184
1814,9,4640799,0.5277777910232544
1814,10,2248680,0.488095223903656
1814,11,2745957,0.488095223903656
1814,12,15599,0.4841269850730896
1814,13,1812101,0.4682539701461792
1814,14,1733095,0.4563491940498352
1814,15,3275794,0.4523809552192688
1814,16,1803,0.4365079402923584
1814,17,1540236,0.4285714328289032
1814,18,2792775,0.4285714328289032
1814,19,6231171,0.4126984179019928
1814,20,3046572,0.408730149269104
1814,21,996156,0.4047619104385376
1814,22,46575,0.4007936418056488
1814,23,2402163,0.4007936418056488
1814,24,1150571,0.3968254029750824
1814,25,3204327,0.3888888955116272
1814,26,150039,0.3849206268787384
1814,27,1316297,0.3769841194152832
1814,28,153313,0.369047611951828
1814,29,2963218,0.3650793731212616
1814,30,3165724,0.3650793731212616
1814,31,41335427,0.3611111044883728
1814,32,6560478,0.3571428656578064
1814,33,2113248,0.3531745970249176
1814,34,2809203,0.3531745970249176
1814,35,59181,0.3452380895614624
1814,36,2766512,0.3452380895614624
1814,37,2330175,0.3373015820980072
1814,38,3254516,0.3373015820980072
1814,39,3017730,0.3333333432674408
1814,40,3324421,0.329365074634552
1814,41,15553789,0.329365074634552
1814,42,1590722,0.3253968358039856
1814,43,2207778,0.3214285671710968
1814,44,2791999,0.3214285671710968
1814,45,1272463,0.3174603283405304
1814,46,40283,0.3134920597076416
1814,47,150292,0.3134920597076416
1814,48,14015,0.3095238208770752
1814,49,522169,0.3095238208770752
1814,50,11067830,0.3095238208770752
1814,51,4836639,0.3055555522441864
1814,52,6760952,0.3055555522441864
1814,53,1810634,0.30158731341362
1814,54,22533,0.2936508059501648
1814,55,6171458,0.2936508059501648
1814,56,150226,0.289682537317276
1814,57,873132,0.2857142984867096
1814,58,3083085,0.2857142984867096
1814,59,3166850,0.2817460298538208
1814,60,1466917,0.2738095223903656
1835,1,153313,0.5714285969734192
1835,2,40283,0.4285714328289032
1835,3,112713,0.4285714328289032
1835,4,1746717,0.4285714328289032
1835,5,3204877,0.4285714328289032
1835,6,3275794,0.4285714328289032
1835,7,598404,0.380952388048172
1835,8,1540236,0.380952388048172
1835,9,1885548,0.380952388048172
1835,10,3078186,0.380952388048172
1835,11,3204327,0.380952388048172
1835,12,814330,0.3333333432674408
1835,13,1272463,0.3333333432674408
1835,14,1783981,0.3333333432674408
1835,15,2192250,0.3333333432674408
1835,16,2766512,0.3333333432674408
1835,17,3036731,0.3333333432674408
1835,18,3044365,0.3333333432674408
1835,19,3349450,0.3333333432674408
1835,20,23596,0.2857142984867096
1835,21,175720,0.2857142984867096
1835,22,481941,0.2857142984867096
1835,23,850076,0.2857142984867096
1835,24,1625515,0.2857142984867096
1835,25,1835605,0.2857142984867096
1835,26,1896522,0.2857142984867096
1835,27,2138852,0.2857142984867096
1835,28,2207778,0.2857142984867096
1835,29,2977639,0.2857142984867096
1835,30,3532896,0.2857142984867096
1835,31,3634639,0.2857142984867096
1835,32,4836639,0.2857142984867096
1835,33,31340,0.2380952388048172
1835,34,121842,0.2380952388048172
1835,35,208362,0.2380952388048172
1835,36,245494,0.2380952388048172
1835,37,252618,0.2380952388048172
1835,38,830939,0.2380952388048172
1835,39,907243,0.2380952388048172
1835,40,908211,0.2380952388048172
1835,41,909457,0.2380952388048172
1835,42,1392700,0.2380952388048172
1835,43,1565818,0.2380952388048172
1835,44,1570273,0.2380952388048172
1835,45,1683562,0.2380952388048172
1835,46,1703483,0.2380952388048172
1835,47,1742269,0.2380952388048172
1835,48,1860288,0.2380952388048172
1835,49,2100252,0.2380952388048172
1835,50,2305997,0.2380952388048172
1835,51,2361393,0.2380952388048172
1835,52,2422333,0.2380952388048172
1835,53,2507928,0.2380952388048172
1835,54,2877220,0.2380952388048172
1835,55,2931549,0.2380952388048172
1835,56,2963845,0.2380952388048172
1835,57,2996445,0.2380952388048172
1835,58,3135643,0.2380952388048172
1835,59,3138328,0.2380952388048172
1835,60,3237312,0.2380952388048172
1844,1,3275794,0.5454545617103577
1844,2,245494,0.5353535413742065
1844,3,3036731,0.4343434274196625
1844,4,153313,0.42424243688583374
1844,5,1119185,0.39393940567970276
1844,6,1659905,0.3737373650074005
1844,7,3060926,0.3737373650074005
1844,8,2977639,0.34343433380126953
1844,9,1352495,0.3333333432674408
1844,10,1385044,0.3232323229312897
1844,11,1272463,0.31313130259513855
1844,12,3324344,0.31313130259513855
1844,13,1268631,0.3030303120613098
1844,14,1683562,0.3030303120613098
1844,15,2207778,0.3030303120613098
1844,16,4640799,0.3030303120613098
1844,17,2792775,0.2929292917251587
1844,18,3285349,0.2929292917251587
1844,19,3355573,0.2929292917251587
1844,20,4703,0.28282827138900757
1844,21,2180358,0.28282827138900757
1844,22,3532896,0.28282827138900757
1844,23,13306276,0.28282827138900757
1844,24,16827462,0.28282827138900757
1844,25,682500,0.27272728085517883
1844,26,1565818,0.27272728085517883
1844,27,40283,0.2626262605190277
1844,28,265616,0.2626262605190277
1844,29,1940709,0.2626262605190277
1844,30,3295919,0.2626262605190277
1844,31,21519538,0.2626262605190277
1844,32,1030767,0.2525252401828766
1844,33,3204877,0.2525252401828766
1844,34,3295655,0.2525252401828766
1844,35,46663,0.24242424964904785
1844,36,1499998,0.24242424964904785
1844,37,2809709,0.24242424964904785
1844,38,3281466,0.24242424964904785
1844,39,4489585,0.24242424964904785
1844,40,25491300,0.24242424964904785
1844,41,860196,0.23232322931289673
1844,42,1540236,0.23232322931289673
1844,43,1558965,0.23232322931289673
1844,44,1858012,0.23232322931289673
1844,45,2402163,0.23232322931289673
1844,46,2543234,0.23232322931289673
1844,47,2809203,0.23232322931289673
1844,48,3349450,0.23232322931289673
1844,49,4259809,0.23232322931289673
1844,50,4836639,0.23232322931289673
1844,51,41335427,0.23232322931289673
1844,52,44848425,0.23232322931289673
1844,53,30518,0.2222222238779068
1844,54,332242,0.2222222238779068
1844,55,948387,0.2222222238779068
1844,56,1145090,0.2222222238779068
1844,57,1708725,0.2222222238779068
1844,58,2963218,0.2222222238779068
1844,59,3078186,0.2222222238779068
1844,60,3393917,0.2222222238779068
1863,1,948387,0.7857142686843872
1863,2,4640799,0.75
1863,3,1196035,0.7142857313156128
1863,4,3275794,0.7142857313156128
1863,5,2402163,0.6785714030265808
1863,6,1196024,0.6428571343421936
1863,7,1234050,0.6071428656578064
1863,8,3046572,0.6071428656578064
1863,9,4790821,0.6071428656578064
1863,10,6231171,0.6071428656578064
1863,11,2809203,0.5714285969734192
1863,12,2963218,0.5714285969734192
1863,13,41335427,0.5714285969734192
1863,14,1540236,0.5357142686843872
1863,15,2792775,0.5357142686843872
1863,16,987048,0.5
1863,17,1575845,0.5
1863,18,1575861,0.5
1863,19,3464264,0.5
1863,20,2422333,0.4642857015132904
1863,21,2977639,0.4642857015132904
1863,22,3060926,0.4642857015132904
1863,23,3204327,0.4642857015132904
1863,24,3244642,0.4642857015132904
1863,25,153313,0.4285714328289032
1863,26,2543234,0.4285714328289032
1863,27,3358283,0.4285714328289032
1863,28,13155899,0.4285714328289032
1863,29,1015554,0.3928571343421936
1863,30,1272463,0.3928571343421936
1863,31,1466917,0.3928571343421936
1863,32,2956372,0.3928571343421936
1863,33,4836639,0.3928571343421936
1863,34,30518,0.3571428656578064
1863,35,245494,0.3571428656578064
1863,36,878368,0.3571428656578064
1863,37,992628,0.3571428656578064
1863,38,1234051,0.3571428656578064
1863,39,1419727,0.3571428656578064
1863,40,1885548,0.3571428656578064
1863,41,1955658,0.3571428656578064
1863,42,3078186,0.3571428656578064
1863,43,3149767,0.3571428656578064
1863,44,3208463,0.3571428656578064
1863,45,3346751,0.3571428656578064
1863,46,3349450,0.3571428656578064
1863,47,3532896,0.3571428656578064
1863,48,4717423,0.3571428656578064
1863,49,6171458,0.3571428656578064
1863,50,40283,0.3214285671710968
1863,51,781271,0.3214285671710968
1863,52,894834,0.3214285671710968
1863,53,1031537,0.3214285671710968
1863,54,1059917,0.3214285671710968
1863,55,1219592,0.3214285671710968
1863,56,1384549,0.3214285671710968
1863,57,1708725,0.3214285671710968
1863,58,1993810,0.3214285671710968
1863,59,2207778,0.3214285671710968
1863,60,2485462,0.3214285671710968
1878,1,1210896,0.921875
1878,2,1880,0.859375
1878,3,2792775,0.8125
1878,4,2901348,0.78125
1878,5,4640799,0.6875
1878,6,6171458,0.6875
1878,7,1879,0.65625
1878,8,6231171,0.625
1878,9,3046572,0.609375
1878,10,2402163,0.59375
1878,11,2809203,0.59375
1878,12,2963218,0.59375
1878,13,1685711,0.578125
1878,14,41335427,0.5625
1878,15,8812783,0.546875
1878,16,1535598,0.515625
1878,17,13155899,0.515625
1878,18,2543234,0.5
1878,19,4790821,0.484375
1878,20,3275794,0.46875
1878,21,3346751,0.46875
1878,22,16827462,0.40625
1878,23,43554,0.390625
1878,24,1679789,0.390625
1878,25,878368,0.375
1878,26,4551489,0.375
1878,27,15524542,0.375
1878,28,2267189,0.359375
1878,29,2377629,0.34375
1878,30,245494,0.328125
1878,31,2285229,0.328125
1878,32,948387,0.3125
1878,33,1069597,0.3125
1878,34,1426690,0.3125
1878,35,1540236,0.3125
1878,36,2588213,0.3125
1878,37,2936530,0.3125
1878,38,987048,0.296875
1878,39,1272463,0.296875
1878,40,2237401,0.296875
1878,41,3212258,0.296875
1878,42,6366642,0.296875
1878,43,15545385,0.296875
1878,44,30518,0.28125
1878,45,30530,0.28125
1878,46,2422333,0.28125
1878,47,3178011,0.28125
1878,48,3532896,0.28125
1878,49,1031537,0.265625
1878,50,1575860,0.265625
1878,51,2895388,0.265625
1878,52,10342808,0.265625
1878,53,888455,0.25
1878,54,3316094,0.25
1878,55,1059917,0.234375
1878,56,2236198,0.234375
1878,57,2485462,0.234375
1878,58,2677305,0.234375
1878,59,2765786,0.234375
1878,60,3204327,0.234375
1879,1,1210896,0.9056603908538818
1879,2,2901348,0.8113207817077637
1879,3,1878,0.7924528121948242
1879,4,1880,0.7924528121948242
1879,5,2792775,0.7924528121948242
1879,6,4640799,0.7358490824699402
1879,7,1685711,0.7169811129570007
1879,8,6171458,0.6792452931404114
1879,9,2402163,0.6415094137191772
1879,10,1535598,0.6226415038108826
1879,11,6231171,0.6226415038108826
1879,12,2809203,0.6037735939025879
1879,13,3046572,0.6037735939025879
1879,14,8812783,0.5849056839942932
1879,15,2963218,0.5660377144813538
1879,16,41335427,0.5471698045730591
1879,17,13155899,0.5283018946647644
1879,18,3346751,0.49056604504585266
1879,19,4790821,0.49056604504585266
1879,20,3275794,0.4528301954269409
1879,21,1679789,0.43396225571632385
1879,22,2543234,0.43396225571632385
1879,23,16827462,0.4150943458080292
1879,24,15524542,0.3962264060974121
1879,25,948387,0.37735849618911743
1879,26,987048,0.37735849618911743
1879,27,43554,0.35849055647850037
1879,28,2267189,0.35849055647850037
1879,29,1426690,0.3396226465702057
1879,30,2422333,0.3396226465702057
1879,31,4551489,0.3396226465702057
1879,32,30518,0.3207547068595886
1879,33,2237401,0.3207547068595886
1879,34,3532896,0.3207547068595886
1879,35,1540236,0.30188679695129395
1879,36,1575860,0.30188679695129395
1879,37,2285229,0.30188679695129395
1879,38,2377629,0.30188679695129395
1879,39,2936530,0.30188679695129395
1879,40,245494,0.2830188572406769
1879,41,878368,0.2830188572406769
1879,42,1059917,0.2830188572406769
1879,43,1272463,0.2830188572406769
1879,44,6366642,0.2830188572406769
1879,45,1031537,0.2641509473323822
1879,46,1069597,0.2641509473323822
1879,47,2485462,0.2641509473323822
1879,48,2628323,0.2641509473323822
1879,49,3178011,0.2641509473323822
1879,50,3348636,0.2641509473323822
1879,51,3443248,0.2641509473323822
1879,52,30530,0.24528302252292633
1879,53,750423,0.24528302252292633
1879,54,888455,0.24528302252292633
1879,55,2134456,0.24528302252292633
1879,56,2236198,0.24528302252292633
1879,57,2588213,0.24528302252292633
1879,58,2677305,0.24528302252292633
1879,59,2895388,0.24528302252292633
1879,60,3212258,0.24528302252292633
1880,1,1210896,0.9324324131011963
1880,2,2792775,0.8243243098258972
1880,3,1878,0.7432432174682617
1880,4,2901348,0.662162184715271
1880,5,6171458,0.662162184715271
1880,6,4640799,0.6486486196517944
1880,7,3046572,0.5945945978164673
1880,8,8812783,0.5945945978164673
1880,9,2402163,0.5810810923576355
1880,10,2809203,0.5810810923576355
1880,11,1879,0.5675675868988037
1880,12,6231171,0.5675675868988037
1880,13,2543234,0.5405405163764954
1880,14,13155899,0.5405405163764954
1880,15,2963218,0.5270270109176636
1880,16,41335427,0.5270270109176636
1880,17,1685711,0.4864864945411682
1880,18,3275794,0.4864864945411682
1880,19,4790821,0.47297295928001404
1880,20,1679789,0.45945945382118225
1880,21,1535598,0.4324324429035187
1880,22,16827462,0.4324324429035187
1880,23,3346751,0.4189189076423645
1880,24,15524542,0.37837839126586914
1880,25,878368,0.36486485600471497
1880,26,3212258,0.3513513505458832
1880,27,2267189,0.3378378450870514
1880,28,43554,0.3243243098258972
1880,29,948387,0.3243243098258972
1880,30,1069597,0.3243243098258972
1880,31,1540236,0.3243243098258972
1880,32,4551489,0.3243243098258972
1880,33,15545385,0.3243243098258972
1880,34,1426690,0.31081080436706543
1880,35,30518,0.29729729890823364
1880,36,2377629,0.29729729890823364
1880,37,245494,0.28378379344940186
1880,38,888455,0.28378379344940186
1880,39,987048,0.28378379344940186
1880,40,2237401,0.28378379344940186
1880,41,2422333,0.28378379344940186
1880,42,2588213,0.28378379344940186
1880,43,2936530,0.28378379344940186
1880,44,6366642,0.28378379344940186
1880,45,1575860,0.2702702581882477
1880,46,2485462,0.2702702581882477
1880,47,30530,0.2567567527294159
1880,48,15413183,0.2567567527294159
1880,49,118521,0.2432432472705841
1880,50,1031537,0.2432432472705841
1880,51,1272463,0.2432432472705841
1880,52,2285229,0.2432432472705841
1880,53,2895388,0.2432432472705841
1880,54,6674837,0.2432432472705841
1880,55,18390691,0.2432432472705841
1880,56,1334778,0.22972972691059113
1880,57,2675454,0.22972972691059113
1880,58,2765786,0.22972972691059113
1880,59,3020535,0.22972972691059113
1880,60,3178011,0.22972972691059113
1889,1,2984402,0.8648648858070374
1889,2,486980,0.8108108043670654
1889,3,551326,0.7567567825317383
1889,4,801203,0.7567567825317383
1889,5,1178215,0.7567567825317383
1889,6,1193907,0.7297297120094299
1889,7,1540236,0.7027027010917664
1889,8,4640799,0.7027027010917664
1889,9,810431,0.6756756901741028
1889,10,3204327,0.6756756901741028
1889,11,1178237,0.6486486196517944
1889,12,1179753,0.6486486196517944
1889,13,2402163,0.6486486196517944
1889,14,2809203,0.6486486196517944
1889,15,1177243,0.6216216087341309
1889,16,1193886,0.6216216087341309
1889,17,1193896,0.6216216087341309
1889,18,6231171,0.6216216087341309
1889,19,801181,0.5945945978164673
1889,20,3046572,0.5945945978164673
1889,21,41335427,0.5945945978164673
1889,22,2963218,0.5675675868988037
1889,23,2792775,0.5405405163764954
1889,24,3275794,0.5405405163764954
1889,25,4790821,0.5405405163764954
1889,26,3078186,0.5135135054588318
1889,27,2963845,0.4864864945411682
1889,28,2422333,0.45945945382118225
1889,29,6171458,0.45945945382118225
1889,30,2964424,0.4324324429035187
1889,31,1032790,0.4054054021835327
1889,32,3346751,0.4054054021835327
1889,33,1204699,0.37837839126586914
1889,34,1272463,0.37837839126586914
1889,35,801148,0.3513513505458832
1889,36,1178787,0.3513513505458832
1889,37,1334778,0.3513513505458832
1889,38,1536771,0.3513513505458832
1889,39,2207778,0.3513513505458832
1889,40,2936530,0.3513513505458832
1889,41,43554,0.3243243098258972
1889,42,245494,0.3243243098258972
1889,43,987048,0.3243243098258972
1889,44,1466917,0.3243243098258972
1889,45,2377629,0.3243243098258972
1889,46,2977639,0.3243243098258972
1889,47,3060926,0.3243243098258972
1889,48,3178011,0.3243243098258972
1889,49,4551489,0.3243243098258972
1889,50,10107891,0.3243243098258972
1889,51,153313,0.29729729890823364
1889,52,948387,0.29729729890823364
1889,53,1015554,0.29729729890823364
1889,54,1333018,0.29729729890823364
1889,55,2543234,0.29729729890823364
1889,56,3272005,0.29729729890823364
1889,57,3349054,0.29729729890823364
1889,58,13155899,0.29729729890823364
1889,59,508999,0.2702702581882477
1889,60,878368,0.2702702581882477
1934,1,1477756,0.5652173757553101
1934,2,245494,0.52173912525177
1934,3,3036731,0.52173912525177
1934,4,1268631,0.47826087474823
1934,5,327422,0.43478259444236755
1934,6,866393,0.43478259444236755
1934,7,1940709,0.43478259444236755
1934,8,3295655,0.43478259444236755
1934,9,2999000,0.3913043439388275
1934,10,3271542,0.3913043439388275
1934,11,6151926,0.3913043439388275
1934,12,1621115,0.3478260934352875
1934,13,1683562,0.3478260934352875
1934,14,3324344,0.3478260934352875
1934,15,1935,0.30434781312942505
1934,16,4055,0.30434781312942505
1934,17,153313,0.30434781312942505
1934,18,830939,0.30434781312942505
1934,19,968084,0.30434781312942505
1934,20,1116802,0.30434781312942505
1934,21,1309111,0.30434781312942505
1934,22,2368224,0.30434781312942505
1934,23,2409320,0.30434781312942505
1934,24,2859378,0.30434781312942505
1934,25,2968156,0.30434781312942505
1934,26,3060926,0.30434781312942505
1934,27,3204877,0.30434781312942505
1934,28,3275794,0.30434781312942505
1934,29,3393910,0.30434781312942505
1934,30,11221066,0.30434781312942505
1934,31,43003,0.260869562625885
1934,32,46663,0.260869562625885
1934,33,208153,0.260869562625885
1934,34,260248,0.260869562625885
1934,35,481854,0.260869562625885
1934,36,598119,0.260869562625885
1934,37,911489,0.260869562625885
1934,38,958661,0.260869562625885
1934,39,1222673,0.260869562625885
1934,40,1385044,0.260869562625885
1934,41,1595511,0.260869562625885
1934,42,1701188,0.260869562625885
1934,43,1896522,0.260869562625885
1934,44,1970226,0.260869562625885
1934,45,2507928,0.260869562625885
1934,46,2531376,0.260869562625885
1934,47,2612809,0.260869562625885
1934,48,2766512,0.260869562625885
1934,49,2931549,0.260869562625885
1934,50,2977639,0.260869562625885
1934,51,3078186,0.260869562625885
1934,52,3393917,0.260869562625885
1934,53,4358649,0.260869562625885
1934,54,4489585,0.260869562625885
1934,55,4836639,0.260869562625885
1934,56,6552198,0.260869562625885
1934,57,18160093,0.260869562625885
1934,58,23688523,0.260869562625885
1934,59,574,0.21739129722118378
1934,60,7480,0.21739129722118378
1935,1,1477756,0.6190476417541504
1935,2,866393,0.5714285969734192
1935,3,2999000,0.523809552192688
1935,4,3016553,0.4285714328289032
1935,5,3271542,0.4285714328289032
1935,6,6151926,0.4285714328289032
1935,7,1268631,0.380952388048172
1935,8,2368224,0.380952388048172
1935,9,3295655,0.380952388048172
1935,10,1934,0.3333333432674408
1935,11,23596,0.3333333432674408
1935,12,1065465,0.3333333432674408
1935,13,2968156,0.3333333432674408
1935,14,3285349,0.3333333432674408
1935,15,3294830,0.3333333432674408
1935,16,3324344,0.3333333432674408
1935,17,153313,0.2857142984867096
1935,18,245494,0.2857142984867096
1935,19,841320,0.2857142984867096
1935,20,1499998,0.2857142984867096
1935,21,1683562,0.2857142984867096
1935,22,2507928,0.2857142984867096
1935,23,2956372,0.2857142984867096
1935,24,2977639,0.2857142984867096
1935,25,3036731,0.2857142984867096
1935,26,3204877,0.2857142984867096
1935,27,3393910,0.2857142984867096
1935,28,3393917,0.2857142984867096
1935,29,6552198,0.2857142984867096
1935,30,3627,0.2380952388048172
1935,31,260248,0.2380952388048172
1935,32,327422,0.2380952388048172
1935,33,481854,0.2380952388048172
1935,34,876183,0.2380952388048172
1935,35,909457,0.2380952388048172
1935,36,941200,0.2380952388048172
1935,37,1323448,0.2380952388048172
1935,38,1565818,0.2380952388048172
1935,39,1621115,0.2380952388048172
1935,40,2409320,0.2380952388048172
1935,41,2531376,0.2380952388048172
1935,42,2595873,0.2380952388048172
1935,43,3060926,0.2380952388048172
1935,44,3138328,0.2380952388048172
1935,45,3298883,0.2380952388048172
1935,46,3355573,0.2380952388048172
1935,47,6498897,0.2380952388048172
1935,48,18160093,0.2380952388048172
1935,49,40283,0.190476194024086
1935,50,46663,0.190476194024086
1935,51,68729,0.190476194024086
1935,52,69741,0.190476194024086
1935,53,75749,0.190476194024086
1935,54,493634,0.190476194024086
1935,55,543143,0.190476194024086
1935,56,598119,0.190476194024086
1935,57,649216,0.190476194024086
1935,58,814330,0.190476194024086
1935,59,847007,0.190476194024086
1935,60,856555,0.190476194024086
1956,1,4640799,0.7333333492279053
1956,2,3060926,0.6333333253860474
1956,3,2402163,0.6000000238418579
1956,4,2792775,0.6000000238418579
1956,5,3275794,0.5666666626930237
1956,6,6231171,0.5666666626930237
1956,7,2809203,0.5333333611488342
1956,8,3046572,0.5333333611488342
1956,9,4790821,0.5
1956,10,41335427,0.5
1956,11,2963218,0.46666666865348816
1956,12,3464264,0.46666666865348816
1956,13,948387,0.4333333373069763
1956,14,2977639,0.4333333373069763
1956,15,2543234,0.4000000059604645
1956,16,2904401,0.4000000059604645
1956,17,3204327,0.4000000059604645
1956,18,6171458,0.4000000059604645
1956,19,3294501,0.36666667461395264
1956,20,8812783,0.36666667461395264
1956,21,13155899,0.36666667461395264
1956,22,1540236,0.3333333432674408
1956,23,3349054,0.3333333432674408
1956,24,992628,0.30000001192092896
1956,25,1059917,0.30000001192092896
1956,26,3244642,0.30000001192092896
1956,27,3348636,0.30000001192092896
1956,28,3358283,0.30000001192092896
1956,29,3532896,0.30000001192092896
1956,30,245494,0.2666666805744171
1956,31,768570,0.2666666805744171
1956,32,781271,0.2666666805744171
1956,33,1031537,0.2666666805744171
1956,34,1119185,0.2666666805744171
1956,35,1466917,0.2666666805744171
1956,36,1679789,0.2666666805744171
1956,37,2207778,0.2666666805744171
1956,38,2422333,0.2666666805744171
1956,39,2485462,0.2666666805744171
1956,40,2534720,0.2666666805744171
1956,41,3078186,0.2666666805744171
1956,42,3215136,0.2666666805744171
1956,43,63845,0.23333333432674408
1956,44,153313,0.23333333432674408
1956,45,833257,0.23333333432674408
1956,46,987048,0.23333333432674408
1956,47,1180409,0.23333333432674408
1956,48,1272463,0.23333333432674408
1956,49,1419727,0.23333333432674408
1956,50,2267189,0.23333333432674408
1956,51,2809709,0.23333333432674408
1956,52,2920952,0.23333333432674408
1956,53,3165724,0.23333333432674408
1956,54,3178011,0.23333333432674408
1956,55,3186437,0.23333333432674408
1956,56,3346751,0.23333333432674408
1956,57,3356006,0.23333333432674408
1956,58,14245059,0.23333333432674408
1956,59,16827462,0.23333333432674408
1956,60,535245,0.20000000298023224
1968,1,1284999,0.7575757503509521
1968,2,632895,0.6666666865348816
1968,3,933852,0.6666666865348816
1968,4,708860,0.6515151262283325
1968,5,987048,0.6515151262283325
1968,6,3014191,0.6363636255264282
1968,7,4640799,0.6363636255264282
1968,8,2792775,0.6212121248245239
1968,9,30518,0.6060606241226196
1968,10,2402163,0.6060606241226196
1968,11,2494398,0.5909090638160706
1968,12,3046572,0.560606062412262
1968,13,3275794,0.560606062412262
1968,14,6231171,0.560606062412262
1968,15,6171458,0.5454545617103577
1968,16,1015554,0.5303030014038086
1968,17,2809203,0.5303030014038086
1968,18,2963218,0.5303030014038086
1968,19,3532896,0.5151515007019043
1968,20,2543234,0.5
1968,21,41335427,0.5
1968,22,3186437,0.469696968793869
1968,23,3244642,0.469696968793869
1968,24,4790821,0.4545454680919647
1968,25,30530,0.42424243688583374
1968,26,86934,0.42424243688583374
1968,27,8812783,0.42424243688583374
1968,28,2765786,0.40909090638160706
1968,29,3020535,0.40909090638160706
1968,30,1426690,0.39393940567970276
1968,31,4121,0.3787878751754761
1968,32,2029611,0.3787878751754761
1968,33,2379261,0.3787878751754761
1968,34,3060926,0.3787878751754761
1968,35,4717423,0.3787878751754761
1968,36,160962,0.3636363744735718
1968,37,879886,0.3636363744735718
1968,38,267076,0.3484848439693451
1968,39,2884161,0.3484848439693451
1968,40,3464264,0.3484848439693451
1968,41,267087,0.3333333432674408
1968,42,878368,0.3333333432674408
1968,43,948387,0.3333333432674408
1968,44,2029654,0.3333333432674408
1968,45,2125304,0.3333333432674408
1968,46,2977639,0.3333333432674408
1968,47,3144982,0.3333333432674408
1968,48,3212258,0.3333333432674408
1968,49,16827462,0.3333333432674408
1968,50,245494,0.3181818127632141
1968,51,1540236,0.3181818127632141
1968,52,1835605,0.3181818127632141
1968,53,3358283,0.3181818127632141
1968,54,1145090,0.3030303120613098
1968,55,2675454,0.3030303120613098
1968,56,3036731,0.3030303120613098
1968,57,3349450,0.3030303120613098
1968,58,886002,0.28787878155708313
1968,59,992628,0.28787878155708313
1968,60,1200805,0.28787878155708313
