work_id,rank,neighbour_work_id,score
87,1,1279777,0.1388888955116272
87,2,1799308,0.10294117778539658
87,3,503099,0.09090909361839294
87,4,6800355,0.0882352963089943
87,5,126092,0.08219178020954132
87,6,2054130,0.078125
87,7,2643917,0.0714285746216774
87,8,2741369,0.06896551698446274
87,9,1461285,0.06849315017461777
87,10,58294,0.06578947603702545
87,11,2756567,0.060975611209869385
87,12,850164,0.0602409653365612
87,13,1480967,0.05797101557254791
87,14,62403,0.05714285746216774
87,15,2911195,0.05681818351149559
87,16,2758130,0.056338027119636536
87,17,517040,0.05494505539536476
87,18,69653,0.054347824305295944
87,19,1526185,0.053892213851213455
87,20,1429972,0.051948051899671555
87,21,846655,0.05154639109969139
87,22,3234420,0.050724636763334274
87,23,14948,0.04878048598766327
87,24,191930,0.04838709533214569
87,25,2485770,0.048128340393304825
87,26,1240854,0.0476190485060215
87,27,1248406,0.046875
87,28,114,0.04615384712815285
87,29,63449,0.04615384712815285
87,30,153639,0.04597701132297516
87,31,816449,0.04577464610338211
87,32,3032953,0.04545454680919647
87,33,3139048,0.04444444552063942
87,34,2324899,0.04411764815449715
87,35,1388839,0.043478261679410934
87,36,2067411,0.04301075264811516
87,37,340317,0.04285714402794838
87,38,15185234,0.04285714402794838
87,39,25491291,0.04285714402794838
87,40,1030360,0.042424242943525314
87,41,45101,0.0422535203397274
87,42,2589764,0.0422535203397274
87,43,16903994,0.04210526496171951
87,44,879027,0.0416666679084301
87,45,14558491,0.0416666679084301
87,46,41458,0.04054053872823715
87,47,1987481,0.04054053872823715
87,48,2775653,0.04040404036641121
87,49,1056841,0.04026845470070839
87,50,1671961,0.04026845470070839
87,51,376293,0.0396825410425663
87,52,6868259,0.03896103799343109
87,53,186142,0.03846153989434242
87,54,21599077,0.037383176386356354
87,55,523148,0.03703703731298447
87,56,1959357,0.03703703731298447
87,57,99634,0.03658536449074745
87,58,2973873,0.03658536449074745
87,59,16997178,0.0357142873108387
87,60,1453178,0.03529411926865578
98,1,908288,0.24074074625968933
98,2,38609,0.10169491171836853
98,3,912164,0.09195402264595032
98,4,2260190,0.08888889104127884
98,5,33774,0.08196721225976944
98,6,1017538,0.08196721225976944
98,7,929501,0.08163265138864517
98,8,187711,0.08064515888690948
98,9,811541,0.07999999821186066
98,10,815261,0.07999999821186066
98,11,461588,0.078125
98,12,3353274,0.07594936341047287
98,13,1980705,0.07407407462596893
98,14,2714838,0.0731707289814949
98,15,2902978,0.06611569970846176
98,16,3241063,0.06593406945466995
98,17,23739,0.06586826592683792
98,18,1402076,0.06578947603702545
98,19,1065212,0.06521739065647125
98,20,2045283,0.06451612710952759
98,21,9910301,0.06329113990068436
98,22,1573727,0.0625
98,23,2548756,0.0625
98,24,516280,0.0615384615957737
98,25,31428,0.060975611209869385
98,26,1924825,0.06060606241226196
98,27,1357280,0.05999999865889549
98,28,7413,0.05882352963089943
98,29,2101859,0.05797101557254791
98,30,2165387,0.057692307978868484
98,31,912230,0.05681818351149559
98,32,2888227,0.05681818351149559
98,33,124782,0.056603774428367615
98,34,2212566,0.056603774428367615
98,35,426620,0.0560000017285347
98,36,510806,0.0560000017285347
98,37,3297002,0.055045872926712036
98,38,2484087,0.054794520139694214
98,39,220153,0.05454545468091965
98,40,1455666,0.05454545468091965
98,41,3766164,0.05454545468091965
98,42,3284660,0.054347824305295944
98,43,2713437,0.05319149047136307
98,44,3341834,0.05286343768239021
98,45,333021,0.05263157933950424
98,46,219207,0.0517241396009922
98,47,2047805,0.0517241396009922
98,48,2992356,0.05000000074505806
98,49,2011131,0.04838709533214569
98,50,2992357,0.04827586188912392
98,51,1288038,0.048192769289016724
98,52,1581343,0.04794520512223244
98,53,1568693,0.0470588244497776
98,54,3363757,0.043478261679410934
98,55,185983,0.04285714402794838
98,56,3238753,0.042424242943525314
98,57,1208431,0.0422535203397274
98,58,851747,0.04210526496171951
98,59,2289137,0.0416666679084301
98,60,6282264,0.04123711213469505
104,1,3311687,0.15079365670681
104,2,6825396,0.10569106042385101
104,3,130037,0.10204081982374191
104,4,874452,0.09929078072309494
104,5,1461252,0.0982142835855484
104,6,3471915,0.09756097197532654
104,7,419162,0.0939597338438034
104,8,205630,0.08695652335882187
104,9,16406269,0.07619047909975052
104,10,46729,0.07228915393352509
104,11,2099767,0.06172839552164078
104,12,3471950,0.0595238097012043
104,13,816185,0.05882352963089943
104,14,3374404,0.05828779563307762
104,15,44854000,0.05797101557254791
104,16,913065,0.056179776787757874
104,17,1929511,0.05128205195069313
104,18,1266827,0.050359711050987244
104,19,1596277,0.05000000074505806
104,20,1157007,0.049504950642585754
104,21,1382759,0.04938271641731262
104,22,50329544,0.048192769289016724
104,23,5913092,0.0469798669219017
104,24,5913140,0.04651162773370743
104,25,1811676,0.04285714402794838
104,26,2647331,0.0416666679084301
104,27,52079,0.041322313249111176
104,28,1811677,0.04109589010477066
104,29,2003391,0.040816325694322586
104,30,1005422,0.040697675198316574
104,31,6568806,0.04054053872823715
104,32,21532961,0.04054053872823715
104,33,1672379,0.03999999910593033
104,34,6888141,0.03921568766236305
104,35,20761,0.03896103799343109
104,36,18972679,0.03896103799343109
104,37,514360,0.03846153989434242
104,38,5793,0.03804347664117813
104,39,61165,0.037974681705236435
104,40,168694,0.037974681705236435
104,41,1643907,0.037974681705236435
104,42,3155594,0.037383176386356354
104,43,807825,0.03703703731298447
104,44,833895,0.03614457696676254
104,45,1046727,0.03614457696676254
104,46,2531706,0.0357142873108387
104,47,15369956,0.0357142873108387
104,48,563837,0.03496503457427025
104,49,2674629,0.03496503457427025
104,50,747996,0.0347222238779068
104,51,14572532,0.03378378227353096
104,52,1693250,0.033707864582538605
104,53,2321122,0.033707864582538605
104,54,802082,0.03361344709992409
104,55,366351,0.03349282220005989
104,56,14479209,0.032967034727334976
104,57,14652719,0.032786883413791656
104,58,1066730,0.032258063554763794
104,59,1390051,0.032258063554763794
104,60,3044552,0.032258063554763794
114,1,702835,0.16091954708099365
114,2,1056841,0.1130952388048172
114,3,1621037,0.09302325546741486
114,4,1952547,0.08496732264757156
114,5,1526185,0.0833333358168602
114,6,804397,0.08071748912334442
114,7,1251662,0.08053690940141678
114,8,2372397,0.0773809552192688
114,9,517040,0.07692307978868484
114,10,1437605,0.07438016682863235
114,11,1272044,0.0736842080950737
114,12,14948,0.07333333045244217
114,13,376293,0.07236842066049576
114,14,1936731,0.07222222536802292
114,15,1799308,0.07000000029802322
114,16,2741369,0.0683760717511177
114,17,276591,0.06741572916507721
114,18,2103139,0.06315789371728897
114,19,74826,0.0602409653365612
114,20,1755568,0.0572916679084301
114,21,1504548,0.05699481815099716
114,22,1279777,0.0555555559694767
114,23,2208750,0.054347824305295944
114,24,1220213,0.054054055362939835
114,25,2564369,0.05384615436196327
114,26,1017593,0.0535714291036129
114,27,503099,0.05263157933950424
114,28,755652,0.05263157933950424
114,29,816449,0.05210084095597267
114,30,2529422,0.050264548510313034
114,31,2046265,0.04938271641731262
114,32,19102940,0.04938271641731262
114,33,3228237,0.04901960864663124
114,34,1042464,0.04878048598766327
114,35,3222827,0.04854368790984154
114,36,842726,0.04724409431219101
114,37,2522906,0.046875
114,38,87,0.04615384712815285
114,39,1269162,0.0458715595304966
114,40,1019008,0.04545454680919647
114,41,6156487,0.04545454680919647
114,42,18484136,0.04444444552063942
114,43,2040137,0.04385964944958687
114,44,1651078,0.04324324429035187
114,45,4232388,0.042918454855680466
114,46,4668682,0.04273504391312599
114,47,1486259,0.042553190141916275
114,48,630903,0.04210526496171951
114,49,2960365,0.04210526496171951
114,50,45674421,0.041916169226169586
114,51,2246190,0.04182509332895279
114,52,1816464,0.0416666679084301
114,53,1909682,0.0416666679084301
114,54,2054130,0.04123711213469505
114,55,2128291,0.04109589010477066
114,56,4574850,0.04109589010477066
114,57,467637,0.04065040498971939
114,58,1044477,0.04065040498971939
114,59,1039021,0.04059040546417236
114,60,69653,0.04032257944345474
115,1,3215136,0.11691541969776154
115,2,2686896,0.11688311398029327
115,3,2237401,0.11324639618396759
115,4,987048,0.11286089569330215
115,5,86934,0.10554950684309006
115,6,3020535,0.10533980280160904
115,7,1426690,0.10515021532773972
115,8,1955922,0.1051282063126564
115,9,30530,0.10247651487588882
115,10,1086867,0.10234375298023224
115,11,2125304,0.10202605277299881
115,12,1602074,0.10199203342199326
115,13,30518,0.10175438225269318
115,14,142009,0.10098870098590851
115,15,2677305,0.09894458949565887
115,16,267087,0.09844908863306046
115,17,267076,0.09720176458358765
115,18,948387,0.09493401646614075
115,19,2884161,0.09433962404727936
115,20,886002,0.09326019138097763
115,21,1200805,0.08985985070466995
115,22,4121,0.08666100353002548
115,23,3252320,0.08447488397359848
115,24,1679789,0.08298562467098236
115,25,2379261,0.08291275799274445
115,26,1158125,0.08272058516740799
115,27,41326609,0.08243727684020996
115,28,1225592,0.08123651891946793
115,29,4925227,0.08069336414337158
115,30,3464264,0.07998192310333252
115,31,2904401,0.07922705262899399
115,32,1152585,0.07785888016223907
115,33,3186437,0.07772621512413025
115,34,2543234,0.07587253302335739
115,35,824446,0.07553551346063614
115,36,277308,0.07520891726016998
115,37,833257,0.07509881258010864
115,38,1384549,0.07469244301319122
115,39,3144982,0.07461538165807724
115,40,25169,0.07436399161815643
115,41,265616,0.07340173423290253
115,42,1413589,0.07162346690893173
115,43,261903,0.0709555372595787
115,44,839692,0.07002801448106766
115,45,2765786,0.06998591125011444
115,46,1086647,0.06959008425474167
115,47,3337594,0.06926658749580383
115,48,3300573,0.06924643367528915
115,49,1835605,0.06923361867666245
115,50,1165554,0.06903991103172302
115,51,2852640,0.06893295794725418
115,52,644171,0.06832297891378403
115,53,2883783,0.06799229979515076
115,54,4790821,0.0671798437833786
115,55,781271,0.06715328246355057
115,56,1357456,0.06565656512975693
115,57,3441236,0.06515868008136749
115,58,3244642,0.06508714705705643
115,59,1383053,0.06499608606100082
115,60,1426723,0.06489444524049759
141,1,22447,0.050847455859184265
141,2,4227,0.0357142873108387
141,3,746005,0.03488372266292572
141,4,84604,0.03349282220005989
141,5,3164459,0.03205128386616707
141,6,14637456,0.03191489353775978
141,7,1850916,0.03125
141,8,587647,0.02976190485060215
141,9,1824603,0.028985507786273956
141,10,981141,0.02857142873108387
141,11,480368,0.028301887214183807
141,12,71698,0.02777777798473835
141,13,2210934,0.027322404086589813
141,14,181353,0.027272727340459824
141,15,698575,0.0258620698004961
141,16,981140,0.025641025975346565
141,17,67864,0.02521008439362049
141,18,2204022,0.02521008439362049
141,19,2961920,0.024793388321995735
141,20,2505877,0.02459016442298889
141,21,3127888,0.02459016442298889
141,22,43241366,0.024390242993831635
141,23,73206,0.024193547666072845
141,24,6705842,0.02380952425301075
141,25,808779,0.0234375
141,26,505,0.023255813866853714
141,27,15653,0.023255813866853714
141,28,3585,0.02222222276031971
141,29,2747475,0.021621622145175934
141,30,971052,0.02139037474989891
141,31,347606,0.021276595070958138
141,32,430173,0.021276595070958138
141,33,1832579,0.0211267601698637
141,34,1408023,0.020942408591508865
141,35,1887699,0.020202020183205605
141,36,2454636,0.020134227350354195
141,37,3438638,0.019801979884505272
141,38,4219,0.01975308731198311
141,39,1492580,0.019736841320991516
141,40,2603195,0.019512195140123367
141,41,25037,0.019354838877916336
141,42,1361856,0.01923076994717121
141,43,874208,0.018987340852618217
141,44,21973739,0.01886792480945587
141,45,11775,0.018518518656492233
141,46,2185591,0.018518518656492233
141,47,3338312,0.018518518656492233
141,48,986234,0.018433179706335068
141,49,20077336,0.01840490847826004
141,50,3419048,0.01807228848338127
141,51,17067735,0.017543859779834747
141,52,12020129,0.01744186133146286
141,53,543143,0.017341040074825287
141,54,215065,0.01666666753590107
141,55,1210026,0.01666666753590107
141,56,2503304,0.01666666753590107
141,57,416305,0.016129031777381897
141,58,2912372,0.01600000075995922
141,59,48321130,0.01595744676887989
141,60,558948,0.015789473429322243
335,1,950781,0.1666666716337204
335,2,2555382,0.12195122241973877
335,3,59093,0.11428571492433548
335,4,1020595,0.10000000149011612
335,5,737273,0.0882352963089943
335,6,976843,0.08571428805589676
335,7,3266950,0.0833333358168602
335,8,245710,0.0810810774564743
335,9,88991,0.07894736528396606
335,10,368906,0.07894736528396606
335,11,1824470,0.07500000298023224
335,12,2776591,0.0731707289814949
335,13,1997165,0.072727270424366
335,14,15885513,0.072727270424366
335,15,807241,0.0714285746216774
335,16,2152551,0.06818182021379471
335,17,15167306,0.06818182021379471
335,18,42824,0.06521739065647125
335,19,9250,0.06382978707551956
335,20,1267189,0.05999999865889549
335,21,762606,0.05882352963089943
335,22,950198,0.05882352963089943
335,23,2060095,0.05882352963089943
335,24,2115367,0.056603774428367615
335,25,6518262,0.056603774428367615
335,26,30834204,0.0555555559694767
335,27,19355962,0.05454545468091965
335,28,3460278,0.054054055362939835
335,29,918312,0.051948051899671555
335,30,3082366,0.0517241396009922
335,31,2270654,0.050847455859184265
335,32,808562,0.05000000074505806
335,33,121908,0.04918032884597778
335,34,2134852,0.04918032884597778
335,35,3046305,0.04918032884597778
335,36,44222605,0.04918032884597778
335,37,54350,0.0476190485060215
335,38,1350343,0.0476190485060215
335,39,1265060,0.04615384712815285
335,40,191520,0.04545454680919647
335,41,476408,0.04545454680919647
335,42,1268146,0.04545454680919647
335,43,2307189,0.04477611929178238
335,44,869390,0.04411764815449715
335,45,18446960,0.04411764815449715
335,46,1434368,0.044025156646966934
335,47,3115332,0.043478261679410934
335,48,1142,0.04237288236618042
335,49,3333606,0.0422535203397274
335,50,52729494,0.0422535203397274
335,51,6746308,0.0416666679084301
335,52,2481792,0.041450776159763336
335,53,313957,0.04109589010477066
335,54,842726,0.04109589010477066
335,55,924766,0.04109589010477066
335,56,21887216,0.04109589010477066
335,57,1062798,0.04040404036641121
335,58,19110442,0.04040404036641121
335,59,3015332,0.03999999910593033
335,60,551195,0.03846153989434242
362,1,1484682,0.20408163964748383
362,2,1176253,0.15789473056793213
362,3,477,0.12765957415103912
362,4,41702,0.125
362,5,863021,0.09090909361839294
362,6,1144595,0.09090909361839294
362,7,1245022,0.08888889104127884
362,8,1403524,0.08510638028383255
362,9,837550,0.08474576473236084
362,10,256296,0.06818182021379471
362,11,533912,0.06666667014360428
362,12,1282703,0.06122449040412903
362,13,107699,0.05882352963089943
362,14,489908,0.056338027119636536
362,15,114009,0.0555555559694767
362,16,610213,0.0535714291036129
362,17,5803,0.04918032884597778
362,18,376778,0.04615384712815285
362,19,1341235,0.04615384712815285
362,20,52079,0.043478261679410934
362,21,515581,0.043478261679410934
362,22,52651,0.03999999910593033
362,23,5793,0.03870967775583267
362,24,1808940,0.03750000149011612
362,25,186149,0.037383176386356354
362,26,1355045,0.03658536449074745
362,27,43004540,0.03488372266292572
362,28,2302985,0.03448275849223137
362,29,1786290,0.03333333507180214
362,30,2103337,0.032967034727334976
362,31,123908,0.03030303120613098
362,32,40096204,0.02857142873108387
362,33,1266827,0.02654867246747017
362,34,1794732,0.0260869562625885
362,35,2674629,0.0260869562625885
362,36,116061,0.02459016442298889
362,37,874452,0.02459016442298889
362,38,372756,0.0234375
362,39,346642,0.023076923564076424
362,40,1612436,0.023076923564076424
362,41,59137,0.022038567811250687
362,42,1511269,0.021739130839705467
362,43,1052210,0.02166065014898777
362,44,2682241,0.0211267601698637
362,45,1882717,0.01923076994717121
362,46,19034527,0.01895734667778015
362,47,121842,0.01875000074505806
362,48,1128436,0.018518518656492233
362,49,746264,0.0181818176060915
362,50,366351,0.016393441706895828
362,51,18067409,0.016304347664117813
362,52,907837,0.016129031777381897
362,53,2445338,0.01604278013110161
362,54,3252824,0.015673981979489326
362,55,517524,0.015625
362,56,980184,0.015625
362,57,3324245,0.015463917516171932
362,58,2491780,0.015228426083922386
362,59,1322014,0.0139860138297081
362,60,1039021,0.01315789483487606
375,1,1154594,0.06122449040412903
375,2,21943144,0.010273972526192665
375,3,24065147,0.004835589788854122
375,4,2742631,0.004398826975375414
375,5,18337340,0.004373177886009216
375,6,3175590,0.00400534039363265
375,7,2754161,0.003980099689215422
375,8,23986788,0.0036630036775022745
375,9,22084678,0.00314136128872633
375,10,2307233,0.0030060119461268187
375,11,3248536,0.002912621246650815
375,12,3185154,0.0027894002851098776
375,13,1352495,0.0025929126422852278
375,14,3275013,0.0022038568276911974
375,15,13306276,0.0018696581246331334
375,16,17763198,0.0018416206585243344
375,17,2809709,0.001819008612073958
375,18,3352398,0.0016592920292168856
375,19,1426690,0.0016304347664117813
375,20,2489796,0.0015189873520284891
375,21,878368,0.0014709488023072481
375,22,1145090,0.0014587892219424248
375,23,4259809,0.0013458949979394674
375,24,17225055,0.0012771391775459051
375,25,2977639,0.001083717099390924
375,26,2982101,0.0010531859006732702
375,27,41107568,0.0010359116131439805
375,28,4717423,0.0010217113886028528
375,29,2180358,0.0009740259847603738
375,30,3244642,0.0009445843752473593
375,31,245494,0.0007145408890210092
375,32,16827462,0.000615479308180511
375,33,6171458,0.0005706134252250195
375,34,8812783,0.0005321035860106349
375,35,3060926,0.0004909983836114407
375,36,41335427,0.0004105652042198926
375,37,6231171,0.00040241447277367115
375,38,2963218,0.0003985651710536331
375,39,3046572,0.0003899649018421769
375,40,3275794,0.00037897928268648684
375,41,2402163,0.00037397159030660987
375,42,2792775,0.0002588661736808717
387,1,76692,0.07352941483259201
387,2,912908,0.06493506580591202
387,3,35224,0.05970149114727974
387,4,7413929,0.05494505539536476
387,5,1468535,0.05000000074505806
387,6,6219520,0.04838709533214569
387,7,2530528,0.0476190485060215
387,8,1297604,0.04316546767950058
387,9,45489188,0.04285714402794838
387,10,108041,0.03896103799343109
387,11,1885647,0.03846153989434242
387,12,18022434,0.03846153989434242
387,13,25332940,0.03680981695652008
387,14,26119,0.0357142873108387
387,15,7039054,0.03448275849223137
387,16,1439,0.034090910106897354
387,17,771090,0.033707864582538605
387,18,2244439,0.032967034727334976
387,19,382865,0.032608695328235626
387,20,1394134,0.032608695328235626
387,21,19176675,0.032258063554763794
387,22,102974,0.03191489353775978
387,23,139049,0.031578946858644485
387,24,165637,0.031578946858644485
387,25,2095852,0.03017241321504116
387,26,14055293,0.029702970758080482
387,27,15024842,0.029629629105329514
387,28,2926628,0.028846153989434242
387,29,47598,0.02857142873108387
387,30,88871,0.02857142873108387
387,31,1494157,0.028301887214183807
387,32,98235,0.02777777798473835
387,33,3025639,0.02777777798473835
387,34,1318780,0.027272727340459824
387,35,3366043,0.0272479560226202
387,36,851428,0.027027027681469917
387,37,6928276,0.026490066200494766
387,38,882029,0.0260869562625885
387,39,1842237,0.025641025975346565
387,40,2851520,0.02500000037252903
387,41,2970640,0.02500000037252903
387,42,915031,0.024793388321995735
387,43,2370171,0.02397260256111622
387,44,1899199,0.02380952425301075
387,45,1494156,0.023076923564076424
387,46,2034926,0.023076923564076424
387,47,1154187,0.022727273404598236
387,48,1746717,0.022727273404598236
387,49,1270006,0.02222222276031971
387,50,29303,0.0211267601698637
387,51,41052,0.021052632480859756
387,52,321174,0.021052632480859756
387,53,2181158,0.020661156624555588
387,54,911489,0.02054794505238533
387,55,16402639,0.020408162847161293
387,56,1693257,0.020270269364118576
387,57,1253374,0.020202020183205605
387,58,1584088,0.019607843831181526
387,59,3164459,0.019354838877916336
387,60,1584087,0.01923076994717121
414,1,10979031,0.25925925374031067
414,2,324287,0.25
414,3,1883062,0.11764705926179886
414,4,1379828,0.10810811072587967
414,5,18479885,0.10000000149011612
414,6,946962,0.09756097197532654
414,7,798257,0.09375
414,8,111028,0.09090909361839294
414,9,113016,0.0810810774564743
414,10,1041217,0.0714285746216774
414,11,1650693,0.06666667014360428
414,12,867251,0.0625
414,13,1533977,0.056603774428367615
414,14,3103117,0.05263157933950424
414,15,771351,0.0517241396009922
414,16,1064574,0.0470588244497776
414,17,114009,0.046875
414,18,16691192,0.046875
414,19,1245179,0.04615384712815285
414,20,1140359,0.04285714402794838
414,21,12476227,0.0422535203397274
414,22,2566499,0.04123711213469505
414,23,43004540,0.03896103799343109
414,24,1946946,0.03658536449074745
414,25,1132275,0.033707864582538605
414,26,11221066,0.03125
414,27,865256,0.029999999329447746
414,28,731674,0.024793388321995735
414,29,2707897,0.02222222276031971
414,30,2684122,0.020325202494859695
414,31,50717723,0.01807228848338127
414,32,1007116,0.017045455053448677
414,33,3271542,0.015625
414,34,2753173,0.014634146355092525
414,35,3221410,0.014018691144883633
414,36,905641,0.013574660755693913
414,37,2398287,0.012461058795452118
414,38,3138328,0.01198402140289545
414,39,1658562,0.01006036251783371
414,40,2394716,0.00954653974622488
414,41,781193,0.009036144241690636
414,42,2877220,0.008305647410452366
414,43,2252079,0.008163264952600002
414,44,2965832,0.008016032166779041
414,45,3038762,0.007936508394777775
414,46,3213039,0.006814309861510992
414,47,121842,0.006289307959377766
414,48,2116675,0.0062500000931322575
414,49,2192250,0.006211180239915848
414,50,2961887,0.006097560748457909
414,51,1122661,0.005639097653329372
414,52,3374404,0.005565862637013197
414,53,876183,0.005524862091988325
414,54,23857485,0.005464480724185705
414,55,2531376,0.005181347019970417
414,56,2285570,0.0051124743185937405
414,57,4912783,0.004934210330247879
414,58,2977727,0.004602991975843906
414,59,1007964,0.004594180732965469
414,60,392838,0.004398826975375414
416,1,5803,0.10810811072587967
416,2,6888141,0.08163265138864517
416,3,2115431,0.07017543911933899
416,4,366351,0.025157231837511063
416,5,5793,0.02222222276031971
416,6,15657664,0.007915567606687546
416,7,3285349,0.006451612804085016
416,8,2965832,0.006172839552164078
416,9,3374404,0.0057142856530845165
416,10,876183,0.005671077407896519
416,11,3213039,0.005226480774581432
416,12,3138328,0.004037685226649046
416,13,3295655,0.0036057692486792803
416,14,4489585,0.0035419126506894827
416,15,3324344,0.0029411765281111
416,16,3393917,0.0021660649217665195
416,17,69741,0.002139800228178501
416,18,3204877,0.0018946570344269276
416,19,3462456,0.0017974835354834795
416,20,2964424,0.0015030059730634093
416,21,3165724,0.0014829460997134447
416,22,2963845,0.0014662756584584713
416,23,4836639,0.0012958963634446263
416,24,1272463,0.0009481668821536005
416,25,2766512,0.0009360374533571303
416,26,153313,0.0009074410190805793
416,27,3204327,0.0008835873450152576
416,28,1540236,0.0008788890554569662
416,29,245494,0.0007147963042370975
416,30,2207778,0.000619067286606878
423,1,50700,0.213980033993721
423,2,924711,0.1746031790971756
423,3,2534973,0.16923077404499054
423,4,1383900,0.16690240800380707
423,5,18279845,0.1642710417509079
423,6,1882772,0.15573769807815552
423,7,1048525,0.15302491188049316
423,8,13730452,0.14263074100017548
423,9,18279847,0.13901345431804657
423,10,209414,0.13703098893165588
423,11,1882596,0.1320754736661911
423,12,493634,0.13154533505439758
423,13,1253374,0.13111111521720886
423,14,1668837,0.13002364337444305
423,15,2190500,0.1287553608417511
423,16,909457,0.128463476896286
423,17,2095852,0.12345679104328156
423,18,250975,0.11999999731779099
423,19,18130445,0.1197916641831398
423,20,1783981,0.11882998049259186
423,21,1796026,0.11719605326652527
423,22,1398442,0.11555555462837219
423,23,24064628,0.11460258811712265
423,24,1703483,0.1143292710185051
423,25,64823,0.1130298301577568
423,26,219037,0.11294117569923401
423,27,987015,0.11136363446712494
423,28,17606541,0.1109057292342186
423,29,208362,0.1076345443725586
423,30,3634639,0.10720562189817429
423,31,1166797,0.10526315867900848
423,32,908211,0.10482921451330185
423,33,40712,0.1041666641831398
423,34,830939,0.10268714278936386
423,35,1270006,0.10148514807224274
423,36,1494157,0.10062892735004425
423,37,94590,0.09890110045671463
423,38,18979356,0.09747292101383209
423,39,2398287,0.0949999988079071
423,40,2327777,0.09438470751047134
423,41,14366,0.08921162039041519
423,42,2181158,0.08840864151716232
423,43,47562,0.08816705644130707
423,44,1247570,0.08737864345312119
423,45,817527,0.08681672066450119
423,46,929009,0.08653846383094788
423,47,929012,0.08589951694011688
423,48,2116927,0.08553654700517654
423,49,44507,0.08551068603992462
423,50,62929,0.08455882221460342
423,51,140376,0.08301886916160583
423,52,6791425,0.08266129344701767
423,53,2534984,0.08232445269823074
423,54,6163095,0.08227848261594772
423,55,924908,0.08212560415267944
423,56,2116675,0.08203991502523422
423,57,2792,0.08083140850067139
423,58,21356077,0.08080808073282242
423,59,3221410,0.08070866018533707
423,60,251634,0.07980050146579742
434,1,2589940,0.15591397881507874
434,2,972626,0.13124999403953552
434,3,35975,0.09580838680267334
434,4,1122011,0.0794702023267746
434,5,1222673,0.07920791953802109
434,6,1121999,0.07006369531154633
434,7,1234249,0.06965173780918121
434,8,998106,0.059574469923973083
434,9,475721,0.05714285746216774
434,10,48262,0.056980058550834656
434,11,980184,0.05649717524647713
434,12,808562,0.055793993175029755
434,13,1427801,0.05494505539536476
434,14,1077715,0.0533333346247673
434,15,97585,0.05095541477203369
434,16,1298177,0.05050504952669144
434,17,1263111,0.04977375641465187
434,18,1336952,0.04932735487818718
434,19,3187942,0.04891304299235344
434,20,97595,0.0470588244497776
434,21,1234238,0.04680851101875305
434,22,22806,0.046666666865348816
434,23,445057,0.04651162773370743
434,24,449477,0.04633204638957977
434,25,2589896,0.04600484296679497
434,26,22797,0.04575163498520851
434,27,1724756,0.04568528011441231
434,28,551195,0.0450819656252861
434,29,925503,0.04327666014432907
434,30,1114323,0.042424242943525314
434,31,32671,0.04137931019067764
434,32,1146200,0.04135338217020035
434,33,1070686,0.041198503226041794
434,34,19042633,0.040909089148044586
434,35,2996445,0.040860213339328766
434,36,838965,0.04060913622379303
434,37,2494651,0.04022988677024841
434,38,7732,0.03999999910593033
434,39,859452,0.03999999910593033
434,40,1473598,0.03947368264198303
434,41,3279468,0.03914590924978256
434,42,1616,0.03888889029622078
434,43,936715,0.03870967775583267
434,44,1442408,0.03821656107902527
434,45,1487876,0.037854891270399094
434,46,15547563,0.03750000149011612
434,47,6602180,0.037383176386356354
434,48,1080201,0.03717472031712532
434,49,1356228,0.03703703731298447
434,50,2270060,0.03703703731298447
434,51,3118596,0.03684210404753685
434,52,1234227,0.03683241084218025
434,53,1939840,0.0364583320915699
434,54,14180015,0.036437246948480606
434,55,2750346,0.03550295904278755
434,56,152624,0.03529411926865578
434,57,256948,0.03529411926865578
434,58,2156257,0.03529411926865578
434,59,219058,0.035242289304733276
434,60,2661517,0.035242289304733276
466,1,3211551,0.0555555559694767
466,2,52885176,0.05243445560336113
466,3,52218734,0.04958677664399147
466,4,52218770,0.04938271641731262
466,5,56571,0.0476190485060215
466,6,2375439,0.04060913622379303
466,7,2567355,0.038277510553598404
466,8,2837169,0.03821656107902527
466,9,23686035,0.03606557473540306
466,10,30279940,0.03546099364757538
466,11,872459,0.03431372717022896
466,12,1168344,0.03416856378316879
466,13,44775,0.03403141349554062
466,14,28133255,0.03343465179204941
466,15,3462747,0.03333333507180214
466,16,26644481,0.03333333507180214
466,17,907762,0.03267974033951759
466,18,888312,0.03194888308644295
466,19,151813,0.03144654259085655
466,20,1138856,0.03125
466,21,2510310,0.03105590119957924
466,22,19008874,0.030927835032343864
466,23,6725693,0.03086419776082039
466,24,2910,0.030701754614710808
466,25,3262727,0.030581040307879448
466,26,17752173,0.030567685142159462
466,27,42643515,0.030405405908823013
466,28,2986314,0.03030303120613098
466,29,21856303,0.03030303120613098
466,30,42587497,0.030075188726186752
466,31,20140902,0.02994011901319027
466,32,1138857,0.029739776626229286
466,33,20415110,0.029069768264889717
466,34,838097,0.028947368264198303
466,35,1168322,0.028947368264198303
466,36,534073,0.028901733458042145
466,37,2116565,0.028776979073882103
466,38,181895,0.028735632076859474
466,39,578962,0.028368793427944183
466,40,39843450,0.028301887214183807
466,41,17378014,0.0279720276594162
466,42,838691,0.02793296054005623
466,43,2371237,0.027906976640224457
466,44,3138069,0.027888447046279907
466,45,27411330,0.027888447046279907
466,46,1984715,0.02777777798473835
466,47,1209957,0.027718549594283104
466,48,44281240,0.0276497695595026
466,49,115789,0.027624309062957764
466,50,267164,0.027586206793785095
466,51,160861,0.027522936463356018
466,52,22505,0.027397260069847107
466,53,21523228,0.027397260069847107
466,54,1069597,0.027027027681469917
466,55,2834844,0.027027027681469917
466,56,1330999,0.026923077180981636
466,57,50435175,0.026905829086899757
466,58,1658562,0.02689075656235218
466,59,2517537,0.02688172087073326
466,60,1586113,0.02666666731238365
467,1,1897835,0.10309278219938278
467,2,130598,0.09774436056613922
467,3,1913961,0.09677419066429138
467,4,23684401,0.08860759437084198
467,5,2126646,0.08749999850988388
467,6,745601,0.07692307978868484
467,7,1316804,0.07407407462596893
467,8,42673982,0.06779661029577255
467,9,21841735,0.06666667014360428
467,10,622687,0.06329113990068436
467,11,1000099,0.06329113990068436
467,12,18972083,0.0625
467,13,3062141,0.06145251542329788
467,14,244691,0.06106870248913765
467,15,42007178,0.06060606241226196
467,16,2593173,0.05999999865889549
467,17,1778844,0.05882352963089943
467,18,3030488,0.05882352963089943
467,19,21905772,0.058252427726984024
467,20,734246,0.057692307978868484
467,21,1345212,0.057692307978868484
467,22,1216981,0.056603774428367615
467,23,3124595,0.054054055362939835
467,24,6624705,0.054054055362939835
467,25,2081212,0.0535714291036129
467,26,2457896,0.0535714291036129
467,27,2095349,0.0517241396009922
467,28,2469460,0.0517241396009922
467,29,2588003,0.04918032884597778
467,30,314563,0.04838709533214569
467,31,1922178,0.04838709533214569
467,32,628265,0.0476190485060215
467,33,833245,0.04615384712815285
467,34,14280396,0.04615384712815285
467,35,2307067,0.04545454680919647
467,36,3300188,0.04545454680919647
467,37,20399,0.04477611929178238
467,38,21904715,0.04477611929178238
467,39,1616484,0.0446428582072258
467,40,20402,0.04411764815449715
467,41,26747087,0.04411764815449715
467,42,278178,0.043478261679410934
467,43,1341235,0.043478261679410934
467,44,805035,0.0422535203397274
467,45,1215900,0.0422535203397274
467,46,8826974,0.04123711213469505
467,47,4830806,0.040462426841259
467,48,8752,0.03947368264198303
467,49,857416,0.03947368264198303
467,50,1795311,0.03870967775583267
467,51,357793,0.03846153989434242
467,52,473934,0.03846153989434242
467,53,10535173,0.03728813678026199
467,54,1121253,0.03669724613428116
467,55,872459,0.036036036908626556
467,56,1144595,0.03529411926865578
467,57,1320474,0.035087719559669495
467,58,717119,0.03478260710835457
467,59,3462747,0.03448275849223137
467,60,1112492,0.034090910106897354
477,1,41702,0.18000000715255737
477,2,362,0.12765957415103912
477,3,1484682,0.12195122241973877
477,4,256296,0.09677419066429138
477,5,12747596,0.07692307978868484
477,6,1144595,0.07575757801532745
477,7,270472,0.06976744532585144
477,8,376778,0.057692307978868484
477,9,53652027,0.05263157933950424
477,10,950109,0.04054053872823715
477,11,1794732,0.029411764815449715
477,12,1786290,0.02158273383975029
477,13,68476,0.020942408591508865
477,14,2103337,0.01744186133146286
477,15,21805083,0.016129031777381897
477,16,1052210,0.015037594363093376
477,17,3098166,0.013192611746490002
477,18,59137,0.011299435049295425
477,19,184399,0.01123595517128706
477,20,121842,0.010615711100399494
477,21,10535173,0.010489510372281075
477,22,2796883,0.009999999776482582
477,23,195832,0.00872093066573143
477,24,2377563,0.007792207878082991
477,25,2635502,0.007444168906658888
477,26,2342136,0.005893909838050604
477,27,1172473,0.0058309040032327175
477,28,2833018,0.005802707746624947
477,29,3374404,0.005607476457953453
477,30,1885548,0.005330490414053202
477,31,3138328,0.005319148767739534
477,32,1358908,0.005242464132606983
477,33,2518209,0.005093378480523825
477,34,995103,0.0048250905238091946
477,35,2373750,0.004687500186264515
477,36,2977727,0.004624277353286743
477,37,649216,0.00441988930106163
477,38,3209783,0.0041841003112494946
477,39,1222101,0.004149377811700106
477,40,3057979,0.003797468263655901
477,41,3077988,0.00378310214728117
477,42,3324344,0.0036523009184747934
477,43,1413589,0.0035545022692531347
477,44,69741,0.003546099178493023
477,45,3360164,0.0032573288772255182
477,46,2285570,0.0030737705528736115
477,47,3295655,0.0029850746504962444
477,48,3356006,0.0029708852525800467
477,49,2375385,0.0029282576870173216
477,50,2180358,0.0029201817233115435
477,51,3349450,0.00288683595135808
477,52,1148702,0.0028598664794117212
477,53,4840290,0.002795899286866188
477,54,3097440,0.0027874563820660114
477,55,4925227,0.002775208093225956
477,56,1858012,0.0026292726397514343
477,57,3038872,0.002463054144755006
477,58,894834,0.002396166091784835
477,59,2534720,0.002264150884002447
477,60,2507928,0.002260738518089056
505,1,164040,0.2409638613462448
505,2,164037,0.15853658318519592
505,3,1047576,0.1473684161901474
505,4,1047568,0.14130434393882751
505,5,1407092,0.12643678486347198
505,6,1178402,0.11038961261510849
505,7,1045176,0.10919540375471115
505,8,1047579,0.10837438702583313
505,9,2854698,0.1071428582072258
505,10,2210482,0.1037735864520073
505,11,3178,0.10227272659540176
505,12,4398231,0.10000000149011612
505,13,18132937,0.09876543283462524
505,14,78277,0.09615384787321091
505,15,21398040,0.09289617836475372
505,16,1097436,0.09090909361839294
505,17,2321287,0.09022556245326996
505,18,15789500,0.0901639312505722
505,19,2616,0.09009008854627609
505,20,2321296,0.08835341036319733
505,21,34288,0.0873015895485878
505,22,335966,0.08620689809322357
505,23,1047578,0.08602150529623032
505,24,1103585,0.08571428805589676
505,25,49879,0.08510638028383255
505,26,5969561,0.08411215245723724
505,27,6594671,0.08284023404121399
505,28,2321243,0.08256880939006805
505,29,1004371,0.08181817829608917
505,30,2321285,0.08127208799123764
505,31,2321294,0.08121827244758606
505,32,17947731,0.07999999821186066
505,33,1247755,0.07954545319080353
505,34,2595,0.07894736528396606
505,35,2792,0.07865168899297714
505,36,1003876,0.07857143133878708
505,37,2887072,0.07821229100227356
505,38,869986,0.07758620381355286
505,39,2321293,0.07751937955617905
505,40,137723,0.07692307978868484
505,41,1004368,0.07692307978868484
505,42,2321275,0.07692307978868484
505,43,9934116,0.07661290466785431
505,44,847545,0.07643312215805054
505,45,50875790,0.07446808367967606
505,46,819610,0.07407407462596893
505,47,1093445,0.07382550090551376
505,48,24334190,0.07382550090551376
505,49,1044747,0.0729166641831398
505,50,45642232,0.0729166641831398
505,51,1323557,0.0714285746216774
505,52,3036720,0.0714285746216774
505,53,7122639,0.07017543911933899
505,54,43548024,0.07017543911933899
505,55,1179689,0.07000000029802322
505,56,94425,0.06956521421670914
505,57,10621859,0.06870228797197342
505,58,287351,0.06849315017461777
505,59,8455012,0.06818182021379471
505,60,45592892,0.06796116381883621
551,1,41350,0.21245421469211578
551,2,13319085,0.2042253464460373
551,3,2361910,0.1111111119389534
551,4,3255858,0.10958904027938843
551,5,2190500,0.0873015895485878
551,6,64823,0.08551068603992462
551,7,2252902,0.07874015718698502
551,8,925052,0.07594936341047287
551,9,1031965,0.0731707289814949
551,10,924711,0.07255520671606064
551,11,532290,0.07203389704227448
551,12,1703483,0.07158836722373962
551,13,1253374,0.07083333283662796
551,14,1407851,0.06986899673938751
551,15,49669,0.06711409240961075
551,16,26652722,0.06666667014360428
551,17,1796026,0.0651872381567955
551,18,251634,0.06470588594675064
551,19,39947767,0.06469002366065979
551,20,140376,0.06270626932382584
551,21,75443,0.06214689090847969
551,22,320876,0.06040268391370773
551,23,4284,0.05970149114727974
551,24,3634575,0.059633027762174606
551,25,4273,0.05917159840464592
551,26,1021849,0.05882352963089943
551,27,1048525,0.05882352963089943
551,28,1984753,0.05882352963089943
551,29,1882772,0.058411214500665665
551,30,1725527,0.058394160121679306
551,31,1253407,0.05829596519470215
551,32,1783981,0.057671383023262024
551,33,94590,0.05714285746216774
551,34,40712,0.057034220546483994
551,35,82472,0.0569620244204998
551,36,2184253,0.05673758685588837
551,37,858297,0.05649717524647713
551,38,1156369,0.0555555559694767
551,39,905286,0.0552995391190052
551,40,208362,0.054999999701976776
551,41,1247570,0.05376344174146652
551,42,816647,0.0535714291036129
551,43,250975,0.05329153686761856
551,44,423,0.05263157933950424
551,45,1649583,0.05263157933950424
551,46,14085268,0.05181347206234932
551,47,41261371,0.05181347206234932
551,48,2534973,0.051759835332632065
551,49,18353,0.05128205195069313
551,50,1415529,0.05113636329770088
551,51,3634569,0.05025125667452812
551,52,136770,0.04958677664399147
551,53,35062,0.04895104840397835
551,54,1583154,0.04888888821005821
551,55,2886933,0.04858299717307091
551,56,135328,0.048327136784791946
551,57,3634573,0.04823151230812073
551,58,348798,0.048192769289016724
551,59,4363,0.04790419340133667
551,60,4186,0.0476190485060215
555,1,2341135,0.5319148898124695
555,2,1104950,0.45945945382118225
555,3,339591,0.45588234066963196
555,4,6191271,0.45205479860305786
555,5,3310352,0.4363636374473572
555,6,3419,0.4329896867275238
555,7,1760364,0.4307692348957062
555,8,1874236,0.40909090638160706
555,9,1006388,0.4040403962135315
555,10,1756415,0.3333333432674408
555,11,2000164,0.32258063554763794
555,12,1592020,0.3181818127632141
555,13,2886933,0.3125
555,14,2201617,0.26153847575187683
555,15,2629708,0.2537313401699066
555,16,2341123,0.25
555,17,1892324,0.24742268025875092
555,18,2971170,0.2443181872367859
555,19,6614581,0.23931623995304108
555,20,1003743,0.234375
555,21,809179,0.23376622796058655
555,22,1779679,0.22891566157341003
555,23,1171182,0.21827411651611328
555,24,1107945,0.2151898741722107
555,25,2393369,0.2054794579744339
555,26,1592086,0.20212766528129578
555,27,1173956,0.18918919563293457
555,28,2393357,0.18644067645072937
555,29,966018,0.1805555522441864
555,30,939296,0.1666666716337204
555,31,2393370,0.16417910158634186
555,32,1992017,0.1599999964237213
555,33,92976,0.15625
555,34,678069,0.15294118225574493
555,35,2467422,0.15160350501537323
555,36,92974,0.1492537260055542
555,37,14085268,0.1492537260055542
555,38,10617225,0.14754098653793335
555,39,60230,0.14705882966518402
555,40,170999,0.14492753148078918
555,41,2522719,0.1428571492433548
555,42,6191274,0.13636364042758942
555,43,18132465,0.1355932205915451
555,44,834049,0.13333334028720856
555,45,966031,0.13235294818878174
555,46,3440,0.13114753365516663
555,47,2202795,0.12631578743457794
555,48,223744,0.125
555,49,1031768,0.1204819306731224
555,50,6191272,0.1184210553765297
555,51,2156773,0.1139240488409996
555,52,2970290,0.1139240488409996
555,53,1398420,0.1111111119389534
555,54,249398,0.10989011079072952
555,55,1398418,0.10989011079072952
555,56,2434085,0.10975609719753265
555,57,2615,0.10843373835086823
555,58,2772968,0.10810811072587967
555,59,1270280,0.1066666692495346
555,60,1031766,0.10526315867900848
574,1,2207382,0.24087591469287872
574,2,3271542,0.17703349888324738
574,3,6498897,0.1428571492433548
574,4,1221616,0.140625
574,5,1140359,0.12727272510528564
574,6,2080870,0.11827956885099411
574,7,2968156,0.11570248007774353
574,8,867251,0.10869564861059189
574,9,6160130,0.10071942210197449
574,10,941200,0.07886435091495514
574,11,3279686,0.0729166641831398
574,12,6262015,0.07228915393352509
574,13,866393,0.0714285746216774
574,14,1033961,0.0714285746216774
574,15,327422,0.07024793326854706
574,16,3294830,0.06508875638246536
574,17,1011400,0.06422018259763718
574,18,18531984,0.06299212574958801
574,19,1971553,0.06293706595897675
574,20,2580165,0.0625
574,21,2259365,0.06172839552164078
574,22,42857,0.061093248426914215
574,23,835372,0.06106870248913765
574,24,3034637,0.060975611209869385
574,25,19082141,0.0595238097012043
574,26,12476227,0.05932203307747841
574,27,1971520,0.057692307978868484
574,28,2503920,0.05624999850988388
574,29,581787,0.056179776787757874
574,30,3265487,0.0560000017285347
574,31,6151926,0.05511811003088951
574,32,577,0.05494505539536476
574,33,436251,0.05454545468091965
574,34,1934,0.05376344174146652
574,35,2903020,0.05376344174146652
574,36,1263111,0.05263157933950424
574,37,376514,0.05161290243268013
574,38,1005676,0.05154639109969139
574,39,3101473,0.05154639109969139
574,40,19256026,0.05154639109969139
574,41,882883,0.051020409911870956
574,42,598119,0.050847455859184265
574,43,21955423,0.05050504952669144
574,44,790838,0.050359711050987244
574,45,1222661,0.05000000074505806
574,46,1469913,0.049751244485378265
574,47,2045395,0.04938271641731262
574,48,2810908,0.04938271641731262
574,49,8996782,0.04929577559232712
574,50,7405757,0.04918032884597778
574,51,2466791,0.04878048598766327
574,52,2368224,0.04854368790984154
574,53,15287191,0.04854368790984154
574,54,941298,0.048192769289016724
574,55,1116802,0.0477815717458725
574,56,543143,0.04736842215061188
574,57,998106,0.047337278723716736
574,58,2693329,0.04700854793190956
574,59,15268147,0.04672897234559059
574,60,929649,0.04663212597370148
577,1,6262015,0.09375
577,2,24836,0.07894736528396606
577,3,372591,0.07500000298023224
577,4,6498897,0.07407407462596893
577,5,2903020,0.0731707289814949
577,6,2222957,0.06976744532585144
577,7,376680,0.06818182021379471
577,8,867251,0.06666667014360428
577,9,902938,0.06666667014360428
577,10,2971270,0.06557376682758331
577,11,3428728,0.06400000303983688
577,12,674856,0.0625
577,13,20399,0.05882352963089943
577,14,46724,0.05882352963089943
577,15,15667548,0.05882352963089943
577,16,2085667,0.056603774428367615
577,17,574,0.05494505539536476
577,18,2302985,0.054054055362939835
577,19,2249813,0.0535714291036129
577,20,835372,0.04938271641731262
577,21,191520,0.04878048598766327
577,22,9404417,0.04615384712815285
577,23,3838,0.04597701132297516
577,24,75142,0.04545454680919647
577,25,1140359,0.04477611929178238
577,26,941200,0.043478261679410934
577,27,908398,0.04273504391312599
577,28,1971553,0.042553190141916275
577,29,77298,0.0422535203397274
577,30,647489,0.03999999910593033
577,31,922184,0.03999999910593033
577,32,1855151,0.03999999910593033
577,33,598119,0.03937007859349251
577,34,1457765,0.03921568766236305
577,35,2968156,0.03846153989434242
577,36,864738,0.03750000149011612
577,37,2776625,0.03669724613428116
577,38,851428,0.03614457696676254
577,39,1258333,0.03614457696676254
577,40,2207382,0.0357142873108387
577,41,1844,0.03448275849223137
577,42,911489,0.03418803587555885
577,43,234706,0.034090910106897354
577,44,1221616,0.033707864582538605
577,45,208153,0.032258063554763794
577,46,866393,0.032258063554763794
577,47,1062798,0.03191489353775978
577,48,1139032,0.03191489353775978
577,49,2566499,0.031578946858644485
577,50,731,0.03125
577,51,6160130,0.03125
577,52,1118624,0.030612245202064514
577,53,1701632,0.03030303120613098
577,54,922581,0.029411764815449715
577,55,827497,0.028409091755747795
577,56,376514,0.028301887214183807
577,57,2398516,0.0279720276594162
577,58,6703901,0.027624309062957764
577,59,2701142,0.027522936463356018
577,60,1222661,0.027027027681469917
588,1,2798665,0.1428571492433548
588,2,6523041,0.11538461595773697
588,3,2435598,0.09677419066429138
588,4,1011400,0.07999999821186066
588,5,1997693,0.07500000298023224
588,6,2968156,0.07352941483259201
588,7,26690360,0.0714285746216774
588,8,18024855,0.06818182021379471
588,9,3046305,0.06382978707551956
588,10,6498897,0.06382978707551956
588,11,598119,0.05982905998826027
588,12,1118624,0.05681818351149559
588,13,911489,0.05607476457953453
588,14,20014,0.051948051899671555
588,15,1615,0.04918032884597778
588,16,866393,0.0476190485060215
588,17,210239,0.046875
588,18,911456,0.04672897234559059
588,19,3294830,0.044247787445783615
588,20,18595149,0.0422535203397274
588,21,835372,0.04054053872823715
588,22,2207382,0.03846153989434242
588,23,629495,0.03030303120613098
588,24,1732395,0.029999999329447746
588,25,2503920,0.028846153989434242
588,26,42713530,0.0260869562625885
588,27,1065465,0.025423727929592133
588,28,3428728,0.02459016442298889
588,29,3271542,0.02222222276031971
588,30,1080201,0.0211267601698637
588,31,389834,0.020134227350354195
588,32,1882981,0.01904761977493763
588,33,2861004,0.01826483942568302
588,34,941200,0.0181818176060915
588,35,2343071,0.01744186133146286
588,36,6703901,0.017142856493592262
588,37,3205295,0.016759777441620827
588,38,11221066,0.016304347664117813
588,39,963375,0.015772869810461998
588,40,26579483,0.015706805512309074
588,41,3393910,0.014705882407724857
588,42,1024288,0.01433691754937172
588,43,4912783,0.013513513840734959
588,44,1739145,0.013392857275903225
588,45,9585796,0.013333333656191826
588,46,6552198,0.012987012974917889
588,47,17441791,0.01293103490024805
588,48,100074,0.012145749293267727
588,49,15915002,0.011857707053422928
588,50,2368224,0.011583011597394943
588,51,2996445,0.011560693383216858
588,52,1659905,0.011450381949543953
588,53,1168289,0.010781670920550823
588,54,575450,0.01056338008493185
588,55,2252079,0.01046025101095438
588,56,2961887,0.010438413359224796
588,57,260248,0.010204081423580647
588,58,175720,0.009868420660495758
588,59,2766347,0.009765625
588,60,1625515,0.00958466436713934
696,1,2439628,0.3093220293521881
696,2,9735628,0.24858756363391876
696,3,6697901,0.24731183052062988
696,4,1194887,0.20624999701976776
696,5,25745,0.18000000715255737
696,6,2324159,0.1066666692495346
696,7,3036422,0.1055045872926712
696,8,1093445,0.10396039485931396
696,9,287351,0.10050251334905624
696,10,1129349,0.10000000149011612
696,11,2792,0.09913793206214905
696,12,227134,0.09815950691699982
696,13,3036720,0.09793814271688461
696,14,819610,0.0972222238779068
696,15,69059,0.09302325546741486
696,16,245141,0.09090909361839294
696,17,24064628,0.08938547223806381
696,18,1129239,0.08878504484891891
696,19,1253374,0.0882352963089943
696,20,1129294,0.08808290213346481
696,21,6449955,0.08675798773765564
696,22,2181158,0.08598726242780685
696,23,40711,0.08585858345031738
696,24,1166797,0.08069164305925369
696,25,4767909,0.07999999821186066
696,26,10621859,0.0797872319817543
696,27,9673658,0.0782608687877655
696,28,24241248,0.0782608687877655
696,29,40712,0.07823128998279572
696,30,2721962,0.0765027329325676
696,31,1813234,0.07647059112787247
696,32,6163095,0.07526881992816925
696,33,2511259,0.07486630976200104
696,34,18158616,0.07446808367967606
696,35,2802,0.07407407462596893
696,36,341789,0.07329843193292618
696,37,2887127,0.0729166641831398
696,38,254960,0.072727270424366
696,39,250975,0.0714285746216774
696,40,2889659,0.07058823853731155
696,41,62580,0.07042253762483597
696,42,2277408,0.07027027010917664
696,43,1808918,0.06951871514320374
696,44,2611291,0.06875000149011612
696,45,4476508,0.06859205663204193
696,46,1668837,0.06854838877916336
696,47,98235,0.0677083358168602
696,48,505,0.06698564440011978
696,49,40026175,0.06640625
696,50,953721,0.0662650614976883
696,51,6791425,0.06578947603702545
696,52,3436605,0.06457564234733582
696,53,5366624,0.06435643881559372
696,54,1090544,0.06403940916061401
696,55,55573,0.06395348906517029
696,56,45191175,0.06329113990068436
696,57,1882596,0.06318681687116623
696,58,583590,0.06309147924184799
696,59,251634,0.06280193477869034
696,60,958087,0.0625
726,1,731,0.09090909361839294
726,2,674383,0.04888888821005821
726,3,459137,0.04237288236618042
726,4,2338528,0.032258063554763794
726,5,7838,0.031578946858644485
726,6,2582035,0.03139013424515724
726,7,3255908,0.02902374602854252
726,8,2086690,0.02784222736954689
726,9,1804797,0.02777777798473835
726,10,7045390,0.02777777798473835
726,11,2630133,0.027027027681469917
726,12,2307189,0.0234375
726,13,1839410,0.023255813866853714
726,14,48321130,0.019480518996715546
726,15,3271214,0.01923076994717121
726,16,42857,0.018656715750694275
726,17,1187268,0.017751479521393776
726,18,827497,0.017142856493592262
726,19,3009869,0.016460904851555824
726,20,1825967,0.01621621660888195
726,21,3215642,0.015306122601032257
726,22,979256,0.014851485379040241
726,23,932849,0.014563106931746006
726,24,7480,0.014388489536941051
726,25,6113503,0.014084506779909134
726,26,7350661,0.013888888992369175
726,27,3349153,0.013274336233735085
726,28,1723947,0.013201320543885231
726,29,9585796,0.013114754110574722
726,30,1652564,0.01293103490024805
726,31,1582285,0.01287553645670414
726,32,1030767,0.012572533451020718
726,33,2952196,0.011673151515424252
726,34,1677615,0.011627906933426857
726,35,1970518,0.011600928381085396
726,36,1943518,0.011520737782120705
726,37,1253187,0.011450381949543953
726,38,3263906,0.011363636702299118
726,39,21512389,0.011363636702299118
726,40,2722054,0.011111111380159855
726,41,8975330,0.010869565419852734
726,42,6504351,0.009708737954497337
726,43,2961843,0.009677419438958168
726,44,1188203,0.00954653974622488
726,45,968084,0.009259259328246117
726,46,1312477,0.009146341122686863
726,47,1839377,0.009036144241690636
726,48,1987778,0.008908686228096485
726,49,3246409,0.008379888720810413
726,50,3140930,0.00826446246355772
726,51,1006369,0.008219177834689617
726,52,26542311,0.008048289455473423
726,53,3078120,0.007915567606687546
726,54,3098166,0.007915567606687546
726,55,859342,0.007874015718698502
726,56,3875895,0.007853402756154537
726,57,2796883,0.007518797181546688
726,58,42856015,0.007481296546757221
726,59,828773,0.007312614470720291
726,60,2531376,0.00699300691485405
731,1,459137,0.2199999988079071
731,2,674383,0.20325203239917755
731,3,2086690,0.15632183849811554
731,4,2582035,0.12798264622688293
731,5,3255908,0.10837438702583313
731,6,7838,0.10489510744810104
731,7,726,0.09090909361839294
731,8,10995406,0.08588957041501999
731,9,21512389,0.07213114947080612
731,10,1030767,0.06647399067878723
731,11,1825967,0.05982905998826027
731,12,748402,0.05882352963089943
731,13,3034,0.05624999850988388
731,14,2133262,0.0555555559694767
731,15,40000267,0.0555555559694767
731,16,824686,0.05421686917543411
731,17,51364,0.05154639109969139
731,18,1589081,0.05090909078717232
731,19,904703,0.050314463675022125
731,20,610037,0.04848484694957733
731,21,1231351,0.04827586188912392
731,22,1105809,0.04784689098596573
731,23,461841,0.04545454680919647
731,24,11339612,0.04494382068514824
731,25,3166,0.0446428582072258
731,26,1122011,0.04444444552063942
731,27,40017077,0.043478261679410934
731,28,825359,0.0422535203397274
731,29,10644,0.0416666679084301
731,30,1105820,0.04098360612988472
731,31,83702,0.040816325694322586
731,32,21500620,0.04040404036641121
731,33,1971553,0.04026845470070839
731,34,3093704,0.03999999910593033
731,35,19086644,0.03999999910593033
731,36,1446,0.03921568766236305
731,37,53090763,0.03921568766236305
731,38,1170873,0.03883495181798935
731,39,21973739,0.03867403417825699
731,40,814440,0.03846153989434242
731,41,2506,0.03809523954987526
731,42,54123625,0.03809523954987526
731,43,42857,0.037383176386356354
731,44,11176006,0.037383176386356354
731,45,1007843,0.03703703731298447
731,46,1552090,0.03703703731298447
731,47,1824603,0.03703703731298447
731,48,229722,0.036764707416296005
731,49,43082585,0.036764707416296005
731,50,1723947,0.03672316297888756
731,51,5912677,0.03669724613428116
731,52,7480,0.036363635212183
731,53,14988434,0.036363635212183
731,54,2119898,0.036269430071115494
731,55,817138,0.036036036908626556
731,56,941200,0.036036036908626556
731,57,1117682,0.036036036908626556
731,58,3275171,0.036036036908626556
731,59,17077,0.0357142873108387
731,60,828773,0.035593219101428986
742,1,1258632,0.3333333432674408
742,2,1358831,0.3040935695171356
742,3,1530651,0.29613733291625977
742,4,2887072,0.292553186416626
742,5,1149593,0.10060975700616837
742,6,1504838,0.09756097197532654
742,7,2321296,0.08080808073282242
742,8,2321243,0.07924528419971466
742,9,1322146,0.07541899383068085
742,10,1196035,0.07286432385444641
742,11,1196024,0.06868132203817368
742,12,1171182,0.06779661029577255
742,13,113603,0.06777108460664749
742,14,2902890,0.06572769582271576
742,15,1282681,0.06532663106918335
742,16,3007213,0.06521739065647125
742,17,1122077,0.06462585180997849
742,18,1243291,0.0625
742,19,2971170,0.06137184053659439
742,20,1864677,0.061302680522203445
742,21,2457438,0.05882352963089943
742,22,2984336,0.058510638773441315
742,23,1322014,0.0544959120452404
742,24,6594671,0.05429864302277565
742,25,1561725,0.05283018946647644
742,26,2321320,0.05263157933950424
742,27,62580,0.05225653201341629
742,28,2321294,0.052000001072883606
742,29,2067752,0.05152224749326706
742,30,1575861,0.05106382817029953
742,31,1592020,0.050632912665605545
742,32,3209595,0.05056179687380791
742,33,2321293,0.05000000074505806
742,34,3463,0.049723755568265915
742,35,6749837,0.0494699664413929
742,36,2467422,0.0491071417927742
742,37,2661,0.0486486479640007
742,38,1105347,0.0486486479640007
742,39,2628,0.04845815151929855
742,40,859023,0.04827586188912392
742,41,2339177,0.04827586188912392
742,42,856203,0.048128340393304825
742,43,839692,0.04724409431219101
742,44,16082,0.04712041839957237
742,45,12927066,0.046875
742,46,1231594,0.04651162773370743
742,47,1384549,0.04639175161719322
742,48,3436605,0.04638218879699707
742,49,3312237,0.04617834463715553
742,50,18132937,0.0458715595304966
742,51,948606,0.04580152779817581
742,52,1047579,0.045627377927303314
742,53,592466,0.04545454680919647
742,54,948585,0.04545454680919647
742,55,6432996,0.04545454680919647
742,56,1375705,0.04530744254589081
742,57,486980,0.0452127642929554
742,58,2001,0.04509283974766731
742,59,819071,0.0445544570684433
742,60,44016,0.043988268822431564
764,1,34897,0.6868686676025391
764,2,19017827,0.6842105388641357
764,3,201738,0.529411792755127
764,4,1352033,0.43971630930900574
764,5,589782,0.3700000047683716
764,6,2990120,0.36666667461395264
764,7,2419073,0.3541666567325592
764,8,1245597,0.3445378243923187
764,9,2121201,0.32620319724082947
764,10,1266243,0.3253012001514435
764,11,1112930,0.3235294222831726
764,12,2587875,0.31192660331726074
764,13,3102782,0.29914531111717224
764,14,60460,0.29591837525367737
764,15,2568912,0.2954545319080353
764,16,1209703,0.2921348214149475
764,17,1928459,0.290909081697464
764,18,877015,0.2844444513320923
764,19,287715,0.28125
764,20,2595624,0.2800000011920929
764,21,1936434,0.24242424964904785
764,22,1446217,0.24210526049137115
764,23,549798,0.2330097109079361
764,24,8691308,0.2291666716337204
764,25,2419154,0.20792078971862793
764,26,14296422,0.17391304671764374
764,27,467318,0.1666666716337204
764,28,18468319,0.1666666716337204
764,29,6383366,0.1595744639635086
764,30,2919485,0.15662650763988495
764,31,34886,0.1547619104385376
764,32,21431964,0.14942528307437897
764,33,1964392,0.12987013161182404
764,34,418831,0.1267605572938919
764,35,1534941,0.12162162363529205
764,36,25384201,0.12087912112474442
764,37,826364,0.11940298229455948
764,38,21431976,0.11627907305955887
764,39,968051,0.10967741906642914
764,40,17418,0.10843373835086823
764,41,968062,0.10778442770242691
764,42,2971193,0.10447761416435242
764,43,2987777,0.09944751113653183
764,44,11225900,0.09638553857803345
764,45,26569741,0.09638553857803345
764,46,958463,0.09090909361839294
764,47,2063379,0.09090909361839294
764,48,2177176,0.08955223858356476
764,49,418832,0.08920187503099442
764,50,418854,0.0890052393078804
764,51,852,0.08791209012269974
764,52,973445,0.08695652335882187
764,53,1458832,0.08653846383094788
764,54,968049,0.08629441261291504
764,55,879061,0.08438818901777267
764,56,3028732,0.0833333358168602
764,57,1611445,0.08280254900455475
764,58,583183,0.08275862038135529
764,59,3082278,0.08208955079317093
764,60,1568418,0.08139535039663315
794,1,1027555,0.260869562625885
794,2,515581,0.16326530277729034
794,3,386792,0.11538461595773697
794,4,2222705,0.11320754885673523
794,5,990732,0.1071428582072258
794,6,2219504,0.09756097197532654
794,7,7309839,0.09677419066429138
794,8,2382997,0.09375
794,9,616259,0.0882352963089943
794,10,1939598,0.08571428805589676
794,11,1153954,0.0810810774564743
794,12,20739,0.07999999821186066
794,13,430074,0.0731707289814949
794,14,1510479,0.0714285746216774
794,15,21905772,0.0714285746216774
794,16,1156378,0.06666667014360428
794,17,946489,0.06521739065647125
794,18,1616484,0.06521739065647125
794,19,768174,0.06451612710952759
794,20,952665,0.06382978707551956
794,21,1388157,0.06382978707551956
794,22,20399,0.0625
794,23,46724,0.0625
794,24,20402,0.06122449040412903
794,25,1046530,0.05970149114727974
794,26,3813941,0.0555555559694767
794,27,436251,0.0535714291036129
794,28,647489,0.0520833320915699
794,29,8261,0.050847455859184265
794,30,886814,0.050847455859184265
794,31,935000,0.05000000074505806
794,32,1192291,0.04918032884597778
794,33,1000099,0.04838709533214569
794,34,4830806,0.04545454680919647
794,35,12776,0.043478261679410934
794,36,922581,0.040816325694322586
794,37,1839410,0.03937007859349251
794,38,1930437,0.03896103799343109
794,39,17413130,0.03809523954987526
794,40,191520,0.03750000149011612
794,41,13183177,0.03669724613428116
794,42,3094683,0.03529411926865578
794,43,43579550,0.03529411926865578
794,44,8238,0.035087719559669495
794,45,1009849,0.030612245202064514
794,46,1773894,0.030612245202064514
794,47,69862,0.02976190485060215
794,48,621924,0.029702970758080482
794,49,1595511,0.029411764815449715
794,50,2089235,0.02777777798473835
794,51,802269,0.027522936463356018
794,52,3173046,0.027272727340459824
794,53,6057263,0.02678571455180645
794,54,1551463,0.02654867246747017
794,55,389834,0.026143791154026985
794,56,1001298,0.025974025949835777
794,57,3135610,0.025806451216340065
794,58,860196,0.02545454539358616
794,59,1294426,0.025316456332802773
794,60,526038,0.02500000037252903
797,1,6156668,0.3125
797,2,191464,0.1517857164144516
797,3,2952350,0.13636364042758942
797,4,98784,0.13445378839969635
797,5,23442,0.11811023950576782
797,6,3138069,0.11693548411130905
797,7,3696736,0.11627907305955887
797,8,2986314,0.11500000208616257
797,9,1104159,0.11300639808177948
797,10,551787,0.11287128925323486
797,11,1425228,0.11249999701976776
797,12,1138857,0.1086142286658287
797,13,1138855,0.10779816657304764
797,14,1433215,0.10738255083560944
797,15,1330999,0.10424710065126419
797,16,392838,0.10162601619958878
797,17,2371238,0.09764309972524643
797,18,460092,0.09716599434614182
797,19,2501570,0.09610983729362488
797,20,899481,0.09543568640947342
797,21,181895,0.09275362640619278
797,22,2647,0.09253731369972229
797,23,2021847,0.09006211161613464
797,24,25854,0.08980582654476166
797,25,160861,0.08968609571456909
797,26,40666827,0.08888889104127884
797,27,978451,0.08780487626791
797,28,2648,0.08760683983564377
797,29,2371237,0.08726415038108826
797,30,810826,0.08683473616838455
797,31,1009277,0.08641975373029709
797,32,2910,0.08547008782625198
797,33,22505,0.08444444090127945
797,34,1228437,0.08444444090127945
797,35,1138856,0.08429118990898132
797,36,978467,0.0833333358168602
797,37,151061,0.08313538879156113
797,38,4358649,0.08279743045568466
797,39,2652,0.08205128461122513
797,40,2153206,0.08173076808452606
797,41,1185977,0.08144796639680862
797,42,3431993,0.07999999821186066
797,43,3163819,0.0797872319817543
797,44,153455,0.07943925261497498
797,45,6191081,0.07909604161977768
797,46,23452,0.07894736528396606
797,47,2542586,0.07798165082931519
797,48,128139,0.07567567378282547
797,49,89985,0.07518796622753143
797,50,1807553,0.0749063640832901
797,51,1433216,0.07456140220165253
797,52,2801584,0.07441860437393188
797,53,99261,0.07425742596387863
797,54,98785,0.07407407462596893
797,55,97133,0.07344632595777512
797,56,23395,0.072727270424366
797,57,412247,0.072727270424366
797,58,6156669,0.07096774131059647
797,59,3735636,0.07027027010917664
797,60,155658,0.07017543911933899
813,1,1046770,0.2199999988079071
813,2,7928,0.14814814925193787
813,3,824093,0.13333334028720856
813,4,86801,0.13114753365516663
813,5,23607,0.10204081982374191
813,6,23427,0.08196721225976944
813,7,1414863,0.08196721225976944
813,8,879765,0.07692307978868484
813,9,222909,0.06896551698446274
813,10,872911,0.06896551698446274
813,11,2320862,0.06557376682758331
813,12,23373,0.06493506580591202
813,13,1197223,0.06451612710952759
813,14,1407224,0.0634920671582222
813,15,23420,0.0625
813,16,2999000,0.0625
813,17,1715356,0.060975611209869385
813,18,24861,0.05999999865889549
813,19,866393,0.05982905998826027
813,20,932279,0.057692307978868484
813,21,1910591,0.05714285746216774
813,22,8814204,0.056910570710897446
813,23,905463,0.05681818351149559
813,24,2803318,0.05681818351149559
813,25,1166797,0.05639097839593887
813,26,762914,0.054794520139694214
813,27,23449,0.054347824305295944
813,28,33384,0.054054055362939835
813,29,20384877,0.054054055362939835
813,30,551434,0.0535714291036129
813,31,826056,0.0535714291036129
813,32,6271208,0.0535714291036129
813,33,978451,0.05263157933950424
813,34,2640005,0.05263157933950424
813,35,26022162,0.05263157933950424
813,36,953941,0.0520833320915699
813,37,43143,0.0517241396009922
813,38,848184,0.0517241396009922
813,39,2918074,0.0517241396009922
813,40,2952350,0.0517241396009922
813,41,930555,0.05154639109969139
813,42,978454,0.051020409911870956
813,43,1146938,0.050847455859184265
813,44,2109926,0.050847455859184265
813,45,6176461,0.050847455859184265
813,46,972626,0.050632912665605545
813,47,934263,0.05050504952669144
813,48,2457086,0.05042016878724098
813,49,23446,0.05000000074505806
813,50,43134,0.05000000074505806
813,51,3150778,0.05000000074505806
813,52,6262015,0.05000000074505806
813,53,16381792,0.05000000074505806
813,54,16849819,0.05000000074505806
813,55,33559,0.04958677664399147
813,56,513838,0.04938271641731262
813,57,50407,0.04918032884597778
813,58,936760,0.04918032884597778
813,59,1197222,0.04918032884597778
813,60,1647,0.04878048598766327
817,1,14863741,0.11085450649261475
817,2,2422333,0.11054062098264694
817,3,4358649,0.10238568484783173
817,4,1970226,0.10105980187654495
817,5,1742269,0.09798887372016907
817,6,21825181,0.09576988220214844
817,7,818,0.09562108665704727
817,8,3355573,0.09387395530939102
817,9,1164465,0.09326253086328506
817,10,3634639,0.09320222586393356
817,11,3376836,0.09176788479089737
817,12,3078186,0.09002432972192764
817,13,18979356,0.0889655202627182
817,14,3272005,0.08846154063940048
817,15,4110990,0.08708134293556213
817,16,30474,0.08626887202262878
817,17,2936175,0.0850796326994896
817,18,1019062,0.08310028165578842
817,19,16534,0.08227550238370895
817,20,1466917,0.08192726224660873
817,21,50700,0.08119658380746841
817,22,2223519,0.07753164321184158
817,23,46575,0.0767601877450943
817,24,150259,0.07671601325273514
817,25,28098716,0.07377979904413223
817,26,849585,0.07298794388771057
817,27,2502879,0.07255278527736664
817,28,493634,0.07251381129026413
817,29,68729,0.07237813621759415
817,30,23753235,0.07066666334867477
817,31,1272463,0.07042253762483597
817,32,2113248,0.0700315460562706
817,33,1683562,0.0698869451880455
817,34,909457,0.06981519609689713
817,35,21500681,0.06966008991003036
817,36,992628,0.06946507841348648
817,37,2502882,0.06852667778730392
817,38,2963845,0.06838800013065338
817,39,830939,0.06823529303073883
817,40,2964424,0.06808510422706604
817,41,2219449,0.06775908172130585
817,42,1119185,0.06769494712352753
817,43,1540236,0.0676536113023758
817,44,1228437,0.06653360277414322
817,45,3204877,0.0661807581782341
817,46,3048937,0.0657060518860817
817,47,3166179,0.06558981537818909
817,48,1137060,0.06555555760860443
817,49,2802546,0.06508474797010422
817,50,3204327,0.06451612710952759
817,51,873132,0.06448763608932495
817,52,392838,0.06447535008192062
817,53,21580644,0.06432748585939407
817,54,1783981,0.06415306776762009
817,55,1877624,0.06359102576971054
817,56,3143431,0.06356487423181534
817,57,1536771,0.06326781213283539
817,58,153313,0.06319218128919601
817,59,2327777,0.06312961876392365
817,60,13730452,0.06278713792562485
818,1,817,0.09562108665704727
818,2,14795009,0.06012658402323723
818,3,30474,0.05819295719265938
818,4,3017730,0.05656934157013893
818,5,133406,0.054054055362939835
818,6,2138628,0.05384615436196327
818,7,13328482,0.05179283022880554
818,8,209323,0.05150214582681656
818,9,2587398,0.04878048598766327
818,10,2431088,0.04664723202586174
818,11,7443037,0.04559270665049553
818,12,13328496,0.044897958636283875
818,13,2223519,0.044315993785858154
818,14,87417,0.043668121099472046
818,15,8632949,0.043478261679410934
818,16,6072122,0.04269662871956825
818,17,59181,0.042222220450639725
818,18,5431515,0.042016807943582535
818,19,2330175,0.040572792291641235
818,20,1895743,0.03934426233172417
818,21,6536772,0.0393013097345829
818,22,1093522,0.03908794745802879
818,23,16460463,0.03875968977808952
818,24,1602272,0.0386904776096344
818,25,2338528,0.036900367587804794
818,26,209325,0.03619909659028053
818,27,3339382,0.03619909659028053
818,28,6919505,0.03618421033024788
818,29,133402,0.03594771400094032
818,30,6241525,0.0357142873108387
818,31,551787,0.03547297418117523
818,32,2651694,0.03541666641831398
818,33,15782473,0.03539822995662689
818,34,3083085,0.03501945361495018
818,35,2454497,0.034951455891132355
818,36,4358649,0.03478904440999031
818,37,392838,0.034730538725852966
818,38,133404,0.03448275849223137
818,39,1803,0.03442623093724251
818,40,6277491,0.03406326100230217
818,41,150017,0.0337301604449749
818,42,6596168,0.033582091331481934
818,43,30220,0.03339191526174545
818,44,13012947,0.03333333507180214
818,45,1072542,0.033222589641809464
818,46,1742269,0.033136095851659775
818,47,3652165,0.03291139379143715
818,48,150039,0.032745592296123505
818,49,13328498,0.03265305981040001
818,50,11165674,0.03264094889163971
818,51,284389,0.032258063554763794
818,52,3048937,0.03209628909826279
818,53,909457,0.03194444626569748
818,54,30468,0.03184713423252106
818,55,5216497,0.03181818127632141
818,56,45818,0.031674209982156754
818,57,6760952,0.0314861461520195
818,58,1412280,0.031434185802936554
818,59,4847031,0.03125
818,60,849507,0.030927835032343864
829,1,2990120,0.1041666641831398
829,2,25384201,0.1034482792019844
829,3,8691308,0.09090909361839294
829,4,14296422,0.08571428805589676
829,5,1266243,0.0810810774564743
829,6,60460,0.07547169923782349
829,7,2595624,0.07407407462596893
829,8,2568912,0.0731707289814949
829,9,1209703,0.0714285746216774
829,10,2419073,0.0714285746216774
829,11,1112930,0.06557376682758331
829,12,589782,0.0634920671582222
829,13,1245597,0.05882352963089943
829,14,19017827,0.05882352963089943
829,15,2587875,0.05797101557254791
829,16,764,0.05747126415371895
829,17,549798,0.0555555559694767
829,18,34897,0.054347824305295944
829,19,3102782,0.05128205195069313
829,20,201738,0.04672897234559059
829,21,1928459,0.043478261679410934
829,22,1352033,0.0390625
829,23,877015,0.033018868416547775
829,24,287715,0.030534351244568825
829,25,2121201,0.028901733458042145
829,26,2987777,0.02380952425301075
829,27,418854,0.02222222276031971
829,28,968049,0.021276595070958138
829,29,1458832,0.019607843831181526
829,30,418832,0.01886792480945587
829,31,44016,0.017167381942272186
829,32,1808841,0.016736401244997978
829,33,938064,0.015037594363093376
829,34,938086,0.014869888313114643
829,35,10351697,0.014563106931746006
829,36,2558293,0.014084506779909134
829,37,2467422,0.008620689623057842
829,38,1140206,0.008571428246796131
829,39,12731936,0.008379888720810413
829,40,17189468,0.008064515888690948
829,41,1112006,0.0074487896636128426
829,42,3516480,0.0071428571827709675
829,43,6778696,0.0070588234812021255
829,44,2054834,0.006787330377846956
829,45,1254936,0.00657894741743803
829,46,576222,0.0063965884037315845
829,47,227172,0.006342494860291481
829,48,6614452,0.0060728746466338634
829,49,2183,0.006000000052154064
829,50,912988,0.005597014911472797
829,51,803205,0.005454545374959707
829,52,150292,0.005181347019970417
829,53,113603,0.0051107327453792095
829,54,855288,0.0050847455859184265
829,55,1137060,0.004434589762240648
829,56,1222101,0.004201680887490511
829,57,3311984,0.00397351011633873
829,58,3293141,0.0038759689778089523
829,59,3634639,0.0025957170873880386
829,60,3007490,0.002222222276031971
849,1,852,0.18867924809455872
849,2,857019,0.18666666746139526
849,3,1568418,0.18000000715255737
849,4,1068574,0.17676767706871033
849,5,879061,0.1753554493188858
849,6,251833,0.1619718372821808
849,7,521922,0.15887850522994995
849,8,29061,0.13913042843341827
849,9,29073,0.13483145833015442
849,10,66312,0.13291139900684357
849,11,1109134,0.1318681389093399
849,12,29629,0.12871287763118744
849,13,89589,0.12643678486347198
849,14,3384544,0.12162162363529205
849,15,856,0.12121212482452393
849,16,1107914,0.11764705926179886
849,17,1219151,0.11702127754688263
849,18,906736,0.1145833358168602
849,19,1611445,0.11034482717514038
849,20,467318,0.11016949266195297
849,21,352764,0.10843373835086823
849,22,2034374,0.10588235408067703
849,23,172962,0.10476190596818924
849,24,618823,0.10476190596818924
849,25,860,0.1034482792019844
849,26,64669,0.10000000149011612
849,27,859,0.09756097197532654
849,28,252258,0.09375
849,29,2527229,0.09090909361839294
849,30,728299,0.08943089097738266
849,31,1251507,0.08870967477560043
849,32,1209968,0.0873015895485878
849,33,66291,0.0872092992067337
849,34,282830,0.08695652335882187
849,35,215324,0.08571428805589676
849,36,619233,0.08510638028383255
849,37,2149493,0.08510638028383255
849,38,604597,0.08433734625577927
849,39,973445,0.0833333358168602
849,40,681885,0.08235294371843338
849,41,1849038,0.08139535039663315
849,42,60677,0.08029197156429291
849,43,18969761,0.0796460211277008
849,44,1887208,0.07894736528396606
849,45,2221191,0.07857143133878708
849,46,853,0.07792207598686218
849,47,8815,0.07692307978868484
849,48,106946,0.07438016682863235
849,49,2971039,0.0736842080950737
849,50,43992,0.06796116381883621
849,51,390322,0.06741572916507721
849,52,557992,0.06666667014360428
849,53,958463,0.06557376682758331
849,54,2306480,0.06400000303983688
849,55,66280,0.06341463327407837
849,56,2063379,0.06299212574958801
849,57,517260,0.0625
849,58,698396,0.06172839552164078
849,59,231584,0.06060606241226196
849,60,522001,0.0602409653365612
852,1,857019,0.8130081295967102
852,2,1568418,0.7903226017951965
852,3,1068574,0.478723406791687
852,4,879061,0.47236180305480957
852,5,251833,0.3489208519458771
852,6,29061,0.29411765933036804
852,7,521922,0.290076345205307
852,8,29629,0.2720000147819519
852,9,856,0.20000000298023224
852,10,1219151,0.20000000298023224
852,11,906736,0.19685038924217224
852,12,860,0.19491524994373322
852,13,849,0.18867924809455872
852,14,89589,0.1818181872367859
852,15,29073,0.17741934955120087
852,16,252258,0.1708860695362091
852,17,728299,0.16993464529514313
852,18,1251507,0.16883116960525513
852,19,1209968,0.1666666716337204
852,20,1109134,0.16535432636737823
852,21,1611445,0.16384181380271912
852,22,1107914,0.16058394312858582
852,23,2034374,0.15833333134651184
852,24,352764,0.15126051008701324
852,25,681885,0.15126051008701324
852,26,2306480,0.1483870893716812
852,27,618823,0.1418439745903015
852,28,1919217,0.1381578892469406
852,29,859,0.11570248007774353
852,30,1849038,0.10400000214576721
852,31,580139,0.09756097197532654
852,32,34897,0.0972972959280014
852,33,201738,0.0954773873090744
852,34,522001,0.0901639312505722
852,35,66291,0.08920187503099442
852,36,19017827,0.08888889104127884
852,37,215324,0.08796296268701553
852,38,764,0.08791209012269974
852,39,231584,0.08614232391119003
852,40,2186426,0.08580858260393143
852,41,60677,0.08426966518163681
852,42,89578,0.08403361588716507
852,43,282950,0.08363636583089828
852,44,968062,0.0833333358168602
852,45,2987777,0.08294931054115295
852,46,2221191,0.08287292718887329
852,47,1352033,0.08144796639680862
852,48,938087,0.08127208799123764
852,49,106946,0.08024691045284271
852,50,1534941,0.08021390438079834
852,51,1848672,0.07874015718698502
852,52,66280,0.07786884903907776
852,53,968051,0.07772020995616913
852,54,968049,0.07758620381355286
852,55,1018473,0.07692307978868484
852,56,1964392,0.07692307978868484
852,57,857039,0.0762711837887764
852,58,1492897,0.07446808367967606
852,59,1156498,0.07438016682863235
852,60,55903,0.07377049326896667
853,1,522001,0.17391304671764374
853,2,521977,0.1666666716337204
853,3,857039,0.1666666716337204
853,4,859,0.1599999964237213
853,5,580139,0.1599999964237213
853,6,29629,0.15217390656471252
853,7,29061,0.1111111119389534
853,8,29073,0.1111111119389534
853,9,352764,0.1071428582072258
853,10,681885,0.1071428582072258
853,11,1107914,0.1041666641831398
853,12,618823,0.10000000149011612
853,13,2034374,0.10000000149011612
853,14,860,0.09375
853,15,849,0.07792207598686218
853,16,1109134,0.07692307978868484
853,17,521922,0.06779661029577255
853,18,879061,0.05649717524647713
853,19,1568418,0.05454545468091965
853,20,857019,0.054054055362939835
853,21,852,0.04918032884597778
853,22,1068574,0.04878048598766327
853,23,251833,0.03461538627743721
853,24,66312,0.0260869562625885
853,25,397139,0.025477707386016846
853,26,66291,0.024390242993831635
853,27,463790,0.024096384644508362
853,28,1133995,0.0229357797652483
853,29,282950,0.01587301678955555
853,30,791225,0.014598540030419827
853,31,1098593,0.014234875328838825
853,32,987752,0.0138248847797513
853,33,2186426,0.013636363670229912
853,34,987750,0.013245033100247383
853,35,195579,0.012987012974917889
853,36,17189468,0.010781670920550823
853,37,827903,0.01075268816202879
853,38,588034,0.010335917584598064
853,39,3261241,0.010309278033673763
853,40,13362064,0.010204081423580647
853,41,10558806,0.010101010091602802
853,42,2651694,0.009933775290846825
853,43,3516480,0.00954653974622488
853,44,791214,0.009523809887468815
853,45,23811929,0.009493670426309109
853,46,803205,0.009124087169766426
853,47,2054834,0.00907029490917921
853,48,576222,0.008547008968889713
853,49,855288,0.008503401651978493
853,50,227172,0.008474576286971569
853,51,6591373,0.008230452425777912
853,52,2183,0.008016032166779041
853,53,7338128,0.007594936527311802
853,54,912988,0.007476635742932558
853,55,1920889,0.007352941203862429
853,56,1254936,0.00657894741743803
853,57,13582373,0.0065645514987409115
853,58,1574475,0.006259780842810869
853,59,6614452,0.0060728746466338634
853,60,8134945,0.00599700165912509
856,1,906736,0.8500000238418579
856,2,1219151,0.8461538553237915
856,3,521922,0.4444444477558136
856,4,29629,0.42105263471603394
856,5,89589,0.3541666567325592
856,6,860,0.3125
856,7,29061,0.30666667222976685
856,8,2034374,0.2978723347187042
856,9,681885,0.25531914830207825
856,10,1568418,0.23076923191547394
856,11,1887208,0.22499999403953552
856,12,857019,0.21848739683628082
856,13,8815,0.2142857164144516
856,14,1068574,0.20481927692890167
856,15,879061,0.20111732184886932
856,16,852,0.20000000298023224
856,17,352764,0.18000000715255737
856,18,859,0.16326530277729034
856,19,29073,0.1525423675775528
856,20,1109134,0.14754098653793335
856,21,857039,0.13953489065170288
856,22,1156499,0.13636364042758942
856,23,89578,0.13333334028720856
856,24,398096,0.13333334028720856
856,25,1849038,0.1320754736661911
856,26,1156498,0.1304347813129425
856,27,251833,0.1292775720357895
856,28,1107914,0.125
856,29,2306480,0.12359550595283508
856,30,728299,0.12222222238779068
856,31,849,0.12121212482452393
856,32,1251507,0.12087912112474442
856,33,1209968,0.11827956885099411
856,34,252258,0.1145833358168602
856,35,89575,0.11363636702299118
856,36,1611445,0.11304347962141037
856,37,3384544,0.1111111119389534
856,38,618823,0.1066666692495346
856,39,1919217,0.10465116053819656
856,40,580139,0.09615384787321091
856,41,89561,0.08888889104127884
856,42,89571,0.08888889104127884
856,43,1166994,0.08474576473236084
856,44,968051,0.0833333358168602
856,45,15968,0.08196721225976944
856,46,55903,0.08163265138864517
856,47,938076,0.08163265138864517
856,48,1266243,0.0793650820851326
856,49,522001,0.0784313753247261
856,50,2568912,0.0746268630027771
856,51,1265950,0.07407407462596893
856,52,1270521,0.07407407462596893
856,53,1209703,0.07352941483259201
856,54,179264,0.072727270424366
856,55,352149,0.0714285746216774
856,56,2149493,0.0714285746216774
856,57,2971058,0.0714285746216774
856,58,2971091,0.0714285746216774
856,59,2971193,0.07070706784725189
856,60,1349612,0.07042253762483597
859,1,29073,0.38235294818878174
859,2,352764,0.3103448152542114
859,3,55903,0.2800000011920929
859,4,857039,0.27272728085517883
859,5,1109134,0.25641027092933655
859,6,89578,0.25
859,7,89589,0.2222222238779068
859,8,3384544,0.2083333283662796
859,9,467187,0.20000000298023224
859,10,580139,0.20000000298023224
859,11,681885,0.1875
859,12,1219151,0.1860465109348297
859,13,906736,0.17777778208255768
859,14,29629,0.1764705926179886
859,15,1107914,0.1764705926179886
859,16,2034374,0.1764705926179886
859,17,522001,0.17241379618644714
859,18,860,0.1666666716337204
859,19,521977,0.1666666716337204
859,20,1887208,0.1666666716337204
859,21,856,0.16326530277729034
859,22,853,0.1599999964237213
859,23,8815,0.1538461595773697
859,24,29061,0.1492537260055542
859,25,618823,0.14814814925193787
859,26,1156498,0.14814814925193787
859,27,1849038,0.14705882966518402
859,28,1018473,0.1388888955116272
859,29,521922,0.12903225421905518
859,30,1568418,0.12844036519527435
859,31,857019,0.12727272510528564
859,32,1098602,0.125
859,33,654872,0.12121212482452393
859,34,89561,0.11999999731779099
859,35,89571,0.11999999731779099
859,36,89575,0.11999999731779099
859,37,104940,0.11999999731779099
859,38,852,0.11570248007774353
859,39,1156499,0.11538461595773697
859,40,89557,0.1111111119389534
859,41,398096,0.1111111119389534
859,42,1261654,0.1111111119389534
859,43,1848671,0.1034482792019844
859,44,2975438,0.1034482792019844
859,45,1068574,0.09815950691699982
859,46,849,0.09756097197532654
859,47,338931,0.09375
859,48,1270521,0.0882352963089943
859,49,1848672,0.08571428805589676
859,50,1251507,0.07999999821186066
859,51,2975460,0.07894736528396606
859,52,879061,0.07777778059244156
859,53,252258,0.07500000298023224
859,54,728299,0.06666667014360428
859,55,1919217,0.05714285746216774
859,56,251833,0.05343511328101158
859,57,2306480,0.0533333346247673
859,58,6785716,0.05263157933950424
859,59,705946,0.0517241396009922
859,60,3312939,0.050847455859184265
860,1,681885,0.517241358757019
860,2,2034374,0.4375
860,3,906736,0.34090909361839294
860,4,1219151,0.3255814015865326
860,5,856,0.3125
860,6,29629,0.29411765933036804
860,7,8815,0.2857142984867096
860,8,89589,0.28205129504203796
860,9,521922,0.2666666805744171
860,10,1887208,0.25925925374031067
860,11,29061,0.25757575035095215
860,12,352764,0.2222222238779068
860,13,1568418,0.21698112785816193
860,14,857039,0.2142857164144516
860,15,1156499,0.2068965584039688
860,16,29073,0.20454545319080353
860,17,857019,0.20370370149612427
860,18,398096,0.20000000298023224
860,19,852,0.19491524994373322
860,20,1156498,0.19354838132858276
860,21,55903,0.1875
860,22,1109134,0.1702127605676651
860,23,859,0.1666666716337204
860,24,89578,0.16129031777381897
860,25,1107914,0.15789473056793213
860,26,522001,0.1428571492433548
860,27,1068574,0.1419753134250641
860,28,879061,0.13636364042758942
860,29,580139,0.13513512909412384
860,30,1098602,0.13513512909412384
860,31,467187,0.125
860,32,1261654,0.125
860,33,1849038,0.125
860,34,1848671,0.11764705926179886
860,35,21520277,0.11428571492433548
860,36,398104,0.10526315867900848
860,37,849,0.1034482792019844
860,38,654872,0.10256410390138626
860,39,18419250,0.10256410390138626
860,40,89561,0.09677419066429138
860,41,89571,0.09677419066429138
860,42,89575,0.09677419066429138
860,43,104940,0.09677419066429138
860,44,521977,0.09677419066429138
860,45,618823,0.09677419066429138
860,46,25332937,0.09677419066429138
860,47,26569741,0.09677419066429138
860,48,15201053,0.095238097012043
860,49,1209703,0.09433962404727936
860,50,853,0.09375
860,51,3384544,0.09375
860,52,1018473,0.09302325546741486
860,53,89557,0.09090909361839294
860,54,3132988,0.09090909361839294
860,55,2306480,0.08974359184503555
860,56,728299,0.08860759437084198
860,57,447006,0.0882352963089943
860,58,1251507,0.08749999850988388
860,59,1611445,0.08653846383094788
860,60,106673,0.08571428805589676
863,1,37441,0.11999999731779099
863,2,148452,0.1071428582072258
863,3,2795434,0.10526315867900848
863,4,1178256,0.10256410390138626
863,5,1178641,0.10256410390138626
863,6,836044,0.0972222238779068
863,7,592466,0.09090909361839294
863,8,1142850,0.09090909361839294
863,9,2795422,0.08695652335882187
863,10,6125609,0.08196721225976944
863,11,805783,0.08139535039663315
863,12,2795435,0.0810810774564743
863,13,4682406,0.0810810774564743
863,14,45317006,0.07999999821186066
863,15,46630,0.07575757801532745
863,16,3209595,0.07407407462596893
863,17,844120,0.06896551698446274
863,18,1107946,0.06896551698446274
863,19,2998128,0.06666667014360428
863,20,10452429,0.06666667014360428
863,21,17027114,0.06521739065647125
863,22,805793,0.06493506580591202
863,23,864540,0.06474819779396057
863,24,164046,0.06451612710952759
863,25,2984336,0.06451612710952759
863,26,2998126,0.06382978707551956
863,27,16105,0.0625
863,28,411263,0.0625
863,29,1130147,0.0625
863,30,3032860,0.0625
863,31,1196056,0.06122449040412903
863,32,21384312,0.06122449040412903
863,33,2339177,0.0595238097012043
863,34,1171248,0.05737704783678055
863,35,498223,0.056603774428367615
863,36,1487248,0.0555555559694767
863,37,738489,0.054794520139694214
863,38,6627901,0.05454545468091965
863,39,864541,0.05376344174146652
863,40,1112036,0.05376344174146652
863,41,16280489,0.0535714291036129
863,42,28162970,0.05263157933950424
863,43,3094151,0.05238095298409462
863,44,480682,0.0517241396009922
863,45,2482869,0.0517241396009922
863,46,2067752,0.05120481923222542
863,47,2601,0.04918032884597778
863,48,5723305,0.04918032884597778
863,49,952544,0.0476190485060215
863,50,1006377,0.0476190485060215
863,51,2598,0.046875
863,52,2694663,0.04615384712815285
863,53,6125574,0.04494382068514824
863,54,593955,0.04477611929178238
863,55,6258393,0.04477611929178238
863,56,6433486,0.04477611929178238
863,57,1112038,0.0445544570684433
863,58,1142872,0.04433497413992882
863,59,21457576,0.04385964944958687
863,60,465107,0.043478261679410934
960,1,1024727,0.08974359184503555
960,2,984829,0.050314463675022125
960,3,1911053,0.05000000074505806
960,4,13393596,0.05000000074505806
960,5,24065797,0.05000000074505806
960,6,105086,0.04938271641731262
960,7,810271,0.04938271641731262
960,8,529534,0.04878048598766327
960,9,1708510,0.0476190485060215
960,10,18463625,0.0476190485060215
960,11,14517713,0.04494382068514824
960,12,42904,0.04444444552063942
960,13,264049,0.04395604506134987
960,14,1122617,0.04374999925494194
960,15,133088,0.04285714402794838
960,16,2426065,0.04273504391312599
960,17,489077,0.042553190141916275
960,18,6595917,0.041420117020606995
960,19,63086,0.04065040498971939
960,20,2118,0.03999999910593033
960,21,1043197,0.03999999910593033
960,22,939042,0.0396825410425663
960,23,3209595,0.0396825410425663
960,24,2477548,0.039603959769010544
960,25,430524,0.03947368264198303
960,26,2781696,0.03921568766236305
960,27,14279456,0.03862661123275757
960,28,1182420,0.03809523954987526
960,29,1920769,0.03809523954987526
960,30,950451,0.03773584961891174
960,31,1032171,0.03773584961891174
960,32,1115542,0.03703703731298447
960,33,4337936,0.03703703731298447
960,34,1824362,0.03669724613428116
960,35,102711,0.03658536449074745
960,36,1475463,0.03658536449074745
960,37,2998240,0.03658536449074745
960,38,3262401,0.03658536449074745
960,39,3147348,0.036363635212183
960,40,3266059,0.036363635212183
960,41,472987,0.03614457696676254
960,42,486298,0.03614457696676254
960,43,900345,0.03614457696676254
960,44,2568657,0.03614457696676254
960,45,6790315,0.03614457696676254
960,46,13533590,0.03614457696676254
960,47,14869677,0.03614457696676254
960,48,18887960,0.03614457696676254
960,49,4593761,0.036082472652196884
960,50,1068585,0.036036036908626556
960,51,1247072,0.036036036908626556
960,52,1294681,0.0357142873108387
960,53,2954831,0.0357142873108387
960,54,2988291,0.0357142873108387
960,55,25630141,0.0357142873108387
960,56,1386643,0.03553299605846405
960,57,20196547,0.03539822995662689
960,58,7129284,0.03529411926865578
960,59,21861446,0.03529411926865578
960,60,6225611,0.03488372266292572
961,1,56540,0.18309858441352844
961,2,21573159,0.1551724076271057
961,3,2736851,0.0833333358168602
961,4,6879893,0.06451612710952759
961,5,2215939,0.0625
961,6,956435,0.056338027119636536
961,7,112914,0.05612244829535484
961,8,41261371,0.05263157933950424
961,9,42419722,0.05263157933950424
961,10,235723,0.04477611929178238
961,11,1474309,0.03529411926865578
961,12,9375624,0.034090910106897354
961,13,17943436,0.03333333507180214
961,14,320876,0.032608695328235626
961,15,172538,0.032258063554763794
961,16,11094898,0.029702970758080482
961,17,2954048,0.02747252769768238
961,18,11775,0.02666666731238365
961,19,1140,0.0258620698004961
961,20,3000541,0.02512562833726406
961,21,4035401,0.02489626593887806
961,22,17348487,0.021897809579968452
961,23,3119231,0.02142857201397419
961,24,986234,0.02132701501250267
961,25,73811,0.021276595070958138
961,26,6180419,0.020202020183205605
961,27,15570703,0.019607843831181526
961,28,3154525,0.01886792480945587
961,29,17352354,0.018691588193178177
961,30,18658793,0.01840490847826004
961,31,39947767,0.01840490847826004
961,32,19034527,0.01826483942568302
961,33,142568,0.0181818176060915
961,34,18197624,0.0181818176060915
961,35,2625557,0.01785714365541935
961,36,15570165,0.017467249184846878
961,37,1014091,0.017341040074825287
961,38,212602,0.017316017299890518
961,39,1467808,0.017241379246115685
961,40,2971402,0.016949152573943138
961,41,2796883,0.016746411100029945
961,42,145600,0.016483517363667488
961,43,30431,0.01615798845887184
961,44,756664,0.016129031777381897
961,45,2205479,0.015625
961,46,481854,0.015432098880410194
961,47,171430,0.014814814552664757
961,48,1405544,0.014705882407724857
961,49,1651617,0.014705882407724857
961,50,1118349,0.014440433122217655
961,51,1231880,0.014084506779909134
961,52,643924,0.013937282375991344
961,53,884960,0.013513513840734959
961,54,1602074,0.01341281644999981
961,55,59181,0.013201320543885231
961,56,995103,0.013048635795712471
961,57,1324493,0.012861736118793488
961,58,1031493,0.012578615918755531
961,59,2966408,0.012500000186264515
961,60,55188,0.012145749293267727
962,1,950329,0.07500000298023224
962,2,1824318,0.07500000298023224
962,3,3321103,0.06849315017461777
962,4,1391302,0.06818182021379471
962,5,1019008,0.06382978707551956
962,6,2887963,0.05999999865889549
962,7,32296,0.057692307978868484
962,8,3094971,0.0555555559694767
962,9,1180015,0.05263157933950424
962,10,90454,0.0517241396009922
962,11,857416,0.0517241396009922
962,12,467254,0.04545454680919647
962,13,1075684,0.04545454680919647
962,14,14280291,0.0416666679084301
962,15,2905864,0.03846153989434242
962,16,2222441,0.03759398311376572
962,17,1223124,0.036496348679065704
962,18,3049535,0.034246575087308884
962,19,241063,0.034090910106897354
962,20,963266,0.033898305147886276
962,21,1912267,0.031578946858644485
962,22,1616484,0.03125
962,23,114,0.029999999329447746
962,24,1505465,0.029126213863492012
962,25,425872,0.028169013559818268
962,26,965212,0.02777777798473835
962,27,1379592,0.02777777798473835
962,28,2683165,0.027522936463356018
962,29,1231594,0.027027027681469917
962,30,1142,0.02678571455180645
962,31,3277447,0.02678571455180645
962,32,7071165,0.02678571455180645
962,33,40852693,0.02666666731238365
962,34,38742,0.02654867246747017
962,35,90322,0.02631578966975212
962,36,816009,0.0260869562625885
962,37,3025639,0.0260869562625885
962,38,870671,0.02500000037252903
962,39,551195,0.024193547666072845
962,40,1056302,0.024193547666072845
962,41,6057225,0.024096384644508362
962,42,1651078,0.024000000208616257
962,43,1240262,0.023668639361858368
962,44,1039021,0.02358490601181984
962,45,847348,0.023255813866853714
962,46,1816475,0.02222222276031971
962,47,1791604,0.021897809579968452
962,48,2180439,0.021739130839705467
962,49,2674739,0.021739130839705467
962,50,438581,0.021276595070958138
962,51,1461747,0.021052632480859756
962,52,2736849,0.02054794505238533
962,53,3215642,0.020408162847161293
962,54,1816452,0.019999999552965164
962,55,1902726,0.019999999552965164
962,56,1469913,0.019736841320991516
962,57,2682098,0.019736841320991516
962,58,2246190,0.019512195140123367
962,59,41342119,0.019480518996715546
962,60,2798280,0.019354838877916336
969,1,2501288,0.380952388048172
969,2,2529035,0.29906541109085083
969,3,2285229,0.07056451588869095
969,4,1889849,0.0625
969,5,302969,0.0615384615957737
969,6,581426,0.058139536529779434
969,7,1889837,0.05797101557254791
969,8,1204699,0.057692307978868484
969,9,2080750,0.05737704783678055
969,10,801148,0.056603774428367615
969,11,2135456,0.056603774428367615
969,12,398070,0.0555555559694767
969,13,4834466,0.0555555559694767
969,14,578391,0.0535714291036129
969,15,1032790,0.0535714291036129
969,16,302958,0.050632912665605545
969,17,524457,0.050632912665605545
969,18,6158856,0.05050504952669144
969,19,2243662,0.05000000074505806
969,20,2290819,0.05000000074505806
969,21,2078934,0.04938271641731262
969,22,538777,0.04918032884597778
969,23,240752,0.04901960864663124
969,24,1019140,0.04901960864663124
969,25,2169264,0.048192769289016724
969,26,654751,0.0476190485060215
969,27,3328784,0.0476190485060215
969,28,5912667,0.0470588244497776
969,29,1193886,0.04615384712815285
969,30,3380791,0.04615384712815285
969,31,1193896,0.04545454680919647
969,32,3280795,0.04545454680919647
969,33,1214027,0.04477611929178238
969,34,3192037,0.04477611929178238
969,35,13647613,0.04477611929178238
969,36,3312354,0.04411764815449715
969,37,3245408,0.044025156646966934
969,38,933411,0.043478261679410934
969,39,2564478,0.043478261679410934
969,40,6982485,0.043478261679410934
969,41,3204657,0.043103449046611786
969,42,749560,0.04285714402794838
969,43,268824,0.042553190141916275
969,44,1889,0.0422535203397274
969,45,60390,0.0422535203397274
969,46,1322254,0.0419580414891243
969,47,654752,0.0416666679084301
969,48,2351167,0.0416666679084301
969,49,1603405,0.04137931019067764
969,50,1878,0.04123711213469505
969,51,6145101,0.04040404036641121
969,52,3944773,0.03999999910593033
969,53,1726608,0.0396825410425663
969,54,816361,0.039603959769010544
969,55,1245365,0.039603959769010544
969,56,35731,0.03896103799343109
969,57,1178237,0.03896103799343109
969,58,2210660,0.03896103799343109
969,59,5294117,0.03896103799343109
969,60,2948317,0.03867403417825699
973,1,1386324,0.12195122241973877
973,2,1004393,0.11999999731779099
973,3,2389441,0.1111111119389534
973,4,1121869,0.09677419066429138
973,5,1004371,0.09615384787321091
973,6,34288,0.08695652335882187
973,7,1035259,0.08571428805589676
973,8,1103585,0.0833333358168602
973,9,1234051,0.0833333358168602
973,10,859023,0.0810810774564743
973,11,2994137,0.07894736528396606
973,12,1575845,0.07500000298023224
973,13,1003821,0.072727270424366
973,14,7122639,0.0714285746216774
973,15,1863,0.06976744532585144
973,16,1047576,0.06818182021379471
973,17,869986,0.06779661029577255
973,18,1956,0.06666667014360428
973,19,34292,0.06666667014360428
973,20,505,0.06521739065647125
973,21,1003876,0.0595238097012043
973,22,2210482,0.057692307978868484
973,23,2412510,0.057692307978868484
973,24,39678,0.056338027119636536
973,25,2595,0.0517241396009922
973,26,25037,0.050847455859184265
973,27,2854698,0.050847455859184265
973,28,2522719,0.050632912665605545
973,29,856203,0.05000000074505806
973,30,2934,0.04838709533214569
973,31,2119481,0.04615384712815285
973,32,168119,0.04545454680919647
973,33,1069505,0.04458598792552948
973,34,14520797,0.04411764815449715
973,35,6594671,0.043103449046611786
973,36,771451,0.0422535203397274
973,37,1258632,0.0416666679084301
973,38,2321296,0.03980099409818649
973,39,1045176,0.0396825410425663
973,40,2887072,0.0396825410425663
973,41,1234050,0.03947368264198303
973,42,847545,0.03883495181798935
973,43,530403,0.03846153989434242
973,44,2063379,0.03846153989434242
973,45,1530651,0.0382513664662838
973,46,1358831,0.037383176386356354
973,47,1561725,0.03726708143949509
973,48,1968913,0.03703703731298447
973,49,1124161,0.03669724613428116
973,50,2321243,0.0357142873108387
973,51,2984336,0.0357142873108387
973,52,18132937,0.0357142873108387
973,53,1171248,0.03539822995662689
973,54,14085268,0.03539822995662689
973,55,18330291,0.03488372266292572
973,56,1441544,0.03478260710835457
973,57,3353659,0.03448275849223137
973,58,888455,0.034090910106897354
973,59,972253,0.033707864582538605
973,60,361114,0.03333333507180214
1052,1,388063,0.692307710647583
1052,2,1089092,0.692307710647583
1052,3,2773925,0.6800000071525574
1052,4,3575140,0.6666666865348816
1052,5,329317,0.6428571343421936
1052,6,1384120,0.5833333134651184
1052,7,3575252,0.5666666626930237
1052,8,3715392,0.5555555820465088
1052,9,561940,0.5277777910232544
1052,10,216150,0.5
1052,11,2021464,0.48571428656578064
1052,12,5277606,0.42500001192092896
1052,13,2393986,0.42222222685813904
1052,14,1527549,0.4146341383457184
1052,15,19475,0.41025641560554504
1052,16,2366490,0.3913043439388275
1052,17,1200332,0.3333333432674408
1052,18,1200321,0.28125
1052,19,722040,0.2017543911933899
1052,20,1244681,0.10000000149011612
1052,21,347193,0.08888889104127884
1052,22,833376,0.0882352963089943
1052,23,1471430,0.08695652335882187
1052,24,887936,0.08163265138864517
1052,25,759594,0.07692307978868484
1052,26,891820,0.07407407462596893
1052,27,1093466,0.07407407462596893
1052,28,352704,0.0731707289814949
1052,29,976853,0.0731707289814949
1052,30,3217787,0.06666667014360428
1052,31,2907212,0.06521739065647125
1052,32,900152,0.0625
1052,33,22983,0.06122449040412903
1052,34,891864,0.06122449040412903
1052,35,2758229,0.05999999865889549
1052,36,2923893,0.057692307978868484
1052,37,1093467,0.056603774428367615
1052,38,2030978,0.056603774428367615
1052,39,6270452,0.0555555559694767
1052,40,2918492,0.05454545468091965
1052,41,1807620,0.0535714291036129
1052,42,891831,0.051948051899671555
1052,43,1519765,0.050847455859184265
1052,44,891842,0.04918032884597778
1052,45,1331066,0.04918032884597778
1052,46,2814300,0.04854368790984154
1052,47,987443,0.04615384712815285
1052,48,2918547,0.04615384712815285
1052,49,2660252,0.04477611929178238
1052,50,1134058,0.0357142873108387
1052,51,1318780,0.0357142873108387
1052,52,891861,0.03529411926865578
1052,53,625423,0.03488372266292572
1052,54,1610031,0.029999999329447746
1052,55,3312295,0.029411764815449715
1052,56,23859036,0.027522936463356018
1052,57,696,0.02469135820865631
1052,58,13799,0.023622047156095505
1052,59,1882574,0.0211267601698637
1052,60,26949988,0.01923076994717121
1057,1,1380633,0.15000000596046448
1057,2,1381450,0.15000000596046448
1057,3,128563,0.1428571492433548
1057,4,2548393,0.1034482792019844
1057,5,1817638,0.10000000149011612
1057,6,803245,0.0882352963089943
1057,7,1817640,0.07692307978868484
1057,8,1058,0.07500000298023224
1057,9,1521838,0.05970149114727974
1057,10,1011388,0.05494505539536476
1057,11,762497,0.03750000149011612
1057,12,1129624,0.02255639061331749
1057,13,12879765,0.02238805964589119
1057,14,252618,0.021897809579968452
1057,15,250975,0.02083333395421505
1057,16,2095852,0.02010050229728222
1057,17,24239884,0.019354838877916336
1057,18,2322406,0.017241379246115685
1057,19,15750881,0.016393441706895828
1057,20,16669362,0.01604278013110161
1057,21,25641726,0.015306122601032257
1057,22,2181158,0.014423076994717121
1057,23,209414,0.014326647855341434
1057,24,3634570,0.013937282375991344
1057,25,3634573,0.01293103490024805
1057,26,819104,0.012765957042574883
1057,27,23811929,0.012618296779692173
1057,28,1166797,0.012396694160997868
1057,29,1494222,0.01230769231915474
1057,30,924711,0.012195121496915817
1057,31,3797890,0.011904762126505375
1057,32,856785,0.011661808006465435
1057,33,3797880,0.011363636702299118
1057,34,583655,0.010948904789984226
1057,35,51396954,0.010830325074493885
1057,36,726205,0.010638297535479069
1057,37,227172,0.010570824146270752
1057,38,1383900,0.010482179932296276
1057,39,2990010,0.010452961549162865
1057,40,3261241,0.010256410576403141
1057,41,1048525,0.009933775290846825
1057,42,4733799,0.009708737954497337
1057,43,3516480,0.009501188062131405
1057,44,6778696,0.009389671497046947
1057,45,14419515,0.009345794096589088
1057,46,817527,0.00909090880304575
1057,47,1755568,0.009036144241690636
1057,48,2054834,0.009029345586895943
1057,49,3436605,0.009029345586895943
1057,50,1254936,0.008752735331654549
1057,51,2467422,0.008571428246796131
1057,52,2116927,0.008522727526724339
1057,53,113603,0.008517887443304062
1057,54,576222,0.008510638028383255
1057,55,847007,0.008403361774981022
1057,56,1882772,0.008356546051800251
1057,57,12731936,0.008333333767950535
1057,58,423,0.008196720853447914
1057,59,592532,0.008086252957582474
1057,60,6614452,0.008080808445811272
1058,1,1817640,0.7352941036224365
1058,2,803245,0.6875
1058,3,2056682,0.6388888955116272
1058,4,1817638,0.6129032373428345
1058,5,842164,0.6111111044883728
1058,6,128568,0.5806451439857483
1058,7,1059,0.5588235259056091
1058,8,1521838,0.49152541160583496
1058,9,2261682,0.4545454680919647
1058,10,6874180,0.4193548262119293
1058,11,1915001,0.4117647111415863
1058,12,128563,0.32258063554763794
1058,13,1380633,0.29032257199287415
1058,14,1381450,0.29032257199287415
1058,15,128565,0.2571428716182709
1058,16,128564,0.22857142984867096
1058,17,48207,0.18421052396297455
1058,18,3066290,0.15000000596046448
1058,19,23893044,0.1428571492433548
1058,20,398394,0.10526315867900848
1058,21,52221,0.09302325546741486
1058,22,390311,0.09090909361839294
1058,23,1117220,0.08888889104127884
1058,24,109313,0.08620689809322357
1058,25,2246993,0.08510638028383255
1058,26,390332,0.08219178020954132
1058,27,390322,0.08163265138864517
1058,28,1308972,0.08163265138864517
1058,29,1761500,0.0810810774564743
1058,30,7416059,0.07999999821186066
1058,31,604599,0.07894736528396606
1058,32,93483,0.07692307978868484
1058,33,604600,0.07692307978868484
1058,34,1318449,0.07692307978868484
1058,35,1879450,0.07692307978868484
1058,36,1057,0.07500000298023224
1058,37,93482,0.07500000298023224
1058,38,5268814,0.07407407462596893
1058,39,1270245,0.0731707289814949
1058,40,379785,0.0714285746216774
1058,41,522793,0.0714285746216774
1058,42,1387511,0.06976744532585144
1058,43,13276540,0.06976744532585144
1058,44,608067,0.0694444477558136
1058,45,390334,0.06923077255487442
1058,46,390310,0.06666667014360428
1058,47,604597,0.06666667014360428
1058,48,604598,0.06666667014360428
1058,49,1027423,0.06666667014360428
1058,50,2317373,0.06666667014360428
1058,51,1270248,0.06557376682758331
1058,52,1868416,0.06521739065647125
1058,53,13276527,0.06521739065647125
1058,54,165610,0.06382978707551956
1058,55,1318439,0.06382978707551956
1058,56,1380029,0.06382978707551956
1058,57,2498,0.06329113990068436
1058,58,1041972,0.0625
1058,59,1270266,0.0625
1058,60,7348330,0.0625
1059,1,128568,0.8260869383811951
1059,2,842164,0.699999988079071
1059,3,1817638,0.6538461446762085
1059,4,1915001,0.6399999856948853
1059,5,2261682,0.6399999856948853
1059,6,803245,0.6206896305084229
1059,7,6874180,0.6086956262588501
1059,8,1817640,0.5757575631141663
1059,9,1058,0.5588235259056091
1059,10,2056682,0.529411792755127
1059,11,1380633,0.375
1059,12,1381450,0.375
1059,13,128565,0.37037035822868347
1059,14,128563,0.36000001430511475
1059,15,1521838,0.3499999940395355
1059,16,128564,0.2857142984867096
1059,17,23893044,0.2222222238779068
1059,18,48207,0.1875
1059,19,3066290,0.1818181872367859
1059,20,263078,0.09375
1059,21,1026843,0.09375
1059,22,2976384,0.08571428805589676
1059,23,390311,0.08163265138864517
1059,24,52221,0.0810810774564743
1059,25,486650,0.0810810774564743
1059,26,390310,0.07894736528396606
1059,27,109313,0.07692307978868484
1059,28,1284326,0.07575757801532745
1059,29,302782,0.07547169923782349
1059,30,2317373,0.07547169923782349
1059,31,390332,0.0746268630027771
1059,32,1761500,0.07352941483259201
1059,33,124804,0.0731707289814949
1059,34,3740865,0.07246376574039459
1059,35,267977,0.0714285746216774
1059,36,390322,0.06976744532585144
1059,37,390325,0.06976744532585144
1059,38,1945432,0.06976744532585144
1059,39,15728279,0.06976744532585144
1059,40,7416059,0.06818182021379471
1059,41,4313591,0.06666667014360428
1059,42,390308,0.06521739065647125
1059,43,1456014,0.06521739065647125
1059,44,9544402,0.06521739065647125
1059,45,21739207,0.06521739065647125
1059,46,101014,0.06493506580591202
1059,47,3262026,0.06382978707551956
1059,48,26063,0.0625
1059,49,5268814,0.0625
1059,50,26473563,0.06122449040412903
1059,51,608067,0.06060606241226196
1059,52,20574,0.057692307978868484
1059,53,1251299,0.056603774428367615
1059,54,6537048,0.056603774428367615
1059,55,5359599,0.056338027119636536
1059,56,4643372,0.0555555559694767
1059,57,2498,0.054794520139694214
1059,58,17380005,0.05454545468091965
1059,59,20230,0.0535714291036129
1059,60,940528,0.0535714291036129
1080,1,19176646,0.11764705926179886
1080,2,1309914,0.09756097197532654
1080,3,41397657,0.09090909361839294
1080,4,11619217,0.08571428805589676
1080,5,1308,0.0810810774564743
1080,6,54561,0.07894736528396606
1080,7,629317,0.07692307978868484
1080,8,376566,0.07500000298023224
1080,9,6966450,0.0731707289814949
1080,10,23464,0.05882352963089943
1080,11,33496,0.05882352963089943
1080,12,6329677,0.05882352963089943
1080,13,9151,0.0555555559694767
1080,14,850076,0.055045872926712036
1080,15,13574748,0.0476190485060215
1080,16,13013056,0.046875
1080,17,16552333,0.04597701132297516
1080,18,1978857,0.04210526496171951
1080,19,2399497,0.03999999910593033
1080,20,2055615,0.036036036908626556
1080,21,1932588,0.03539822995662689
1080,22,907243,0.035211268812417984
1080,23,598905,0.03361344709992409
1080,24,858297,0.028301887214183807
1080,25,4088,0.027210883796215057
1080,26,905286,0.027210883796215057
1080,27,2157806,0.027210883796215057
1080,28,1253407,0.025974025949835777
1080,29,1407851,0.024539876729249954
1080,30,1398442,0.02380952425301075
1080,31,532290,0.023391813039779663
1080,32,3046979,0.023255813866853714
1080,33,47562,0.022058824077248573
1080,34,3237312,0.022058824077248573
1080,35,722104,0.02142857201397419
1080,36,25599,0.021276595070958138
1080,37,2393951,0.0211267601698637
1080,38,3074803,0.02083333395421505
1080,39,1668837,0.02068965509533882
1080,40,11221066,0.020408162847161293
1080,41,18962767,0.020134227350354195
1080,42,252618,0.019999999552965164
1080,43,481941,0.019900497049093246
1080,44,1122077,0.019512195140123367
1080,45,1583154,0.019354838877916336
1080,46,224290,0.01923076994717121
1080,47,1885647,0.01840490847826004
1080,48,2181158,0.0181818176060915
1080,49,1294426,0.01796407252550125
1080,50,1703483,0.017766498029232025
1080,51,1561725,0.01744186133146286
1080,52,18525442,0.017341040074825287
1080,53,903474,0.016949152573943138
1080,54,140376,0.01666666753590107
1080,55,2192250,0.01666666753590107
1080,56,3634588,0.01666666753590107
1080,57,1746717,0.016460904851555824
1080,58,2138852,0.016355140134692192
1080,59,2528139,0.01595744676887989
1080,60,1166797,0.015748031437397003
1096,1,1042123,0.41081079840660095
1096,2,3078120,0.19387754797935486
1096,3,2842984,0.1836228221654892
1096,4,74123,0.1746293306350708
1096,5,809325,0.15199999511241913
1096,6,1877624,0.15159235894680023
1096,7,583655,0.10478360205888748
1096,8,1636629,0.10220441222190857
1096,9,1185086,0.101234570145607
1096,10,1712283,0.09696969389915466
1096,11,819071,0.09615384787321091
1096,12,1494222,0.09368635714054108
1096,13,1636617,0.09284332394599915
1096,14,1128601,0.09283387660980225
1096,15,1796454,0.09072165191173553
1096,16,3312754,0.08941176533699036
1096,17,819126,0.08883249014616013
1096,18,819104,0.08780487626791
1096,19,9934116,0.08510638028383255
1096,20,968513,0.08446866273880005
1096,21,583590,0.08355091512203217
1096,22,62580,0.08316429704427719
1096,23,6432996,0.08259586989879608
1096,24,968512,0.08142493665218353
1096,25,2889659,0.080684594810009
1096,26,1494234,0.07880435138940811
1096,27,280092,0.07853402942419052
1096,28,929672,0.07847533375024796
1096,29,194190,0.07836257666349411
1096,30,1229354,0.07774798572063446
1096,31,46982,0.07750000059604645
1096,32,4110990,0.07692307978868484
1096,33,1857065,0.07681159675121307
1096,34,13659124,0.07608695328235626
1096,35,583611,0.07594936341047287
1096,36,144656,0.07407407462596893
1096,37,1107935,0.07397959381341934
1096,38,135328,0.07238307595252991
1096,39,1128623,0.07162534445524216
1096,40,59951,0.07079645991325378
1096,41,62360,0.07070706784725189
1096,42,583688,0.07062146812677383
1096,43,2073281,0.07035175710916519
1096,44,592532,0.06985294073820114
1096,45,9910828,0.06953642517328262
1096,46,944896,0.06692913174629211
1096,47,1007964,0.06624999642372131
1096,48,525730,0.06463878601789474
1096,49,18164154,0.06321839243173599
1096,50,16202400,0.06040268391370773
1096,51,42456608,0.05782312899827957
1096,52,40666827,0.05733944848179817
1096,53,3078186,0.05728314071893692
1096,54,6277491,0.05727923661470413
1096,55,1179689,0.0565476194024086
1096,56,18130445,0.05590062215924263
1096,57,1263322,0.0555555559694767
1096,58,2021847,0.055276382714509964
1096,59,3262727,0.05459057167172432
1096,60,1703483,0.05300353467464447
1132,1,1024673,0.21739129722118378
1132,2,6992256,0.09677419066429138
1132,3,1976,0.09090909361839294
1132,4,191053,0.09090909361839294
1132,5,645566,0.09090909361839294
1132,6,7415362,0.09090909361839294
1132,7,2029633,0.0784313753247261
1132,8,933563,0.07692307978868484
1132,9,2292855,0.07692307978868484
1132,10,86428,0.0714285746216774
1132,11,271837,0.0714285746216774
1132,12,631122,0.0714285746216774
1132,13,505277,0.06896551698446274
1132,14,10717823,0.06818182021379471
1132,15,201468,0.06666667014360428
1132,16,1426160,0.06521739065647125
1132,17,21541897,0.06521739065647125
1132,18,3234368,0.05970149114727974
1132,19,1215900,0.05882352963089943
1132,20,2028676,0.057692307978868484
1132,21,3215584,0.0535714291036129
1132,22,7415356,0.050632912665605545
1132,23,1245146,0.05000000074505806
1132,24,896682,0.04938271641731262
1132,25,1279228,0.04918032884597778
1132,26,2318048,0.04838709533214569
1132,27,301388,0.0476190485060215
1132,28,325563,0.046875
1132,29,27112723,0.04545454680919647
1132,30,359311,0.04494382068514824
1132,31,929936,0.04285714402794838
1132,32,18940474,0.03999999910593033
1132,33,2141767,0.03947368264198303
1132,34,649854,0.03896103799343109
1132,35,1998683,0.03883495181798935
1132,36,933480,0.03846153989434242
1132,37,251371,0.03773584961891174
1132,38,1405163,0.03750000149011612
1132,39,10867827,0.03703703731298447
1132,40,816361,0.03658536449074745
1132,41,2394502,0.036036036908626556
1132,42,1451198,0.03529411926865578
1132,43,31274,0.03478260710835457
1132,44,2208078,0.034246575087308884
1132,45,24902370,0.03418803587555885
1132,46,1284999,0.033898305147886276
1132,47,2564478,0.03333333507180214
1132,48,2069970,0.032608695328235626
1132,49,2494398,0.03191489353775978
1132,50,2992071,0.031578946858644485
1132,51,1069773,0.03076923079788685
1132,52,506009,0.03030303120613098
1132,53,954532,0.03030303120613098
1132,54,25246,0.030075188726186752
1132,55,1174365,0.029999999329447746
1132,56,999507,0.029411764815449715
1132,57,1603647,0.029411764815449715
1132,58,45788060,0.029411764815449715
1132,59,1416904,0.029069768264889717
1132,60,1442720,0.028901733458042145
1140,1,175882,0.1367521435022354
1140,2,1017679,0.09615384787321091
1140,3,752463,0.0859375
1140,4,15306654,0.08374384045600891
1140,5,1739475,0.0803571417927742
1140,6,1247207,0.07500000298023224
1140,7,1443553,0.07194244861602783
1140,8,39396,0.0714285746216774
1140,9,357793,0.07017543911933899
1140,10,366182,0.06896551698446274
1140,11,2886568,0.06451612710952759
1140,12,2103337,0.059090908616781235
1140,13,46720,0.05737704783678055
1140,14,1003095,0.0573248416185379
1140,15,745601,0.054347824305295944
1140,16,2290688,0.05369127541780472
1140,17,1118349,0.05298013240098953
1140,18,45343,0.05128205195069313
1140,19,125993,0.05050504952669144
1140,20,26739575,0.05050504952669144
1140,21,31817,0.05000000074505806
1140,22,134831,0.049504950642585754
1140,23,46724,0.04716981202363968
1140,24,738953,0.04716981202363968
1140,25,24839,0.04712041839957237
1140,26,9295,0.04580152779817581
1140,27,756454,0.04580152779817581
1140,28,2640266,0.04545454680919647
1140,29,53149569,0.04545454680919647
1140,30,1185316,0.045045044273138046
1140,31,3256309,0.045045044273138046
1140,32,213075,0.04494382068514824
1140,33,503408,0.044247787445783615
1140,34,835372,0.04411764815449715
1140,35,629495,0.04374999925494194
1140,36,389834,0.04326923191547394
1140,37,69388,0.04301075264811516
1140,38,2761760,0.04301075264811516
1140,39,28117,0.04248366132378578
1140,40,3419289,0.04237288236618042
1140,41,24757302,0.04210526496171951
1140,42,1026304,0.040816325694322586
1140,43,2089466,0.040816325694322586
1140,44,3119231,0.040462426841259
1140,45,26657685,0.03999999910593033
1140,46,1107826,0.03921568766236305
1140,47,1701632,0.03921568766236305
1140,48,1167079,0.03883495181798935
1140,49,1208289,0.0382978729903698
1140,50,3051059,0.03809523954987526
1140,51,19175806,0.03809523954987526
1140,52,1800811,0.03731343150138855
1140,53,231282,0.036764707416296005
1140,54,865289,0.03669724613428116
1140,55,2095346,0.03669724613428116
1140,56,738965,0.036036036908626556
1140,57,25630049,0.0357142873108387
1140,58,107975,0.03529411926865578
1140,59,190420,0.03529411926865578
1140,60,1282775,0.03529411926865578
1142,1,936979,0.06504064798355103
1142,2,963772,0.0607476644217968
1142,3,887936,0.05882352963089943
1142,4,18538203,0.05882352963089943
1142,5,3049282,0.05833333358168602
1142,6,1650913,0.0555555559694767
1142,7,836000,0.05303030461072922
1142,8,911456,0.04838709533214569
1142,9,1214907,0.0476190485060215
1142,10,2193696,0.04580152779817581
1142,11,2069530,0.04577464610338211
1142,12,895966,0.04545454680919647
1142,13,1177001,0.04528301954269409
1142,14,625423,0.04516129195690155
1142,15,1612315,0.04511278122663498
1142,16,1132968,0.044052861630916595
1142,17,467254,0.043478261679410934
1142,18,335,0.04237288236618042
1142,19,2371216,0.04237288236618042
1142,20,815712,0.0422535203397274
1142,21,2441,0.042016807943582535
1142,22,2684122,0.04193548485636711
1142,23,3271184,0.041322313249111176
1142,24,95855,0.04054053872823715
1142,25,838965,0.04054053872823715
1142,26,728749,0.04032257944345474
1142,27,953721,0.03999999910593033
1142,28,2492347,0.03999999910593033
1142,29,2491780,0.03952569141983986
1142,30,249012,0.03947368264198303
1142,31,900927,0.03940886631608009
1142,32,6812077,0.03940886631608009
1142,33,1807620,0.03937007859349251
1142,34,2578988,0.03937007859349251
1142,35,45674421,0.03910614550113678
1142,36,79986,0.0390625
1142,37,1128271,0.0390625
1142,38,3266950,0.03896103799343109
1142,39,14386678,0.03883495181798935
1142,40,16175799,0.03883495181798935
1142,41,924908,0.03867403417825699
1142,42,2223519,0.03818615898489952
1142,43,6449955,0.03804347664117813
1142,44,250975,0.037974681705236435
1142,45,2223651,0.03787878900766373
1142,46,3277447,0.037837836891412735
1142,47,2781025,0.03773584961891174
1142,48,7250268,0.03773584961891174
1142,49,14066833,0.03773584961891174
1142,50,1268146,0.03759398311376572
1142,51,1019987,0.03750000149011612
1142,52,24237023,0.03743315488100052
1142,53,3739,0.03731343150138855
1142,54,2607049,0.03723404183983803
1142,55,6257025,0.03722084313631058
1142,56,3349153,0.037162162363529205
1142,57,241063,0.03703703731298447
1142,58,869390,0.03703703731298447
1142,59,2064030,0.03688524663448334
1142,60,2144486,0.03680981695652008
1154,1,218134,0.09756097197532654
1154,2,2977702,0.09677419066429138
1154,3,1220077,0.09090909361839294
1154,4,433070,0.0833333358168602
1154,5,6300118,0.0833333358168602
1154,6,86258,0.0714285746216774
1154,7,34292,0.06521739065647125
1154,8,1685656,0.06410256773233414
1154,9,575142,0.06122449040412903
1154,10,843370,0.06122449040412903
1154,11,2214520,0.056603774428367615
1154,12,2095997,0.0535714291036129
1154,13,1017370,0.0533333346247673
1154,14,465107,0.0517241396009922
1154,15,1846097,0.0517241396009922
1154,16,18349336,0.04411764815449715
1154,17,299695,0.0422535203397274
1154,18,2029501,0.0416666679084301
1154,19,1174365,0.039603959769010544
1154,20,510354,0.03947368264198303
1154,21,1219592,0.03896103799343109
1154,22,1268257,0.03896103799343109
1154,23,6726263,0.03846153989434242
1154,24,322502,0.037974681705236435
1154,25,198687,0.03703703731298447
1154,26,2049173,0.036036036908626556
1154,27,168119,0.0357142873108387
1154,28,2596626,0.03448275849223137
1154,29,133088,0.034090910106897354
1154,30,4242,0.03200000151991844
1154,31,6157354,0.030612245202064514
1154,32,1139031,0.029411764815449715
1154,33,3464,0.029126213863492012
1154,34,1993854,0.028735632076859474
1154,35,6575836,0.02857142873108387
1154,36,1000219,0.028301887214183807
1154,37,2952174,0.028037382289767265
1154,38,984829,0.027522936463356018
1154,39,1231594,0.027027027681469917
1154,40,1835542,0.027027027681469917
1154,41,25723388,0.02678571455180645
1154,42,3155307,0.026595745235681534
1154,43,778444,0.02631578966975212
1154,44,6790315,0.02631578966975212
1154,45,1003952,0.0260869562625885
1154,46,1641139,0.025641025975346565
1154,47,551030,0.025157231837511063
1154,48,14044509,0.02459016442298889
1154,49,2586820,0.024193547666072845
1154,50,2318048,0.023255813866853714
1154,51,4733312,0.02255639061331749
1154,52,3264295,0.02074688859283924
1154,53,358453,0.019801979884505272
1154,54,808243,0.019736841320991516
1154,55,2927243,0.019480518996715546
1154,56,1152585,0.018987340852618217
1154,57,868252,0.017467249184846878
1154,58,2581,0.016853932291269302
1154,59,833565,0.01587301678955555
1154,60,817164,0.015544041059911251
1308,1,41714030,0.1304347813129425
1308,2,2839122,0.1111111119389534
1308,3,842786,0.09677419066429138
1308,4,1608124,0.08571428805589676
1308,5,1080,0.0810810774564743
1308,6,33496,0.0714285746216774
1308,7,191828,0.06976744532585144
1308,8,2085667,0.06521739065647125
1308,9,16029496,0.06382978707551956
1308,10,13013056,0.057692307978868484
1308,11,32011,0.05263157933950424
1308,12,1748176,0.0476190485060215
1308,13,2399497,0.0476190485060215
1308,14,25441287,0.046875
1308,15,23464,0.03999999910593033
1308,16,1978857,0.0357142873108387
1308,17,985244,0.032258063554763794
1308,18,7394861,0.027522936463356018
1308,19,6295163,0.027027027681469917
1308,20,44507,0.02678571455180645
1308,21,908398,0.02678571455180645
1308,22,1492580,0.02631578966975212
1308,23,6533383,0.02459016442298889
1308,24,338580,0.02380952425301075
1308,25,19926928,0.0234375
1308,26,18538203,0.022900763899087906
1308,27,907243,0.022727273404598236
1308,28,4763873,0.022727273404598236
1308,29,649656,0.019354838877916336
1308,30,5759,0.019108280539512634
1308,31,31010,0.018518518656492233
1308,32,1253374,0.018292682245373726
1308,33,100074,0.016194332391023636
1308,34,3442838,0.01595744676887989
1308,35,481941,0.015789473429322243
1308,36,40015533,0.015544041059911251
1308,37,2842984,0.015037594363093376
1308,38,2095852,0.014925372786819935
1308,39,1628566,0.014778325334191322
1308,40,1527439,0.014084506779909134
1308,41,3078120,0.013404825702309608
1308,42,1625515,0.01277955248951912
1308,43,2684122,0.012605042196810246
1308,44,1166797,0.012345679104328156
1308,45,882844,0.012121211737394333
1308,46,2305997,0.011787819676101208
1308,47,3237312,0.011406844481825829
1308,48,3364186,0.011406844481825829
1308,49,1559207,0.011029412038624287
1308,50,3298883,0.010714286006987095
1308,51,3200649,0.010615711100399494
1308,52,6473602,0.010169491171836853
1308,53,74123,0.009980039671063423
1308,54,9585796,0.009933775290846825
1308,55,2361393,0.009868420660495758
1308,56,175720,0.009836065582931042
1308,57,2138852,0.00954653974622488
1308,58,809248,0.009345794096589088
1308,59,2192250,0.008474576286971569
1308,60,2635502,0.007556675001978874
1311,1,2649450,0.1090909093618393
1311,2,189338,0.09090909361839294
1311,3,300449,0.09090909361839294
1311,4,2648679,0.08888889104127884
1311,5,127755,0.0793650820851326
1311,6,3102980,0.0784313753247261
1311,7,20739,0.0746268630027771
1311,8,12303,0.072727270424366
1311,9,1218789,0.072727270424366
1311,10,1128381,0.06849315017461777
1311,11,1373641,0.06818182021379471
1311,12,2078450,0.06666667014360428
1311,13,93900,0.06557376682758331
1311,14,6551304,0.06521739065647125
1311,15,1751058,0.06451612710952759
1311,16,2917432,0.06382978707551956
1311,17,54561,0.0625
1311,18,6299110,0.0615384615957737
1311,19,1383130,0.06122449040412903
1311,20,53689624,0.05882352963089943
1311,21,598404,0.057692307978868484
1311,22,1076637,0.057692307978868484
1311,23,3212390,0.057692307978868484
1311,24,1835,0.0555555559694767
1311,25,440208,0.0555555559694767
1311,26,436251,0.054794520139694214
1311,27,1309352,0.054794520139694214
1311,28,467759,0.05454545468091965
1311,29,756961,0.05263157933950424
1311,30,995802,0.05263157933950424
1311,31,2449678,0.0517241396009922
1311,32,87317,0.050847455859184265
1311,33,486408,0.050847455859184265
1311,34,3391338,0.05000000074505806
1311,35,375997,0.04918032884597778
1311,36,2663468,0.04918032884597778
1311,37,849464,0.0476190485060215
1311,38,983806,0.0458715595304966
1311,39,31010,0.044692736119031906
1311,40,1427207,0.044247787445783615
1311,41,3296544,0.04411764815449715
1311,42,680963,0.04395604506134987
1311,43,1692879,0.043103449046611786
1311,44,30661,0.04285714402794838
1311,45,13751223,0.04285714402794838
1311,46,3157863,0.0422535203397274
1311,47,835372,0.0416666679084301
1311,48,2342366,0.0416666679084301
1311,49,7003912,0.03947368264198303
1311,50,790838,0.03883495181798935
1311,51,2919427,0.03809523954987526
1311,52,14746717,0.037974681705236435
1311,53,2089235,0.03750000149011612
1311,54,5991,0.03658536449074745
1311,55,1472936,0.03658536449074745
1311,56,430063,0.0357142873108387
1311,57,1320474,0.03539822995662689
1311,58,522004,0.03529411926865578
1311,59,1748176,0.03529411926865578
1311,60,717119,0.035087719559669495
1313,1,203894,0.2112676054239273
1313,2,526775,0.1666666716337204
1313,3,252777,0.1428571492433548
1313,4,304500,0.1388888955116272
1313,5,516673,0.125
1313,6,2326165,0.12195122241973877
1313,7,1629232,0.12068965286016464
1313,8,3016652,0.11999999731779099
1313,9,6500,0.1190476194024086
1313,10,34456,0.11428571492433548
1313,11,1498705,0.11428571492433548
1313,12,1555713,0.11428571492433548
1313,13,168889,0.1090909093618393
1313,14,61979,0.10810811072587967
1313,15,40080,0.10526315867900848
1313,16,2133549,0.10000000149011612
1313,17,1370865,0.08771929889917374
1313,18,3147524,0.08771929889917374
1313,19,276686,0.08571428805589676
1313,20,247323,0.08474576473236084
1313,21,1007543,0.08474576473236084
1313,22,265016,0.0833333358168602
1313,23,930013,0.0833333358168602
1313,24,2101042,0.0833333358168602
1313,25,1960084,0.07999999821186066
1313,26,206548,0.07894736528396606
1313,27,2306323,0.07894736528396606
1313,28,2645148,0.07894736528396606
1313,29,14823978,0.078125
1313,30,2723088,0.07792207598686218
1313,31,6788975,0.07692307978868484
1313,32,77364,0.07500000298023224
1313,33,2078218,0.07500000298023224
1313,34,6615761,0.07500000298023224
1313,35,2682328,0.07407407462596893
1313,36,10394,0.0731707289814949
1313,37,55079,0.0714285746216774
1313,38,2976220,0.0714285746216774
1313,39,1286037,0.07042253762483597
1313,40,2404919,0.07042253762483597
1313,41,1215780,0.07009346038103104
1313,42,1241712,0.06976744532585144
1313,43,1807543,0.06976744532585144
1313,44,14816053,0.06862745434045792
1313,45,159378,0.06666667014360428
1313,46,6592533,0.06666667014360428
1313,47,281704,0.06521739065647125
1313,48,877675,0.06521739065647125
1313,49,16347822,0.06521739065647125
1313,50,41954075,0.06521739065647125
1313,51,204101,0.06382978707551956
1313,52,6801520,0.059405941516160965
1313,53,343996,0.05882352963089943
1313,54,19041763,0.05797101557254791
1313,55,169164,0.057692307978868484
1313,56,894384,0.054421767592430115
1313,57,2072983,0.05263157933950424
1313,58,2620135,0.05263157933950424
1313,59,21899016,0.04938271641731262
1313,60,1559310,0.04545454680919647
1315,1,2283546,0.12751677632331848
1315,2,1007821,0.11688311398029327
1315,3,4117200,0.1147540956735611
1315,4,2463488,0.0972222238779068
1315,5,19154202,0.09638553857803345
1315,6,2415847,0.0875576063990593
1315,7,2148599,0.08695652335882187
1315,8,43003,0.08571428805589676
1315,9,864626,0.08571428805589676
1315,10,77095,0.08219178020954132
1315,11,80004,0.08139535039663315
1315,12,155658,0.07954545319080353
1315,13,99260,0.07758620381355286
1315,14,191464,0.07594936341047287
1315,15,99261,0.07500000298023224
1315,16,372591,0.07500000298023224
1315,17,1040171,0.07407407462596893
1315,18,1188881,0.0731707289814949
1315,19,74090,0.0714285746216774
1315,20,261113,0.0714285746216774
1315,21,1009214,0.0714285746216774
1315,22,1259762,0.0714285746216774
1315,23,1352858,0.0714285746216774
1315,24,6595917,0.07096774131059647
1315,25,1931692,0.07058823853731155
1315,26,74085,0.06849315017461777
1315,27,405251,0.06756756454706192
1315,28,10836913,0.06756756454706192
1315,29,3296544,0.06451612710952759
1315,30,1940784,0.0634920671582222
1315,31,76811,0.06329113990068436
1315,32,1810485,0.06329113990068436
1315,33,250281,0.06122449040412903
1315,34,1018527,0.060975611209869385
1315,35,13341979,0.05960264801979065
1315,36,1309935,0.0595238097012043
1315,37,6273933,0.0595238097012043
1315,38,932279,0.05932203307747841
1315,39,850798,0.05882352963089943
1315,40,43458444,0.05882352963089943
1315,41,90020,0.05833333358168602
1315,42,1872693,0.058252427726984024
1315,43,2080870,0.05681818351149559
1315,44,781193,0.056338027119636536
1315,45,19182847,0.056338027119636536
1315,46,748402,0.056179776787757874
1315,47,1185977,0.0559440553188324
1315,48,1477756,0.055837564170360565
1315,49,3800929,0.0555555559694767
1315,50,14470746,0.0555555559694767
1315,51,327422,0.05531914904713631
1315,52,6176461,0.054794520139694214
1315,53,15005677,0.054794520139694214
1315,54,1221616,0.0546875
1315,55,755771,0.05454545468091965
1315,56,23373,0.054347824305295944
1315,57,128140,0.054347824305295944
1315,58,425986,0.054347824305295944
1315,59,43134,0.054054055362939835
1315,60,191977,0.054054055362939835
1351,1,1352,0.25806450843811035
1351,2,2994820,0.1785714328289032
1351,3,1336027,0.1071428582072258
1351,4,603433,0.07547169923782349
1351,5,3377947,0.0517241396009922
1351,6,2045220,0.027522936463356018
1351,7,1628566,0.025380710139870644
1351,8,41711673,0.023255813866853714
1351,9,2547187,0.02097902074456215
1351,10,310090,0.012396694160997868
1351,11,1677615,0.012000000104308128
1351,12,3246409,0.011461318470537663
1351,13,1723947,0.010135134682059288
1351,14,2138852,0.00963855441659689
1351,15,1959512,0.008695651777088642
1351,16,1140206,0.008595988154411316
1351,17,1871423,0.008389261551201344
1351,18,3098166,0.008086252957582474
1351,19,3875895,0.008021390065550804
1351,20,2904401,0.007894736714661121
1351,21,997271,0.007537688594311476
1351,22,968084,0.0070588234812021255
1351,23,23684,0.0066964286379516125
1351,24,3301398,0.0066964286379516125
1351,25,1028204,0.006369426846504211
1351,26,1658562,0.006185567006468773
1351,27,2662852,0.005524862091988325
1351,28,113603,0.005119454115629196
1351,29,4912783,0.005050505045801401
1351,30,1993810,0.004444444552063942
1351,31,2409320,0.004285714123398066
1351,32,221359,0.00413223123177886
1351,33,2754161,0.0039880359545350075
1351,34,1358908,0.0039787800051271915
1351,35,3057979,0.003846153849735856
1351,36,810663,0.003536693286150694
1351,37,1357456,0.0031545741949230433
1351,38,2612809,0.0030372056644409895
1351,39,1030767,0.002895752899348736
1351,40,1352495,0.002597402548417449
1351,41,3634639,0.002597402548417449
1351,42,814330,0.002572898752987385
1351,43,2956372,0.002515723230317235
1351,44,3284484,0.0024271844886243343
1351,45,2931549,0.002415458904579282
1351,46,3462456,0.0023980815894901752
1351,47,25491300,0.002308136085048318
1351,48,2507928,0.002277904422953725
1351,49,4259809,0.002247191034257412
1351,50,2100252,0.002222222276031971
1351,51,3324344,0.002204261487349868
1351,52,2766512,0.0021868166513741016
1351,53,30530,0.0021691974252462387
1351,54,69741,0.002139800228178501
1351,55,1268631,0.0020562028512358665
1351,56,1385044,0.0019920319318771362
1351,57,3078186,0.0019913706928491592
1351,58,3360164,0.0019646366126835346
1351,59,3208463,0.0019132653251290321
1351,60,2936175,0.0019071836723014712
1352,1,2994820,0.26829269528388977
1352,2,1351,0.25806450843811035
1352,3,1178556,0.1818181872367859
1352,4,1336027,0.1627907007932663
1352,5,1110751,0.1428571492433548
1352,6,603433,0.13432836532592773
1352,7,1336039,0.1315789520740509
1352,8,3232600,0.07692307978868484
1352,9,820178,0.07500000298023224
1352,10,990677,0.06451612710952759
1352,11,2157721,0.06382978707551956
1352,12,38776,0.056603774428367615
1352,13,48764553,0.0555555559694767
1352,14,43872842,0.05454545468091965
1352,15,1789163,0.04878048598766327
1352,16,1137467,0.04838709533214569
1352,17,1168090,0.04838709533214569
1352,18,79986,0.0476190485060215
1352,19,229416,0.04615384712815285
1352,20,835372,0.04494382068514824
1352,21,1965767,0.04444444552063942
1352,22,1171545,0.04411764815449715
1352,23,1294681,0.04411764815449715
1352,24,3049974,0.04411764815449715
1352,25,3187942,0.0416666679084301
1352,26,14746717,0.0416666679084301
1352,27,229421,0.04054053872823715
1352,28,2851520,0.04040404036641121
1352,29,645468,0.03947368264198303
1352,30,2842871,0.03947368264198303
1352,31,6887879,0.03896103799343109
1352,32,938197,0.037974681705236435
1352,33,2280883,0.037974681705236435
1352,34,1007854,0.03703703731298447
1352,35,1694397,0.0357142873108387
1352,36,2310058,0.03488372266292572
1352,37,1007843,0.034090910106897354
1352,38,1176198,0.033707864582538605
1352,39,610037,0.03333333507180214
1352,40,2387235,0.032967034727334976
1352,41,4232388,0.032967034727334976
1352,42,14597391,0.032608695328235626
1352,43,1080201,0.03205128386616707
1352,44,461542,0.03191489353775978
1352,45,2166883,0.0317460335791111
1352,46,2220355,0.031578946858644485
1352,47,826474,0.03076923079788685
1352,48,2144486,0.03030303120613098
1352,49,366182,0.030075188726186752
1352,50,1121253,0.029411764815449715
1352,51,1069201,0.029197080060839653
1352,52,1971553,0.029126213863492012
1352,53,847348,0.028985507786273956
1352,54,1189079,0.02857142873108387
1352,55,99507,0.028301887214183807
1352,56,1628566,0.027906976640224457
1352,57,1816475,0.02777777798473835
1352,58,1094555,0.027522936463356018
1352,59,18444137,0.027522936463356018
1352,60,1263111,0.027027027681469917
1384,1,956259,0.1463414579629898
1384,2,1055077,0.14000000059604645
1384,3,420042,0.11428571492433548
1384,4,2951429,0.09459459781646729
1384,5,13520837,0.08641975373029709
1384,6,93879,0.06521739065647125
1384,7,25257695,0.056603774428367615
1384,8,6626240,0.05454545468091965
1384,9,4836931,0.0535714291036129
1384,10,1128909,0.05263157933950424
1384,11,449610,0.05000000074505806
1384,12,1099308,0.05000000074505806
1384,13,40235528,0.04918032884597778
1384,14,930563,0.0476190485060215
1384,15,13750414,0.0458715595304966
1384,16,49844,0.04545454680919647
1384,17,14511050,0.04545454680919647
1384,18,1439,0.04477611929178238
1384,19,1833795,0.04411764815449715
1384,20,55232,0.043478261679410934
1384,21,21930358,0.0416666679084301
1384,22,950536,0.04109589010477066
1384,23,13582488,0.03999999910593033
1384,24,17373771,0.03999999910593033
1384,25,2831944,0.03846153989434242
1384,26,3981652,0.03846153989434242
1384,27,1698960,0.03614457696676254
1384,28,1535663,0.03529411926865578
1384,29,1176198,0.034090910106897354
1384,30,13319085,0.032608695328235626
1384,31,2959401,0.031578946858644485
1384,32,14146240,0.03100775182247162
1384,33,3185401,0.030612245202064514
1384,34,1971553,0.029411764815449715
1384,35,1616484,0.02857142873108387
1384,36,8814204,0.028301887214183807
1384,37,1816475,0.0279720276594162
1384,38,1049073,0.027586206793785095
1384,39,1487216,0.027272727340459824
1384,40,10730819,0.02678571455180645
1384,41,3034,0.0258620698004961
1384,42,2866062,0.025477707386016846
1384,43,11221066,0.025380710139870644
1384,44,24237023,0.024390242993831635
1384,45,808562,0.024193547666072845
1384,46,1234238,0.024193547666072845
1384,47,911489,0.024000000208616257
1384,48,948585,0.024000000208616257
1384,49,13552477,0.023668639361858368
1384,50,894955,0.023255813866853714
1384,51,2038062,0.023255813866853714
1384,52,3221410,0.023148147389292717
1384,53,18164154,0.023121386766433716
1384,54,955995,0.02255639061331749
1384,55,24861,0.02222222276031971
1384,56,267229,0.0220994483679533
1384,57,2818729,0.021897809579968452
1384,58,4232388,0.02185792289674282
1384,59,24064531,0.02142857201397419
1384,60,10780344,0.021276595070958138
1413,1,6611457,0.19148936867713928
1413,2,824466,0.13953489065170288
1413,3,13238987,0.12727272510528564
1413,4,7359191,0.10526315867900848
1413,5,2845301,0.095238097012043
1413,6,3383931,0.09302325546741486
1413,7,111691,0.09090909361839294
1413,8,1500323,0.0882352963089943
1413,9,939584,0.08620689809322357
1413,10,7235789,0.08474576473236084
1413,11,216332,0.07999999821186066
1413,12,2300358,0.0784313753247261
1413,13,4816699,0.07692307978868484
1413,14,15558776,0.072727270424366
1413,15,18072409,0.06779661029577255
1413,16,2371216,0.06666667014360428
1413,17,518635,0.06557376682758331
1413,18,7099786,0.06557376682758331
1413,19,155668,0.06521739065647125
1413,20,3931531,0.06521739065647125
1413,21,1806578,0.0625
1413,22,19101112,0.0625
1413,23,530507,0.06122449040412903
1413,24,6163095,0.06010929122567177
1413,25,953941,0.0595238097012043
1413,26,930555,0.05882352963089943
1413,27,513838,0.05797101557254791
1413,28,2284499,0.057692307978868484
1413,29,3185401,0.057692307978868484
1413,30,1128271,0.05714285746216774
1413,31,261993,0.0555555559694767
1413,32,2837168,0.05454545468091965
1413,33,3101132,0.054054055362939835
1413,34,18280036,0.05309734493494034
1413,35,22742,0.05263157933950424
1413,36,14243275,0.05263157933950424
1413,37,958087,0.051948051899671555
1413,38,64640,0.0517241396009922
1413,39,14434509,0.0517241396009922
1413,40,16451704,0.0517241396009922
1413,41,1166797,0.05078125
1413,42,649937,0.05000000074505806
1413,43,69564,0.04918032884597778
1413,44,2337116,0.04918032884597778
1413,45,2741007,0.04918032884597778
1413,46,7514703,0.04878048598766327
1413,47,1246404,0.04838709533214569
1413,48,1192005,0.0476190485060215
1413,49,327550,0.0470588244497776
1413,50,955983,0.0470588244497776
1413,51,1383372,0.04545454680919647
1413,52,2440580,0.04545454680919647
1413,53,1623747,0.04411764815449715
1413,54,3634569,0.04411764815449715
1413,55,2455062,0.043795619159936905
1413,56,1263322,0.043478261679410934
1413,57,6843168,0.043478261679410934
1413,58,50498420,0.04301075264811516
1413,59,43134689,0.04285714402794838
1413,60,47428,0.042553190141916275
1417,1,15316120,0.10000000149011612
1417,2,2166882,0.08888889104127884
1417,3,43446309,0.08695652335882187
1417,4,788571,0.0731707289814949
1417,5,2438804,0.0731707289814949
1417,6,6208957,0.0714285746216774
1417,7,6236357,0.0714285746216774
1417,8,1876823,0.06976744532585144
1417,9,13048372,0.06666667014360428
1417,10,4560,0.06521739065647125
1417,11,6642737,0.06521739065647125
1417,12,881649,0.06382978707551956
1417,13,989043,0.0625
1417,14,21736578,0.0625
1417,15,2933645,0.057692307978868484
1417,16,21521255,0.057692307978868484
1417,17,3315115,0.05586592108011246
1417,18,19227562,0.0555555559694767
1417,19,37104702,0.0555555559694767
1417,20,2440446,0.05454545468091965
1417,21,15750735,0.05454545468091965
1417,22,49192296,0.05454545468091965
1417,23,1114323,0.0535714291036129
1417,24,2038476,0.0535714291036129
1417,25,21653636,0.050847455859184265
1417,26,18019626,0.050632912665605545
1417,27,17387145,0.05000000074505806
1417,28,748402,0.04918032884597778
1417,29,972626,0.04615384712815285
1417,30,1623747,0.04615384712815285
1417,31,3948439,0.04545454680919647
1417,32,11141306,0.04545454680919647
1417,33,15156997,0.043478261679410934
1417,34,2589269,0.03846153989434242
1417,35,1913322,0.03669724613428116
1417,36,1615,0.03658536449074745
1417,37,98069,0.03658536449074745
1417,38,1999152,0.035087719559669495
1417,39,6151926,0.03333333507180214
1417,40,181353,0.032608695328235626
1417,41,2812184,0.032608695328235626
1417,42,1315,0.031578946858644485
1417,43,24240845,0.030927835032343864
1417,44,26119,0.030612245202064514
1417,45,26440459,0.030612245202064514
1417,46,2589940,0.03030303120613098
1417,47,2283546,0.02985074557363987
1417,48,1623890,0.02857142873108387
1417,49,18245549,0.02857142873108387
1417,50,21973739,0.02857142873108387
1417,51,21973918,0.0279720276594162
1417,52,14011,0.02777777798473835
1417,53,141162,0.027272727340459824
1417,54,814440,0.0260869562625885
1417,55,6599953,0.025423727929592133
1417,56,1146200,0.02500000037252903
1417,57,2503304,0.02484472095966339
1417,58,3222858,0.024193547666072845
1417,59,416305,0.023952096700668335
1417,60,5026857,0.0235294122248888
1418,1,320700,0.4117647111415863
1418,2,1129587,0.30000001192092896
1418,3,3056448,0.30000001192092896
1418,4,2792098,0.2916666567325592
1418,5,1387380,0.260869562625885
1418,6,1129602,0.25
1418,7,1933207,0.25
1418,8,1129591,0.2380952388048172
1418,9,813976,0.2222222238779068
1418,10,1129588,0.21739129722118378
1418,11,1203987,0.21739129722118378
1418,12,2881352,0.21739129722118378
1418,13,6418012,0.21052631735801697
1418,14,3056443,0.20000000298023224
1418,15,2816562,0.18421052396297455
1418,16,1685458,0.1621621549129486
1418,17,1791151,0.1538461595773697
1418,18,833224,0.1428571492433548
1418,19,2816507,0.1304347813129425
1418,20,33551,0.11999999731779099
1418,21,1774048,0.07547169923782349
1418,22,1129624,0.05426356568932533
1418,23,1621390,0.0535714291036129
1418,24,8810,0.032258063554763794
1418,25,3171254,0.032258063554763794
1418,26,997260,0.027272727340459824
1418,27,3046979,0.0258620698004961
1418,28,1320617,0.0234375
1418,29,37962,0.022900763899087906
1418,30,5725966,0.022857142612338066
1418,31,1583154,0.0211267601698637
1418,32,397139,0.01875000074505806
1418,33,2886933,0.0181818176060915
1418,34,463790,0.017751479521393776
1418,35,680248,0.014778325334191322
1418,36,68894,0.014354066923260689
1418,37,1133995,0.013513513840734959
1418,38,1048525,0.013289036229252815
1418,39,140376,0.01315789483487606
1418,40,688299,0.012711863964796066
1418,41,2454497,0.011799409985542297
1418,42,4636013,0.010398613288998604
1418,43,908211,0.01018675696104765
1418,44,50700,0.009940357878804207
1418,45,2534973,0.009685230441391468
1418,46,1183550,0.009615384973585606
1418,47,1112006,0.00929368007928133
1418,48,801500,0.009216589853167534
1418,49,6569140,0.009029345586895943
1418,50,2745957,0.008620689623057842
1418,51,1882772,0.008356546051800251
1418,52,64823,0.00826446246355772
1418,53,423,0.008196720853447914
1418,54,2920952,0.008143322542309761
1418,55,1104159,0.007894736714661121
1418,56,1703483,0.007792207878082991
1418,57,4733799,0.007751937955617905
1418,58,208362,0.0074349441565573215
1418,59,750558,0.006493506487458944
1418,60,227172,0.0063157896511256695
1439,1,1094555,0.2626262605190277
1439,2,2166883,0.1349206417798996
1439,3,7405757,0.1041666641831398
1439,4,44094715,0.08163265138864517
1439,5,26959610,0.07509881258010864
1439,6,1535663,0.0736842080950737
1439,7,17613051,0.058510638773441315
1439,8,1196277,0.057692307978868484
1439,9,15237931,0.0533333346247673
1439,10,6434098,0.051948051899671555
1439,11,6270883,0.0517241396009922
1439,12,1363157,0.05154639109969139
1439,13,1871423,0.0514950156211853
1439,14,85293,0.04918032884597778
1439,15,281214,0.04918032884597778
1439,16,292054,0.04918032884597778
1439,17,2930906,0.04918032884597778
1439,18,733804,0.04615384712815285
1439,19,867251,0.04545454680919647
1439,20,1384,0.04477611929178238
1439,21,28178740,0.043103449046611786
1439,22,1119196,0.04098360612988472
1439,23,449610,0.04054053872823715
1439,24,2304710,0.04054053872823715
1439,25,864738,0.03999999910593033
1439,26,1007843,0.03999999910593033
1439,27,14512257,0.03999999910593033
1439,28,265218,0.03947368264198303
1439,29,78229,0.03896103799343109
1439,30,869942,0.03883495181798935
1439,31,18981596,0.03846153989434242
1439,32,725380,0.03773584961891174
1439,33,693417,0.03731343150138855
1439,34,2057170,0.03669724613428116
1439,35,2753173,0.03669724613428116
1439,36,933082,0.036363635212183
1439,37,19256026,0.036363635212183
1439,38,2851520,0.0357142873108387
1439,39,59819,0.03529411926865578
1439,40,3294830,0.035211268812417984
1439,41,14146240,0.035211268812417984
1439,42,910619,0.03496503457427025
1439,43,3333606,0.03488372266292572
1439,44,387,0.034090910106897354
1439,45,1442776,0.034090910106897354
1439,46,6257025,0.034090910106897354
1439,47,1816464,0.033898305147886276
1439,48,3143431,0.03381642326712608
1439,49,17373771,0.033707864582538605
1439,50,2531870,0.033222589641809464
1439,51,18444137,0.03305784985423088
1439,52,2468586,0.032967034727334976
1439,53,922581,0.032786883413791656
1439,54,77298,0.032608695328235626
1439,55,938197,0.032608695328235626
1439,56,918312,0.032258063554763794
1439,57,1008826,0.032258063554763794
1439,58,3246409,0.032171580940485
1439,59,1434467,0.03184713423252106
1439,60,1435094,0.031578946858644485
1446,1,226431,0.1111111119389534
1446,2,1829653,0.10810811072587967
1446,3,15785308,0.10000000149011612
1446,4,1744121,0.08571428805589676
1446,5,1829642,0.08571428805589676
1446,6,42367717,0.08571428805589676
1446,7,1533013,0.0810810774564743
1446,8,2323758,0.0810810774564743
1446,9,14647221,0.0810810774564743
1446,10,13096244,0.07692307978868484
1446,11,604566,0.07500000298023224
1446,12,1121835,0.0731707289814949
1446,13,1406168,0.0731707289814949
1446,14,2839122,0.0731707289814949
1446,15,14021698,0.0731707289814949
1446,16,2287950,0.06976744532585144
1446,17,14081,0.06818182021379471
1446,18,1101090,0.06779661029577255
1446,19,1128238,0.06521739065647125
1446,20,1221914,0.06521739065647125
1446,21,4419518,0.06521739065647125
1446,22,50627306,0.06521739065647125
1446,23,790838,0.06451612710952759
1446,24,175882,0.06410256773233414
1446,25,10109525,0.0625
1446,26,436251,0.0615384615957737
1446,27,7951,0.06122449040412903
1446,28,1824318,0.06122449040412903
1446,29,376680,0.05882352963089943
1446,30,1607259,0.05882352963089943
1446,31,1698523,0.05882352963089943
1446,32,2961919,0.05882352963089943
1446,33,1028908,0.058252427726984024
1446,34,1559134,0.058139536529779434
1446,35,15766613,0.057692307978868484
1446,36,834005,0.05714285746216774
1446,37,1258333,0.05681818351149559
1446,38,1169228,0.056603774428367615
1446,39,1751058,0.05454545468091965
1446,40,1155500,0.05263157933950424
1446,41,24386,0.050847455859184265
1446,42,1007854,0.050632912665605545
1446,43,692291,0.05000000074505806
1446,44,2174297,0.05000000074505806
1446,45,51364,0.0476190485060215
1446,46,105195,0.0476190485060215
1446,47,2888523,0.0476190485060215
1446,48,3344773,0.04651162773370743
1446,49,682500,0.04615384712815285
1446,50,180461,0.0458715595304966
1446,51,43801,0.04545454680919647
1446,52,1011400,0.04545454680919647
1446,53,178823,0.04477611929178238
1446,54,1294681,0.04477611929178238
1446,55,43548024,0.04477611929178238
1446,56,4225,0.04285714402794838
1446,57,301652,0.04285714402794838
1446,58,1948077,0.04285714402794838
1446,59,4703,0.0416666679084301
1446,60,1216429,0.0416666679084301
1516,1,864507,0.125
1516,2,3830979,0.09677419066429138
1516,3,895682,0.09375
1516,4,1030699,0.0892857164144516
1516,5,340108,0.07894736528396606
1516,6,1090709,0.07246376574039459
1516,7,5745551,0.06779661029577255
1516,8,552675,0.06410256773233414
1516,9,2382110,0.05882352963089943
1516,10,6325280,0.056338027119636536
1516,11,2707897,0.05343511328101158
1516,12,107699,0.05000000074505806
1516,13,114009,0.046875
1516,14,317973,0.046875
1516,15,310551,0.04615384712815285
1516,16,112713,0.04210526496171951
1516,17,1517,0.0416666679084301
1516,18,2338253,0.0416666679084301
1516,19,2199572,0.03488372266292572
1516,20,15956900,0.03311258181929588
1516,21,1889484,0.032967034727334976
1516,22,3294830,0.03200000151991844
1516,23,1971553,0.030612245202064514
1516,24,2150886,0.030487805604934692
1516,25,983806,0.03030303120613098
1516,26,1007116,0.028735632076859474
1516,27,3213039,0.027826087549328804
1516,28,2776625,0.02654867246747017
1516,29,2503920,0.0260869562625885
1516,30,731674,0.024793388321995735
1516,31,911489,0.024793388321995735
1516,32,50717723,0.024242423474788666
1516,33,14146240,0.02380952425301075
1516,34,17778410,0.022900763899087906
1516,35,4356972,0.02158273383975029
1516,36,1786290,0.02097902074456215
1516,37,25696480,0.020304568111896515
1516,38,4767909,0.019900497049093246
1516,39,3135610,0.018518518656492233
1516,40,4830806,0.018292682245373726
1516,41,1116802,0.01587301678955555
1516,42,11221066,0.015384615398943424
1516,43,68476,0.015306122601032257
1516,44,3237312,0.014705882407724857
1516,45,234915,0.014150943607091904
1516,46,3221410,0.014018691144883633
1516,47,1882981,0.013513513840734959
1516,48,24946895,0.012195121496915817
1516,49,2684122,0.012096773833036423
1516,50,4489585,0.011709601618349552
1516,51,968084,0.011441648006439209
1516,52,59137,0.011173184029757977
1516,53,42857,0.010869565419852734
1516,54,8975330,0.010695187374949455
1516,55,6191072,0.010430247522890568
1516,56,3070852,0.010033444501459599
1516,57,481854,0.009708737954497337
1516,58,2398287,0.009316770359873772
1516,59,1625515,0.009259259328246117
1516,60,2531376,0.008665511384606361
1517,1,1238374,0.21978022158145905
1517,2,2380334,0.1428571492433548
1517,3,2338253,0.12389380484819412
1517,4,6193419,0.12280701845884323
1517,5,1064530,0.12068965286016464
1517,6,1079192,0.11666666716337204
1517,7,5058552,0.10447761416435242
1517,8,340108,0.09677419066429138
1517,9,2629926,0.09677419066429138
1517,10,895682,0.08988764137029648
1517,11,25788654,0.08974359184503555
1517,12,702533,0.08955223858356476
1517,13,3830979,0.0892857164144516
1517,14,894845,0.08771929889917374
1517,15,1920220,0.08771929889917374
1517,16,5745551,0.08433734625577927
1517,17,1976329,0.0810810774564743
1517,18,317973,0.08053690940141678
1517,19,45629367,0.07070706784725189
1517,20,2539147,0.06896551698446274
1517,21,552675,0.06796116381883621
1517,22,578962,0.06779661029577255
1517,23,1811677,0.06666667014360428
1517,24,1984715,0.06451612710952759
1517,25,1808940,0.06315789371728897
1517,26,7256442,0.06185567006468773
1517,27,61304,0.06060606241226196
1517,28,6517582,0.06060606241226196
1517,29,1001813,0.05714285746216774
1517,30,4356972,0.05624999850988388
1517,31,1889484,0.052173912525177
1517,32,1090709,0.0520833320915699
1517,33,21892386,0.051948051899671555
1517,34,1811676,0.0517241396009922
1517,35,913065,0.05128205195069313
1517,36,21878723,0.050847455859184265
1517,37,21886036,0.050632912665605545
1517,38,6517583,0.05000000074505806
1517,39,6517584,0.05000000074505806
1517,40,10684340,0.05000000074505806
1517,41,1391025,0.04918032884597778
1517,42,1344597,0.048192769289016724
1517,43,39949551,0.0476190485060215
1517,44,1216429,0.042553190141916275
1517,45,1516,0.0416666679084301
1517,46,50211982,0.04054053872823715
1517,47,1391302,0.03947368264198303
1517,48,1003150,0.03896103799343109
1517,49,17411497,0.03846153989434242
1517,50,6989,0.03809523954987526
1517,51,1459836,0.03703703731298447
1517,52,1452188,0.03614457696676254
1517,53,3044552,0.0357142873108387
1517,54,1314369,0.03418803587555885
1517,55,13336211,0.034090910106897354
1517,56,17046445,0.033707864582538605
1517,57,691697,0.032967034727334976
1517,58,955995,0.03246753290295601
1517,59,186149,0.03200000151991844
1517,60,983806,0.03200000151991844
1532,1,1121835,0.2380952388048172
1532,2,125993,0.16129031777381897
1532,3,14197,0.11999999731779099
1532,4,134831,0.08571428805589676
1532,5,924766,0.0535714291036129
1532,6,9250,0.03750000149011612
1532,7,717119,0.033707864582538605
1532,8,1839410,0.03333333507180214
1532,9,1595511,0.03191489353775978
1532,10,1003095,0.031578946858644485
1532,11,1208289,0.02923976629972458
1532,12,1253009,0.02857142873108387
1532,13,346642,0.028037382289767265
1532,14,1056302,0.0260869562625885
1532,15,809743,0.02380952425301075
1532,16,587647,0.0234375
1532,17,41342119,0.02068965509533882
1532,18,971052,0.02054794505238533
1532,19,15306654,0.020134227350354195
1532,20,1805379,0.01986755058169365
1532,21,1019987,0.01875000074505806
1532,22,1185316,0.018633540719747543
1532,23,3207953,0.01807228848338127
1532,24,1443553,0.017699114978313446
1532,25,18001,0.016759777441620827
1532,26,1990110,0.01666666753590107
1532,27,3215642,0.01595744676887989
1532,28,1839377,0.01552795059978962
1532,29,2246190,0.015228426083922386
1532,30,1602216,0.014150943607091904
1532,31,2960365,0.013636363670229912
1532,32,1652564,0.013392857275903225
1532,33,3118417,0.01336302887648344
1532,34,1429939,0.012552301399409771
1532,35,3020568,0.012552301399409771
1532,36,2245431,0.012422360479831696
1532,37,1467808,0.01149425283074379
1532,38,1987778,0.011363636702299118
1532,39,860196,0.011070110835134983
1532,40,1461747,0.01075268816202879
1532,41,575450,0.010676156729459763
1532,42,2361393,0.009999999776482582
1532,43,175720,0.009966777637600899
1532,44,841320,0.009842519648373127
1532,45,841198,0.009677419438958168
1532,46,1323448,0.009493670426309109
1532,47,1016482,0.008695651777088642
1532,48,170957,0.008571428246796131
1532,49,2722054,0.008498583920300007
1532,50,39755,0.008426966145634651
1532,51,1168289,0.008130080997943878
1532,52,332242,0.007957560010254383
1532,53,1315615,0.007853402756154537
1532,54,2635502,0.007633587811142206
1532,55,2409320,0.007163323927670717
1532,56,1643555,0.007029877044260502
1532,57,1235619,0.007005253806710243
1532,58,2877220,0.006791171617805958
1532,59,3633533,0.006550218444317579
1532,60,2859378,0.0060240961611270905
1604,1,13308,0.20000000298023224
1604,2,163531,0.1538461595773697
1604,3,37852,0.1428571492433548
1604,4,1769681,0.1428571492433548
1604,5,9648524,0.1428571492433548
1604,6,2059929,0.11764705926179886
1604,7,767204,0.11538461595773697
1604,8,6200639,0.1071428582072258
1604,9,1011004,0.09375
1604,10,6828305,0.08571428805589676
1604,11,855103,0.07777778059244156
1604,12,3119175,0.06896551698446274
1604,13,6882582,0.06818182021379471
1604,14,1848380,0.0625
1604,15,14420600,0.06060606241226196
1604,16,41999,0.05454545468091965
1604,17,46190748,0.0517241396009922
1604,18,1041952,0.051020409911870956
1604,19,9737203,0.05000000074505806
1604,20,6654434,0.04545454680919647
1604,21,7039054,0.03703703731298447
1604,22,6599953,0.030927835032343864
1604,23,38053447,0.030927835032343864
1604,24,1732395,0.029999999329447746
1604,25,1884932,0.027522936463356018
1604,26,416305,0.027397260069847107
1604,27,711993,0.023076923564076424
1604,28,2157806,0.02222222276031971
1604,29,7580942,0.01986755058169365
1604,30,1887699,0.01875000074505806
1604,31,903474,0.018292682245373726
1604,32,4232388,0.017751479521393776
1604,33,5054704,0.01595744676887989
1604,34,16402639,0.015384615398943424
1604,35,14831761,0.014492753893136978
1604,36,18962767,0.013937282375991344
1604,37,2861004,0.013636363670229912
1604,38,17572,0.01315789483487606
1604,39,2138852,0.011990407481789589
1604,40,5054702,0.011857707053422928
1604,41,1253187,0.011673151515424252
1604,42,3364186,0.011450381949543953
1604,43,2416056,0.011152416467666626
1604,44,21998925,0.010791366919875145
1604,45,2192250,0.010638297535479069
1604,46,2185591,0.010416666977107525
1604,47,2110010,0.010309278033673763
1604,48,1112418,0.01002506259828806
1604,49,2459084,0.009933775290846825
1604,50,2207547,0.009478673338890076
1604,51,963375,0.009404388256371021
1604,52,1816662,0.009360373951494694
1604,53,3281465,0.009259259328246117
1604,54,3140930,0.008379888720810413
1604,55,3287769,0.00804289523512125
1604,56,3044365,0.007407407276332378
1604,57,5397,0.007179487030953169
1604,58,2370171,0.00716845877468586
1604,59,3281466,0.007155634928494692
1604,60,968084,0.007009345572441816
1605,1,1757108,0.15625
1605,2,42009388,0.09765625
1605,3,1640941,0.08733624219894409
1605,4,14831761,0.07763975113630295
1605,5,14664997,0.0736842080950737
1605,6,7305202,0.07352941483259201
1605,7,2266643,0.07309941202402115
1605,8,1267146,0.0703125
1605,9,1391380,0.0703125
1605,10,1484198,0.0683760717511177
1605,11,1605421,0.06741572916507721
1605,12,141162,0.06711409240961075
1605,13,1290896,0.0656934306025505
1605,14,2204022,0.06382978707551956
1605,15,980007,0.0634920671582222
1605,16,11087592,0.06315789371728897
1605,17,3486041,0.06115107983350754
1605,18,15237912,0.06060606241226196
1605,19,190264,0.058139536529779434
1605,20,29511,0.057692307978868484
1605,21,873417,0.05494505539536476
1605,22,18221243,0.0546875
1605,23,28027377,0.05454545468091965
1605,24,7245114,0.054347824305295944
1605,25,42099162,0.0535714291036129
1605,26,53827,0.05263157933950424
1605,27,900140,0.0520833320915699
1605,28,2915978,0.05202312022447586
1605,29,16849818,0.05128205195069313
1605,30,1414582,0.04854368790984154
1605,31,14618372,0.0476190485060215
1605,32,192528,0.046875
1605,33,19093915,0.04651162773370743
1605,34,6801520,0.046357616782188416
1605,35,124783,0.04545454680919647
1605,36,1887699,0.04545454680919647
1605,37,757389,0.04511278122663498
1605,38,1165980,0.0446428582072258
1605,39,401169,0.04444444552063942
1605,40,2084098,0.044247787445783615
1605,41,19102940,0.044025156646966934
1605,42,6642737,0.04395604506134987
1605,43,6864001,0.04395604506134987
1605,44,330158,0.043478261679410934
1605,45,3963325,0.04316546767950058
1605,46,24752264,0.04316546767950058
1605,47,525961,0.042944785207509995
1605,48,11126612,0.042553190141916275
1605,49,21911422,0.04237288236618042
1605,50,24066037,0.04237288236618042
1605,51,3222858,0.04216867312788963
1605,52,1628566,0.04214559495449066
1605,53,1220741,0.042016807943582535
1605,54,1441588,0.042016807943582535
1605,55,852498,0.0416666679084301
1605,56,2832216,0.0416666679084301
1605,57,21540541,0.0416666679084301
1605,58,1916440,0.041322313249111176
1605,59,1978408,0.04123711213469505
1605,60,2933645,0.04123711213469505
1615,1,1290896,0.1818181872367859
1615,2,1704815,0.1617647111415863
1615,3,1732395,0.1190476194024086
1615,4,963375,0.0876132920384407
1615,5,1773948,0.08571428805589676
1615,6,2171159,0.08196721225976944
1615,7,24066037,0.08045977354049683
1615,8,750514,0.07971014827489853
1615,9,19095325,0.07865168899297714
1615,10,3178858,0.07692307978868484
1615,11,40514,0.0729166641831398
1615,12,13103688,0.07216494530439377
1615,13,54350,0.0714285746216774
1615,14,210239,0.0714285746216774
1615,15,1205304,0.07103825360536575
1615,16,2861004,0.069672130048275
1615,17,190264,0.06896551698446274
1615,18,437205,0.06756756454706192
1615,19,3364186,0.06690140813589096
1615,20,6472742,0.06451612710952759
1615,21,35039,0.06315789371728897
1615,22,1488838,0.0625
1615,23,2740153,0.06172839552164078
1615,24,10107181,0.0615384615957737
1615,25,1201083,0.06060606241226196
1615,26,1391380,0.05882352963089943
1615,27,1884932,0.056338027119636536
1615,28,1733479,0.05376344174146652
1615,29,227267,0.05309734493494034
1615,30,30342,0.05263157933950424
1615,31,538173,0.0517241396009922
1615,32,41976700,0.0517241396009922
1615,33,227275,0.050847455859184265
1615,34,1889585,0.050847455859184265
1615,35,1997165,0.050632912665605545
1615,36,1025700,0.05000000074505806
1615,37,42099162,0.04964539036154747
1615,38,588,0.04918032884597778
1615,39,1089154,0.04918032884597778
1615,40,251295,0.0476190485060215
1615,41,757389,0.0476190485060215
1615,42,6642737,0.0476190485060215
1615,43,6864001,0.0476190485060215
1615,44,3060322,0.04716981202363968
1615,45,34775,0.046875
1615,46,4106471,0.046875
1615,47,163531,0.04615384712815285
1615,48,833092,0.04615384712815285
1615,49,963376,0.04597701132297516
1615,50,1154187,0.04580152779817581
1615,51,86119,0.04545454680919647
1615,52,403286,0.04545454680919647
1615,53,1044737,0.045045044273138046
1615,54,56090,0.04477611929178238
1615,55,1808830,0.04477611929178238
1615,56,10199919,0.04444444552063942
1615,57,985244,0.04430379718542099
1615,58,53827,0.04411764815449715
1615,59,854709,0.04411764815449715
1615,60,12482174,0.04411764815449715
1616,1,2494651,0.3214285671710968
1616,2,1939840,0.2957746386528015
1616,3,2024704,0.20000000298023224
1616,4,2504821,0.19565217196941376
1616,5,998106,0.19327731430530548
1616,6,1165594,0.1599999964237213
1616,7,1263111,0.14678898453712463
1616,8,747666,0.1428571492433548
1616,9,2193257,0.125
1616,10,1336952,0.11403508484363556
1616,11,1298177,0.10989011079072952
1616,12,1222673,0.10774410516023636
1616,13,1442408,0.09803921729326248
1616,14,97595,0.0923076942563057
1616,15,972626,0.0882352963089943
1616,16,932884,0.08771929889917374
1616,17,2954697,0.08695652335882187
1616,18,3948439,0.08695652335882187
1616,19,414172,0.08620689809322357
1616,20,1187279,0.08433734625577927
1616,21,1114323,0.0833333358168602
1616,22,936715,0.07999999821186066
1616,23,808562,0.07751937955617905
1616,24,924275,0.06382978707551956
1616,25,113735,0.0625
1616,26,276413,0.0625
1616,27,360990,0.0625
1616,28,808286,0.0625
1616,29,812629,0.0625
1616,30,830655,0.0625
1616,31,1195573,0.0615384615957737
1616,32,3849,0.06122449040412903
1616,33,344493,0.05999999865889549
1616,34,1098834,0.05970149114727974
1616,35,980184,0.0595238097012043
1616,36,51124,0.05882352963089943
1616,37,1926082,0.05882352963089943
1616,38,4560,0.057692307978868484
1616,39,1633621,0.057692307978868484
1616,40,1122011,0.056603774428367615
1616,41,11829805,0.056603774428367615
1616,42,3825,0.0555555559694767
1616,43,35975,0.0555555559694767
1616,44,750315,0.0555555559694767
1616,45,1808654,0.0555555559694767
1616,46,97585,0.05454545468091965
1616,47,1119922,0.0535714291036129
1616,48,1121999,0.0517241396009922
1616,49,1344080,0.05154639109969139
1616,50,42643527,0.050847455859184265
1616,51,45552,0.05000000074505806
1616,52,1869042,0.05000000074505806
1616,53,2589940,0.04854368790984154
1616,54,6328911,0.04838709533214569
1616,55,1234575,0.0476190485060215
1616,56,83385,0.04615384712815285
1616,57,19165703,0.04615384712815285
1616,58,2242,0.04477611929178238
1616,59,2127843,0.043478261679410934
1616,60,102209,0.0422535203397274
1631,1,7320034,0.14035087823867798
1631,2,77837,0.07407407462596893
1631,3,89082,0.06578947603702545
1631,4,142823,0.056603774428367615
1631,5,956105,0.056338027119636536
1631,6,904703,0.05511811003088951
1631,7,6176461,0.05454545468091965
1631,8,3034,0.05426356568932533
1631,9,2748,0.0517241396009922
1631,10,2309114,0.05000000074505806
1631,11,459137,0.04895104840397835
1631,12,659512,0.04838709533214569
1631,13,109107,0.0476190485060215
1631,14,975026,0.0476190485060215
1631,15,952126,0.046875
1631,16,1040171,0.04615384712815285
1631,17,6193128,0.04615384712815285
1631,18,51589473,0.04615384712815285
1631,19,334081,0.04477611929178238
1631,20,6176459,0.04411764815449715
1631,21,2034398,0.04395604506134987
1631,22,2891169,0.04301075264811516
1631,23,53090763,0.04285714402794838
1631,24,891138,0.042553190141916275
1631,25,20384877,0.0422535203397274
1631,26,1080309,0.04123711213469505
1631,27,6513774,0.04054053872823715
1631,28,23373,0.03999999910593033
1631,29,84238,0.03896103799343109
1631,30,2543626,0.03846153989434242
1631,31,6498897,0.037974681705236435
1631,32,3338226,0.03750000149011612
1631,33,15086656,0.03703703731298447
1631,34,14137249,0.03669724613428116
1631,35,2394184,0.036363635212183
1631,36,1802690,0.03539822995662689
1631,37,21600154,0.03488372266292572
1631,38,90674,0.03448275849223137
1631,39,275852,0.034090910106897354
1631,40,1118789,0.03381642326712608
1631,41,45332,0.03361344709992409
1631,42,243634,0.03333333507180214
1631,43,51228990,0.031578946858644485
1631,44,918312,0.03125
1631,45,15152485,0.03125
1631,46,14866301,0.030927835032343864
1631,47,2119898,0.03086419776082039
1631,48,815206,0.03076923079788685
1631,49,23756923,0.03030303120613098
1631,50,49782504,0.03030303120613098
1631,51,2398516,0.0301204826682806
1631,52,11141306,0.029999999329447746
1631,53,1363157,0.029411764815449715
1631,54,2398507,0.029411764815449715
1631,55,1825967,0.028708133846521378
1631,56,10995406,0.02857142873108387
1631,57,908398,0.028169013559818268
1631,58,21911266,0.028037382289767265
1631,59,471326,0.02654867246747017
1631,60,21738568,0.0260869562625885
1632,1,178823,0.1944444477558136
1632,2,746005,0.17391304671764374
1632,3,749595,0.15942029654979706
1632,4,131582,0.1587301641702652
1632,5,285000,0.1428571492433548
1632,6,180406,0.14000000059604645
1632,7,2206,0.13235294818878174
1632,8,136624,0.12962962687015533
1632,9,864992,0.1265822798013687
1632,10,18633756,0.12195122241973877
1632,11,346879,0.11594203114509583
1632,12,750348,0.11538461595773697
1632,13,38440,0.11320754885673523
1632,14,2444898,0.10843373835086823
1632,15,71685,0.10000000149011612
1632,16,172538,0.10000000149011612
1632,17,6520202,0.10000000149011612
1632,18,49362,0.09677419066429138
1632,19,821971,0.09589041024446487
1632,20,271260,0.095238097012043
1632,21,2137300,0.095238097012043
1632,22,576784,0.09302325546741486
1632,23,964934,0.09090909361839294
1632,24,1701532,0.09090909361839294
1632,25,1265060,0.08974359184503555
1632,26,129068,0.08955223858356476
1632,27,461400,0.08641975373029709
1632,28,956435,0.0833333358168602
1632,29,171424,0.07999999821186066
1632,30,813361,0.0784313753247261
1632,31,19414,0.07692307978868484
1632,32,50417,0.07547169923782349
1632,33,104468,0.07547169923782349
1632,34,3200341,0.07526881992816925
1632,35,314563,0.0746268630027771
1632,36,950109,0.07446808367967606
1632,37,959121,0.07407407462596893
1632,38,1288057,0.07407407462596893
1632,39,1365850,0.07407407462596893
1632,40,235723,0.07352941483259201
1632,41,1381572,0.07352941483259201
1632,42,22430015,0.07352941483259201
1632,43,624666,0.072727270424366
1632,44,293056,0.07017543911933899
1632,45,3030488,0.07017543911933899
1632,46,164739,0.06779661029577255
1632,47,2482177,0.06779661029577255
1632,48,5655853,0.06666667014360428
1632,49,6278827,0.06666667014360428
1632,50,150905,0.06451612710952759
1632,51,2537034,0.0625
1632,52,389355,0.0615384615957737
1632,53,14477,0.06060606241226196
1632,54,183901,0.05882352963089943
1632,55,245328,0.05882352963089943
1632,56,2956119,0.05882352963089943
1632,57,12650151,0.05882352963089943
1632,58,69862,0.058510638773441315
1632,59,73811,0.05818181857466698
1632,60,1000099,0.058139536529779434
1636,1,3021,0.1315789520740509
1636,2,1094776,0.09375
1636,3,25441344,0.09375
1636,4,2436607,0.09090909361839294
1636,5,829351,0.08849557489156723
1636,6,93002,0.0833333358168602
1636,7,868692,0.0833333358168602
1636,8,2155703,0.0833333358168602
1636,9,12615227,0.0833333358168602
1636,10,38952,0.0714285746216774
1636,11,829341,0.0714285746216774
1636,12,735273,0.06976744532585144
1636,13,1345179,0.06666667014360428
1636,14,92181,0.06521739065647125
1636,15,1824318,0.06521739065647125
1636,16,27676536,0.06521739065647125
1636,17,1725483,0.05999999865889549
1636,18,25386975,0.0595238097012043
1636,19,36965,0.05882352963089943
1636,20,836516,0.05747126415371895
1636,21,39005,0.05681818351149559
1636,22,2658613,0.056603774428367615
1636,23,1781,0.0555555559694767
1636,24,865773,0.0555555559694767
1636,25,1155500,0.0555555559694767
1636,26,1997165,0.0555555559694767
1636,27,188924,0.0535714291036129
1636,28,271942,0.0535714291036129
1636,29,882031,0.0535714291036129
1636,30,1144054,0.05263157933950424
1636,31,1396256,0.0517241396009922
1636,32,265218,0.050847455859184265
1636,33,1128271,0.050847455859184265
1636,34,915602,0.05000000074505806
1636,35,7178069,0.04918032884597778
1636,36,1188455,0.046875
1636,37,1457974,0.04545454680919647
1636,38,227267,0.04494382068514824
1636,39,301652,0.04477611929178238
1636,40,3419289,0.04477611929178238
1636,41,6589483,0.04477611929178238
1636,42,7036603,0.04477611929178238
1636,43,963076,0.04444444552063942
1636,44,249001,0.043478261679410934
1636,45,13787599,0.0422535203397274
1636,46,1185887,0.04109589010477066
1636,47,5768221,0.04054053872823715
1636,48,1881188,0.03947368264198303
1636,49,1139516,0.037974681705236435
1636,50,563837,0.03773584961891174
1636,51,2327400,0.03750000149011612
1636,52,10861805,0.03750000149011612
1636,53,3321103,0.03703703731298447
1636,54,752463,0.03614457696676254
1636,55,18595149,0.03614457696676254
1636,56,249012,0.0357142873108387
1636,57,2826418,0.0357142873108387
1636,58,1258333,0.03448275849223137
1636,59,1965767,0.03448275849223137
1636,60,1759,0.034090910106897354
1637,1,56441,0.10000000149011612
1637,2,1198450,0.0714285746216774
1637,3,24035877,0.06666667014360428
1637,4,1361856,0.02631578966975212
1637,5,95855,0.0211267601698637
1637,6,2984402,0.017341040074825287
1637,7,817527,0.012269938364624977
1637,8,24064628,0.011811023578047752
1637,9,486980,0.011111111380159855
1637,10,839692,0.009803921915590763
1637,11,6278354,0.009009009227156639
1637,12,4574872,0.008823529817163944
1637,13,1140206,0.008595988154411316
1637,14,986234,0.007556675001978874
1637,15,2693329,0.0071090045385062695
1637,16,929009,0.006787330377846956
1637,17,1871423,0.006700167432427406
1637,18,1122661,0.005791505798697472
1637,19,142449,0.005597014911472797
1637,20,6278977,0.005597014911472797
1637,21,493634,0.005586592014878988
1637,22,825843,0.005434782709926367
1637,23,2531376,0.005309734493494034
1637,24,1643555,0.005263158120214939
1637,25,3293141,0.005181347019970417
1637,26,113603,0.005119454115629196
1637,27,21519538,0.004838709719479084
1637,28,2409320,0.004285714123398066
1637,29,3356006,0.004189108498394489
1637,30,1174101,0.003567181993275881
1637,31,3159810,0.003562945406883955
1637,32,28098716,0.0034246575087308884
1637,33,46663,0.003341687610372901
1637,34,894834,0.0032232070807367563
1637,35,602144,0.0031545741949230433
1637,36,2956372,0.0031466330401599407
1637,37,1808005,0.0030549897346645594
1637,38,1570229,0.0030060119461268187
1637,39,4925227,0.002801120514050126
1637,40,1970226,0.002644103718921542
1637,41,1352495,0.002597402548417449
1637,42,3359698,0.00249791843816638
1637,43,3462456,0.0023980815894901752
1637,44,4110990,0.0023885350674390793
1637,45,16534,0.00233281496912241
1637,46,2375385,0.0022107590921223164
1637,47,4836639,0.0021616946905851364
1637,48,873132,0.002152080414816737
1637,49,992628,0.0021482277661561966
1637,50,479517,0.001962066628038883
1637,51,3634639,0.001946787815541029
1637,52,1683562,0.001899335184134543
1637,53,1835605,0.0018604651559144258
1637,54,1536771,0.00163599185179919
1637,55,948387,0.0016348774079233408
1637,56,1885548,0.0016017084708437324
1637,57,2422333,0.0015037594130262733
1637,58,3358283,0.0013574660988524556
1637,59,2977639,0.0013557483907788992
1637,60,1392700,0.0013339262222871184
1647,1,2704,0.0833333358168602
1647,2,23449,0.07594936341047287
1647,3,288053,0.0746268630027771
1647,4,1704131,0.06666667014360428
1647,5,3056443,0.06666667014360428
1647,6,5260866,0.06666667014360428
1647,7,43143,0.06521739065647125
1647,8,96982,0.06521739065647125
1647,9,745466,0.06521739065647125
1647,10,1129587,0.06382978707551956
1647,11,62503,0.0634920671582222
1647,12,16849819,0.0625
1647,13,13366825,0.0615384615957737
1647,14,900514,0.06122449040412903
1647,15,1803757,0.06060606241226196
1647,16,14682979,0.06060606241226196
1647,17,23452,0.05882352963089943
1647,18,986300,0.05882352963089943
1647,19,1124292,0.05882352963089943
1647,20,978453,0.058139536529779434
1647,21,2577214,0.05714285746216774
1647,22,23446,0.05681818351149559
1647,23,824093,0.056603774428367615
1647,24,34499,0.056338027119636536
1647,25,86801,0.0555555559694767
1647,26,932279,0.05376344174146652
1647,27,14243275,0.05263157933950424
1647,28,3138069,0.051948051899671555
1647,29,345975,0.050847455859184265
1647,30,3735636,0.050632912665605545
1647,31,1042826,0.05000000074505806
1647,32,1077659,0.05000000074505806
1647,33,3095477,0.05000000074505806
1647,34,5277536,0.05000000074505806
1647,35,6176459,0.05000000074505806
1647,36,813,0.04878048598766327
1647,37,20384877,0.0476190485060215
1647,38,953941,0.0470588244497776
1647,39,34490,0.046875
1647,40,1038775,0.046875
1647,41,930555,0.04651162773370743
1647,42,6160086,0.04651162773370743
1647,43,978454,0.04597701132297516
1647,44,978467,0.04494382068514824
1647,45,891589,0.04477611929178238
1647,46,2534895,0.04477611929178238
1647,47,62480,0.04411764815449715
1647,48,988766,0.04411764815449715
1647,49,2044388,0.04411764815449715
1647,50,10567916,0.043478261679410934
1647,51,513838,0.04285714402794838
1647,52,7371771,0.0422535203397274
1647,53,1185977,0.042016807943582535
1647,54,1570074,0.042016807943582535
1647,55,1715356,0.0416666679084301
1647,56,3094971,0.0416666679084301
1647,57,1936254,0.04123711213469505
1647,58,1813234,0.04054053872823715
1647,59,10491121,0.04054053872823715
1647,60,6540459,0.03999999910593033
1649,1,1207024,0.10629921406507492
1649,2,1010054,0.10547666996717453
1649,3,2129359,0.10273972898721695
1649,4,1223333,0.10127931833267212
1649,5,1003370,0.09929906576871872
1649,6,3221872,0.0964467003941536
1649,7,221139,0.09017496556043625
1649,8,964332,0.0835820883512497
1649,9,1191096,0.08323424309492111
1649,10,1737200,0.08282828330993652
1649,11,2868431,0.08115671575069427
1649,12,2796838,0.07968127727508545
1649,13,3375915,0.07753479480743408
1649,14,2349447,0.07724425941705704
1649,15,1463850,0.07605177909135818
1649,16,1639903,0.07469077408313751
1649,17,3275013,0.07450411468744278
1649,18,1789440,0.07375478744506836
1649,19,2485770,0.07307692617177963
1649,20,3111329,0.07156673073768616
1649,21,141228,0.07098765671253204
1649,22,1312477,0.06911765038967133
1649,23,3349846,0.06823266297578812
1649,24,1058370,0.06803219020366669
1649,25,1498135,0.06739221513271332
1649,26,879027,0.06666667014360428
1649,27,3375925,0.06638418138027191
1649,28,1461856,0.06637167930603027
1649,29,2055065,0.06525573134422302
1649,30,3448086,0.06234718859195709
1649,31,21545713,0.06161615997552872
1649,32,14961,0.06089438498020172
1649,33,2523229,0.05860805884003639
1649,34,1650770,0.05827505886554718
1649,35,810663,0.05773195996880531
1649,36,3441236,0.05765630677342415
1649,37,4717423,0.05673758685588837
1649,38,2904401,0.056375838816165924
1649,39,1470371,0.05631868168711662
1649,40,3185154,0.05625717714428902
1649,41,3234420,0.05624999850988388
1649,42,1486401,0.05572519078850746
1649,43,1041558,0.05541972443461418
1649,44,1145090,0.05531344190239906
1649,45,2158906,0.055028464645147324
1649,46,2471173,0.05491990968585014
1649,47,1453585,0.05473684147000313
1649,48,25694131,0.05462653189897537
1649,49,38765,0.054347824305295944
1649,50,6809039,0.054252199828624725
1649,51,6812044,0.05410447716712952
1649,52,816449,0.05402425676584244
1649,53,3300573,0.0535714291036129
1649,54,933852,0.05342236906290054
1649,55,833257,0.05339805781841278
1649,56,41125521,0.053024645894765854
1649,57,1955658,0.05281690135598183
1649,58,9585076,0.052771855145692825
1649,59,3143497,0.05266457796096802
1649,60,1622450,0.052356019616127014
1726,1,3038509,0.20253165066242218
1726,2,2107920,0.1989247351884842
1726,3,895143,0.19178082048892975
1726,4,739911,0.1895424872636795
1726,5,2728434,0.18589743971824646
1726,6,894955,0.18435753881931305
1726,7,2773090,0.17910447716712952
1726,8,907837,0.1785714328289032
1726,9,908233,0.17045454680919647
1726,10,516643,0.1666666716337204
1726,11,3038784,0.1666666716337204
1726,12,721292,0.16571427881717682
1726,13,626006,0.16564416885375977
1726,14,1812530,0.16564416885375977
1726,15,6886769,0.16551724076271057
1726,16,739878,0.16470588743686676
1726,17,937152,0.16249999403953552
1726,18,1599152,0.16083915531635284
1726,19,519419,0.1599999964237213
1726,20,2019627,0.15853658318519592
1726,21,6568307,0.15763546526432037
1726,22,2984305,0.1570248007774353
1726,23,2515738,0.15671642124652863
1726,24,2860210,0.15671642124652863
1726,25,2655933,0.15646257996559143
1726,26,625995,0.15591397881507874
1726,27,1084447,0.15492957830429077
1726,28,2288775,0.1548672616481781
1726,29,739900,0.15436241030693054
1726,30,2991011,0.15425531566143036
1726,31,1444048,0.1538461595773697
1726,32,1355172,0.15306122601032257
1726,33,526005,0.14965985715389252
1726,34,894910,0.14685314893722534
1726,35,631927,0.14666666090488434
1726,36,2313455,0.1461988240480423
1726,37,2393238,0.1458333283662796
1726,38,3160524,0.1438356190919876
1726,39,1113256,0.14193548262119293
1726,40,983608,0.140625
1726,41,820002,0.13903743028640747
1726,42,1113267,0.13846154510974884
1726,43,3038817,0.13793103396892548
1726,44,6490729,0.13596491515636444
1726,45,2887138,0.13450291752815247
1726,46,491463,0.13178294897079468
1726,47,1748,0.13173653185367584
1726,48,580854,0.1269841343164444
1726,49,2901701,0.12598425149917603
1726,50,2207701,0.12437810748815536
1726,51,2655944,0.12418300658464432
1726,52,2131383,0.12413793057203293
1726,53,2969715,0.12359550595283508
1726,54,1877074,0.11999999731779099
1726,55,1331617,0.11971831321716309
1726,56,3038762,0.11778846383094788
1726,57,18056,0.11627907305955887
1726,58,1952109,0.11578947305679321
1726,59,2589654,0.11315789818763733
1726,60,1391512,0.11278195679187775
1748,1,820002,0.30985915660858154
1748,2,2313455,0.30000001192092896
1748,3,2728434,0.27419355511665344
1748,4,3160524,0.27272728085517883
1748,5,2393238,0.2545454502105713
1748,6,2019627,0.2538461685180664
1748,7,721292,0.246478870511055
1748,8,526005,0.24561403691768646
1748,9,625995,0.2368421107530594
1748,10,1355172,0.23602484166622162
1748,11,2655944,0.2288135588169098
1748,12,2887138,0.22794117033481598
1748,13,1812530,0.2255639135837555
1748,14,519419,0.22499999403953552
1748,15,895143,0.22499999403953552
1748,16,894955,0.21710526943206787
1748,17,6568307,0.2163742631673813
1748,18,1084447,0.21238937973976135
1748,19,907837,0.2091836780309677
1748,20,1599152,0.208695650100708
1748,21,937152,0.20454545319080353
1748,22,2131383,0.20353981852531433
1748,23,739911,0.20155039429664612
1748,24,908233,0.20134228467941284
1748,25,2773090,0.20000000298023224
1748,26,3038509,0.1985294073820114
1748,27,739878,0.1958041936159134
1748,28,2991011,0.1949685513973236
1748,29,2655933,0.19166666269302368
1748,30,1444048,0.19148936867713928
1748,31,894910,0.19130434095859528
1748,32,1113256,0.190476194024086
1748,33,491463,0.1899999976158142
1748,34,631927,0.18852458894252777
1748,35,2969715,0.18493150174617767
1748,36,2846892,0.18269230425357819
1748,37,2288775,0.1818181872367859
1748,38,2179061,0.1796875
1748,39,739900,0.17886178195476532
1748,40,2207701,0.17751479148864746
1748,41,2107920,0.17365269362926483
1748,42,6886769,0.1735537201166153
1748,43,1113267,0.16766467690467834
1748,44,6490729,0.1658291518688202
1748,45,516643,0.16521738469600677
1748,46,2515738,0.16363635659217834
1748,47,580854,0.16161616146564484
1748,48,1952109,0.15625
1748,49,1271997,0.15000000596046448
1748,50,3038784,0.1469387710094452
1748,51,626006,0.1461038887500763
1748,52,983608,0.14423076808452606
1748,53,1223872,0.14423076808452606
1748,54,491012,0.1428571492433548
1748,55,2146310,0.1419753134250641
1748,56,2984305,0.14141413569450378
1748,57,603038,0.1376146823167801
1748,58,2901701,0.13725490868091583
1748,59,18056,0.13592232763767242
1748,60,1726,0.13173653185367584
1759,1,1523063,0.06666667014360428
1759,2,2441,0.056179776787757874
1759,3,1396256,0.05154639109969139
1759,4,44804811,0.05128205195069313
1759,5,346642,0.050632912665605545
1759,6,1524121,0.04878048598766327
1759,7,1056302,0.048192769289016724
1759,8,104657,0.0476190485060215
1759,9,2063986,0.047337278723716736
1759,10,3207953,0.04651162773370743
1759,11,2411579,0.04444444552063942
1759,12,826924,0.043478261679410934
1759,13,1781,0.042553190141916275
1759,14,188924,0.0416666679084301
1759,15,1430375,0.04054053872823715
1759,16,1618080,0.04040404036641121
1759,17,2926759,0.04032257944345474
1759,18,229482,0.03999999910593033
1759,19,1033961,0.03999999910593033
1759,20,3813941,0.039603959769010544
1759,21,4238,0.03947368264198303
1759,22,38815,0.03947368264198303
1759,23,534712,0.03947368264198303
1759,24,1375362,0.03947368264198303
1759,25,1829653,0.03947368264198303
1759,26,1953151,0.03947368264198303
1759,27,2152021,0.03947368264198303
1759,28,4954636,0.03947368264198303
1759,29,682500,0.03921568766236305
1759,30,854917,0.03896103799343109
1759,31,1189706,0.03896103799343109
1759,32,525938,0.03846153989434242
1759,33,39894897,0.03846153989434242
1759,34,1311370,0.03809523954987526
1759,35,104562,0.037974681705236435
1759,36,201386,0.037974681705236435
1759,37,435527,0.03773584961891174
1759,38,15067413,0.03750000149011612
1759,39,843873,0.03658536449074745
1759,40,2372176,0.03658536449074745
1759,41,550624,0.03614457696676254
1759,42,40698498,0.03614457696676254
1759,43,946181,0.036036036908626556
1759,44,2951639,0.0357142873108387
1759,45,1222244,0.03539822995662689
1759,46,199347,0.03529411926865578
1759,47,3137233,0.03529411926865578
1759,48,1856526,0.035087719559669495
1759,49,695094,0.03488372266292572
1759,50,1345179,0.03488372266292572
1759,51,45046,0.03448275849223137
1759,52,21955818,0.03448275849223137
1759,53,1283228,0.03418803587555885
1759,54,1636,0.034090910106897354
1759,55,1323557,0.034090910106897354
1759,56,8209200,0.034090910106897354
1759,57,135922,0.033707864582538605
1759,58,196179,0.033707864582538605
1759,59,376680,0.033707864582538605
1759,60,1267189,0.033707864582538605
1768,1,1769,0.2291666716337204
1768,2,420965,0.19148936867713928
1768,3,6252965,0.10204081982374191
1768,4,1014179,0.10000000149011612
1768,5,87693,0.09677419066429138
1768,6,672041,0.0882352963089943
1768,7,16927923,0.0833333358168602
1768,8,946489,0.08163265138864517
1768,9,435683,0.07692307978868484
1768,10,1496165,0.07407407462596893
1768,11,376680,0.06666667014360428
1768,12,1188455,0.06666667014360428
1768,13,1107826,0.06382978707551956
1768,14,649937,0.0615384615957737
1768,15,2641412,0.05999999865889549
1768,16,1056302,0.056910570710897446
1768,17,1396256,0.05454545468091965
1768,18,2888523,0.05263157933950424
1768,19,886814,0.04918032884597778
1768,20,4225,0.046875
1768,21,301652,0.046875
1768,22,2739837,0.046666666865348816
1768,23,1038760,0.04615384712815285
1768,24,9404417,0.04545454680919647
1768,25,243634,0.04477611929178238
1768,26,3173608,0.0416666679084301
1768,27,3496197,0.04109589010477066
1768,28,3265487,0.03947368264198303
1768,29,2045395,0.03539822995662689
1768,30,1844,0.03418803587555885
1768,31,963076,0.034090910106897354
1768,32,21908528,0.033707864582538605
1768,33,790838,0.03333333507180214
1768,34,809754,0.03125
1768,35,783228,0.030075188726186752
1768,36,1094555,0.029411764815449715
1768,37,1882970,0.02760736271739006
1768,38,1129041,0.027522936463356018
1768,39,1839377,0.027272727340459824
1768,40,7412679,0.027272727340459824
1768,41,1222661,0.02678571455180645
1768,42,879666,0.025641025975346565
1768,43,2166883,0.02500000037252903
1768,44,6595917,0.024793388321995735
1768,45,2283546,0.024390242993831635
1768,46,1474375,0.023255813866853714
1768,47,17613051,0.022857142612338066
1768,48,43024334,0.022857142612338066
1768,49,1839410,0.02255639061331749
1768,50,6179815,0.02238805964589119
1768,51,565494,0.02222222276031971
1768,52,7405757,0.022058824077248573
1768,53,6703901,0.02185792289674282
1768,54,1208289,0.021739130839705467
1768,55,860196,0.02142857201397419
1768,56,14895,0.020134227350354195
1768,57,26579483,0.02010050229728222
1768,58,1116802,0.0200803205370903
1768,59,50281866,0.01986755058169365
1768,60,327422,0.019801979884505272
1769,1,1768,0.2291666716337204
1769,2,420965,0.18333333730697632
1769,3,6252965,0.15000000596046448
1769,4,16927923,0.125
1769,5,87693,0.08888889104127884
1769,6,33384,0.08196721225976944
1769,7,4339519,0.07547169923782349
1769,8,268330,0.06818182021379471
1769,9,647775,0.06666667014360428
1769,10,1056302,0.06617647409439087
1769,11,572109,0.06521739065647125
1769,12,2246210,0.06521739065647125
1769,13,2845176,0.06521739065647125
1769,14,1352933,0.06451612710952759
1769,15,672041,0.06122449040412903
1769,16,2540547,0.06060606241226196
1769,17,1769164,0.05999999865889549
1769,18,20402,0.05970149114727974
1769,19,1496165,0.05797101557254791
1769,20,1574240,0.057692307978868484
1769,21,1866017,0.057692307978868484
1769,22,1276539,0.0555555559694767
1769,23,1014179,0.0535714291036129
1769,24,195791,0.05263157933950424
1769,25,3255539,0.05263157933950424
1769,26,81564,0.0517241396009922
1769,27,795426,0.0517241396009922
1769,28,817492,0.0517241396009922
1769,29,15750735,0.0517241396009922
1769,30,16022898,0.0517241396009922
1769,31,2386,0.050847455859184265
1769,32,3272732,0.05000000074505806
1769,33,1107826,0.04838709533214569
1769,34,2045395,0.0476190485060215
1769,35,21823357,0.0476190485060215
1769,36,10879,0.046875
1769,37,946489,0.04615384712815285
1769,38,2781696,0.04545454680919647
1769,39,3173608,0.04477611929178238
1769,40,3265487,0.04444444552063942
1769,41,2174297,0.043478261679410934
1769,42,1396256,0.04285714402794838
1769,43,3428728,0.0419580414891243
1769,44,58336,0.0416666679084301
1769,45,2060095,0.0416666679084301
1769,46,2926759,0.0416666679084301
1769,47,1315,0.04123711213469505
1769,48,1033961,0.04098360612988472
1769,49,1129041,0.04098360612988472
1769,50,386792,0.04054053872823715
1769,51,4830806,0.040462426841259
1769,52,43801,0.03999999910593033
1769,53,1127127,0.03999999910593033
1769,54,2193696,0.03999999910593033
1769,55,6121267,0.03999999910593033
1769,56,1882970,0.0385756678879261
1769,57,790838,0.03846153989434242
1769,58,2971270,0.03846153989434242
1769,59,1844,0.038167938590049744
1769,60,4117200,0.03809523954987526
1781,1,829341,0.1818181872367859
1781,2,829351,0.171171173453331
1781,3,3021,0.1111111119389534
1781,4,38952,0.0833333358168602
1781,5,3020,0.07692307978868484
1781,6,523200,0.06976744532585144
1781,7,159793,0.057692307978868484
1781,8,1636,0.0555555559694767
1781,9,2803318,0.0555555559694767
1781,10,1094776,0.054794520139694214
1781,11,376680,0.05454545468091965
1781,12,188924,0.0476190485060215
1781,13,1828689,0.0476190485060215
1781,14,1144054,0.046875
1781,15,1396256,0.04615384712815285
1781,16,1321805,0.04285714402794838
1781,17,1759,0.042553190141916275
1781,18,1294681,0.0422535203397274
1781,19,6179816,0.0422535203397274
1781,20,6888141,0.0416666679084301
1781,21,963076,0.04123711213469505
1781,22,869986,0.04054053872823715
1781,23,1788601,0.04054053872823715
1781,24,790838,0.04040404036641121
1781,25,879765,0.03846153989434242
1781,26,1075684,0.037974681705236435
1781,27,2458248,0.037974681705236435
1781,28,755771,0.03703703731298447
1781,29,1005005,0.03669724613428116
1781,30,376514,0.03448275849223137
1781,31,1524121,0.032608695328235626
1781,32,1258333,0.03191489353775978
1781,33,1771312,0.03191489353775978
1781,34,346642,0.03125
1781,35,2369970,0.029999999329447746
1781,36,1056302,0.029411764815449715
1781,37,2183601,0.028037382289767265
1781,38,15760836,0.02777777798473835
1781,39,1610031,0.027522936463356018
1781,40,461400,0.02500000037252903
1781,41,1095121,0.02469135820865631
1781,42,1468406,0.02459016442298889
1781,43,1014091,0.024539876729249954
1781,44,2503920,0.024390242993831635
1781,45,610037,0.024193547666072845
1781,46,3215642,0.024038461968302727
1781,47,693417,0.02380952425301075
1781,48,2902890,0.02380952425301075
1781,49,2607049,0.0234375
1781,50,937841,0.023255813866853714
1781,51,1493394,0.02238805964589119
1781,52,1934157,0.02238805964589119
1781,53,3294830,0.02238805964589119
1781,54,886814,0.02222222276031971
1781,55,1007116,0.02185792289674282
1781,56,1627774,0.02185792289674282
1781,57,3207953,0.02139037474989891
1781,58,6179815,0.02083333395421505
1781,59,460092,0.020270269364118576
1781,60,809743,0.020270269364118576
1803,1,1150571,0.27892234921455383
1803,2,996156,0.2757575809955597
1803,3,2745957,0.27417027950286865
1803,4,1812101,0.2447844296693802
1803,5,2454497,0.22258064150810242
1803,6,150017,0.21476510167121887
1803,7,3048937,0.21042470633983612
1803,8,1733095,0.20035460591316223
1803,9,1552134,0.19634702801704407
1803,10,2791999,0.19354838132858276
1803,11,1814,0.19298245012760162
1803,12,1316297,0.19178082048892975
1803,13,3230869,0.18931657075881958
1803,14,4847031,0.18909090757369995
1803,15,6560478,0.18300653994083405
1803,16,150226,0.17883211374282837
1803,17,3017730,0.17715959250926971
1803,18,3254516,0.17706821858882904
1803,19,14015,0.17487266659736633
1803,20,3324421,0.1687697172164917
1803,21,150259,0.16752910614013672
1803,22,643924,0.16295026242733002
1803,23,2248680,0.16062802076339722
1803,24,1742269,0.16009417176246643
1803,25,1590722,0.15599343180656433
1803,26,15599,0.15578357875347137
1803,27,3166850,0.15357142686843872
1803,28,3041864,0.15066225826740265
1803,29,3083085,0.14871016144752502
1803,30,59181,0.14710743725299835
1803,31,150039,0.14208632707595825
1803,32,2330175,0.14162348210811615
1803,33,833191,0.13686130940914154
1803,34,522169,0.1357664167881012
1803,35,2113248,0.12691913545131683
1803,36,1412598,0.12523719668388367
1803,37,3652165,0.12234042584896088
1803,38,1836389,0.12166666984558105
1803,39,6760952,0.12137486785650253
1803,40,849585,0.12043189257383347
1803,41,1810634,0.119235098361969
1803,42,2927243,0.11857707798480988
1803,43,955346,0.11646586656570435
1803,44,2818729,0.11570248007774353
1803,45,750558,0.1111111119389534
1803,46,4512687,0.11090225726366043
1803,47,6309701,0.10892388224601746
1803,48,46575,0.10862866044044495
1803,49,17851499,0.10490307956933975
1803,50,11067830,0.10403726994991302
1803,51,2754911,0.10276679694652557
1803,52,1738813,0.10271317511796951
1803,53,2200683,0.10252808779478073
1803,54,1178083,0.10057470947504044
1803,55,538087,0.09894736856222153
1803,56,1412280,0.09489051252603531
1803,57,1762777,0.09172661602497101
1803,58,19185026,0.0901639312505722
1803,59,1945267,0.08606557548046112
1803,60,26680281,0.08371559530496597
1814,1,2454497,0.3758865296840668
1814,2,1733095,0.29792746901512146
1814,3,150039,0.26795580983161926
1814,4,1316297,0.2235294133424759
1814,5,2927243,0.21495327353477478
1814,6,2330175,0.21250000596046448
1814,7,2745957,0.21061643958091736
1814,8,59181,0.20185615122318268
1814,9,6560478,0.1965065449476242
1814,10,1812101,0.1963394284248352
1814,11,1803,0.19298245012760162
1814,12,1412598,0.19142857193946838
1814,13,1150571,0.18832391500473022
1814,14,2248680,0.18580059707164764
1814,15,150226,0.183879092335701
1814,16,1590722,0.18385650217533112
1814,17,2791999,0.18161435425281525
1814,18,996156,0.1808510571718216
1814,19,14015,0.1780821979045868
1814,20,3166850,0.1779448688030243
1814,21,3324421,0.17219917476177216
1814,22,3048937,0.1717391312122345
1814,23,11067830,0.17067833244800568
1814,24,4847031,0.157384991645813
1814,25,150017,0.15572033822536469
1814,26,3254516,0.15454545617103577
1814,27,3017730,0.15441176295280457
1814,28,3652165,0.1540404111146927
1814,29,538087,0.14950166642665863
1814,30,522169,0.14885495603084564
1814,31,643924,0.1435079723596573
1814,32,833191,0.14322251081466675
1814,33,3083085,0.1414538323879242
1814,34,955346,0.1411411464214325
1814,35,1738813,0.13256484270095825
1814,36,3230869,0.13102282583713531
1814,37,1230142,0.13058419525623322
1814,38,2818729,0.1304347813129425
1814,39,15599,0.1296493113040924
1814,40,2334601,0.127976194024086
1814,41,1733092,0.125
1814,42,9813320,0.12328767031431198
1814,43,1552134,0.12308929860591888
1814,44,1836389,0.1218961626291275
1814,45,4512687,0.12162162363529205
1814,46,150259,0.12112870067358017
1814,47,3041864,0.11853448301553726
1814,48,9813429,0.11428571492433548
1814,49,9813455,0.11428571492433548
1814,50,445057,0.10817942023277283
1814,51,1178083,0.1069418415427208
1814,52,2113248,0.10645932704210281
1814,53,1657128,0.10493826866149902
1814,54,1322982,0.10402684658765793
1814,55,750558,0.1034482792019844
1814,56,1742269,0.10325752943754196
1814,57,1810634,0.10228802263736725
1814,58,2754911,0.10166666656732559
1814,59,6760952,0.09734513610601425
1814,60,40802405,0.09677419066429138
1835,1,598404,0.25
1835,2,31340,0.1666666716337204
1835,3,1570273,0.16129031777381897
1835,4,1860288,0.16129031777381897
1835,5,1121858,0.11428571492433548
1835,6,3212390,0.1111111119389534
1835,7,3323916,0.10526315867900848
1835,8,112713,0.1034482792019844
1835,9,175126,0.1034482792019844
1835,10,1373641,0.1034482792019844
1835,11,2317408,0.1034482792019844
1835,12,1218789,0.10000000149011612
1835,13,189338,0.09756097197532654
1835,14,1987525,0.09677419066429138
1835,15,2691404,0.09375
1835,16,810463,0.0882352963089943
1835,17,3135643,0.08196721225976944
1835,18,768073,0.07894736528396606
1835,19,3036434,0.07692307978868484
1835,20,13729936,0.07692307978868484
1835,21,1235400,0.07500000298023224
1835,22,3157863,0.072727270424366
1835,23,995802,0.0714285746216774
1835,24,1309352,0.06896551698446274
1835,25,87317,0.06818182021379471
1835,26,375997,0.06521739065647125
1835,27,2078450,0.06521739065647125
1835,28,1751058,0.0625
1835,29,191828,0.05999999865889549
1835,30,1677648,0.05882352963089943
1835,31,15287191,0.05882352963089943
1835,32,850076,0.057692307978868484
1835,33,1311,0.0555555559694767
1835,34,20739,0.0555555559694767
1835,35,16029496,0.0555555559694767
1835,36,1072226,0.054794520139694214
1835,37,13751223,0.05454545468091965
1835,38,2342366,0.05263157933950424
1835,39,2280279,0.050847455859184265
1835,40,13013056,0.050847455859184265
1835,41,430063,0.043478261679410934
1835,42,1358127,0.043478261679410934
1835,43,1701632,0.040816325694322586
1835,44,848942,0.04054053872823715
1835,45,62690,0.03999999910593033
1835,46,680963,0.03896103799343109
1835,47,1746717,0.03862661123275757
1835,48,23464,0.03658536449074745
1835,49,907243,0.036496348679065704
1835,50,1771312,0.03614457696676254
1835,51,4243538,0.0357142873108387
1835,52,252618,0.03496503457427025
1835,53,702720,0.034090910106897354
1835,54,790838,0.033707864582538605
1835,55,2919427,0.032967034727334976
1835,56,481941,0.030927835032343864
1835,57,338580,0.03030303120613098
1835,58,50513135,0.029702970758080482
1835,59,23859166,0.029411764815449715
1835,60,376514,0.028301887214183807
1844,1,682500,0.2410714328289032
1844,2,4703,0.1958041936159134
1844,3,1659905,0.11783439666032791
1844,4,15152485,0.10071942210197449
1844,5,53445066,0.0810810774564743
1844,6,1043020,0.07692307978868484
1844,7,860196,0.0676470622420311
1844,8,1056302,0.0670103058218956
1844,9,790838,0.0625
1844,10,1477756,0.061135370284318924
1844,11,1321805,0.06060606241226196
1844,12,2739837,0.05882352963089943
1844,13,346642,0.058510638773441315
1844,14,2287950,0.05844155699014664
1844,15,1209450,0.05797101557254791
1844,16,1116802,0.057507988065481186
1844,17,1971520,0.05511811003088951
1844,18,2207382,0.054347824305295944
1844,19,990677,0.05426356568932533
1844,20,783228,0.054187193512916565
1844,21,42499230,0.053892213851213455
1844,22,267229,0.05349794402718544
1844,23,1046442,0.05309734493494034
1844,24,7480,0.052173912525177
1844,25,19051762,0.051779936999082565
1844,26,2756721,0.0517241396009922
1844,27,2903020,0.0517241396009922
1844,28,42362558,0.050847455859184265
1844,29,19256026,0.05069124326109886
1844,30,1033961,0.05000000074505806
1844,31,332242,0.04921700060367584
1844,32,1222661,0.04918032884597778
1844,33,43024334,0.04918032884597778
1844,34,543352,0.04895104840397835
1844,35,26579483,0.048689138144254684
1844,36,952665,0.04800000041723251
1844,37,1971553,0.0476190485060215
1844,38,543143,0.04694835841655731
1844,39,51364,0.04651162773370743
1844,40,39895091,0.04651162773370743
1844,41,3294830,0.04615384712815285
1844,42,4076,0.04608295112848282
1844,43,2481792,0.04597701132297516
1844,44,68476,0.04580152779817581
1844,45,6655407,0.04575163498520851
1844,46,1474375,0.04545454680919647
1844,47,436251,0.04477611929178238
1844,48,376514,0.044692736119031906
1844,49,327422,0.04428044334053993
1844,50,900927,0.043902438133955
1844,51,2290688,0.04361370578408241
1844,52,260248,0.04359672963619232
1844,53,2166961,0.043478261679410934
1844,54,43579550,0.043209876865148544
1844,55,372591,0.043103449046611786
1844,56,2457240,0.04285714402794838
1844,57,9404417,0.04285714402794838
1844,58,6057263,0.042553190141916275
1844,59,3298883,0.04249291867017746
1844,60,26129550,0.042424242943525314
1863,1,1575845,0.3589743673801422
1863,2,3149767,0.3333333432674408
1863,3,1234051,0.25641027092933655
1863,4,3187361,0.25
1863,5,1234050,0.2361111044883728
1863,6,2568692,0.11764705926179886
1863,7,1219592,0.11249999701976776
1863,8,1575861,0.10687022656202316
1863,9,1575871,0.10169491171836853
1863,10,665900,0.08695652335882187
1863,11,1285813,0.08571428805589676
1863,12,22251264,0.0833333358168602
1863,13,198990,0.0810810774564743
1863,14,496151,0.07894736528396606
1863,15,840256,0.07894736528396606
1863,16,2015267,0.07692307978868484
1863,17,973,0.06976744532585144
1863,18,10927,0.06976744532585144
1863,19,2395673,0.06976744532585144
1863,20,18839697,0.06976744532585144
1863,21,1968913,0.06818182021379471
1863,22,1196024,0.06691449880599976
1863,23,1035259,0.06666667014360428
1863,24,1196035,0.06557376682758331
1863,25,839504,0.06521739065647125
1863,26,17961877,0.06382978707551956
1863,27,2218229,0.0625
1863,28,915361,0.05999999865889549
1863,29,347193,0.05882352963089943
1863,30,173513,0.0555555559694767
1863,31,804295,0.0555555559694767
1863,32,3132696,0.05454545468091965
1863,33,127222,0.0533333346247673
1863,34,284871,0.05263157933950424
1863,35,575142,0.0517241396009922
1863,36,361114,0.051020409911870956
1863,37,1066433,0.05000000074505806
1863,38,39678,0.04938271641731262
1863,39,1535598,0.04838709533214569
1863,40,858297,0.04716981202363968
1863,41,202762,0.046875
1863,42,46936,0.04597701132297516
1863,43,2897191,0.04545454680919647
1863,44,3217787,0.04545454680919647
1863,45,82450,0.04477611929178238
1863,46,816350,0.04477611929178238
1863,47,5246858,0.04477611929178238
1863,48,1907786,0.04411764815449715
1863,49,3077944,0.04395604506134987
1863,50,3215632,0.04285714402794838
1863,51,10931,0.042553190141916275
1863,52,2987864,0.04210526496171951
1863,53,2584556,0.04054053872823715
1863,54,4186,0.03999999910593033
1863,55,505,0.03846153989434242
1863,56,212560,0.03846153989434242
1863,57,1104950,0.03846153989434242
1863,58,10458410,0.03846153989434242
1863,59,14520797,0.03846153989434242
1863,60,41392349,0.03846153989434242
1878,1,2901348,0.746268630027771
1878,2,1880,0.6626505851745605
1878,3,1879,0.5600000023841858
1878,4,1685711,0.5362318754196167
1878,5,1535598,0.4852941036224365
1878,6,1210896,0.23694778978824615
1878,7,888455,0.13223139941692352
1878,8,1264290,0.12903225421905518
1878,9,3316094,0.10884353518486023
1878,10,6617525,0.08571428805589676
1878,11,404326,0.0714285746216774
1878,12,3944773,0.06060606241226196
1878,13,322502,0.05833333358168602
1878,14,21695676,0.05714285746216774
1878,15,18013301,0.0533333346247673
1878,16,14648103,0.05128205195069313
1878,17,1946197,0.0476190485060215
1878,18,738489,0.04716981202363968
1878,19,1946186,0.04716981202363968
1878,20,7393007,0.04545454680919647
1878,21,2979854,0.04511278122663498
1878,22,5526541,0.04494382068514824
1878,23,361223,0.04430379718542099
1878,24,102646,0.043478261679410934
1878,25,192658,0.0422535203397274
1878,26,46861,0.04210526496171951
1878,27,524423,0.041322313249111176
1878,28,969,0.04123711213469505
1878,29,3234378,0.04109589010477066
1878,30,847545,0.040816325694322586
1878,31,10521955,0.040816325694322586
1878,32,2222364,0.04054053872823715
1878,33,14308787,0.04026845470070839
1878,34,708860,0.0396825410425663
1878,35,881499,0.03947368264198303
1878,36,1726608,0.03947368264198303
1878,37,1125206,0.03921568766236305
1878,38,1443938,0.03921568766236305
1878,39,2285229,0.03910614550113678
1878,40,164744,0.03883495181798935
1878,41,333209,0.03846153989434242
1878,42,679101,0.03846153989434242
1878,43,890342,0.03846153989434242
1878,44,847797,0.03809523954987526
1878,45,2055054,0.03809523954987526
1878,46,847798,0.03773584961891174
1878,47,2311963,0.03750000149011612
1878,48,868252,0.03731343150138855
1878,49,2917519,0.03703703731298447
1878,50,1625130,0.036866359412670135
1878,51,1149648,0.03669724613428116
1878,52,3032860,0.03658536449074745
1878,53,14664520,0.03658536449074745
1878,54,1510338,0.0364583320915699
1878,55,1196056,0.03614457696676254
1878,56,2671175,0.03614457696676254
1878,57,669307,0.0357142873108387
1878,58,433190,0.03539822995662689
1878,59,2690582,0.03539822995662689
1878,60,1275528,0.03529411926865578
1879,1,2901348,0.682539701461792
1879,2,1685711,0.6666666865348816
1879,3,1535598,0.5789473652839661
1879,4,1878,0.5600000023841858
1879,5,1880,0.4941176474094391
1879,6,1210896,0.1927710771560669
1879,7,6617525,0.1607142835855484
1879,8,1264290,0.1190476194024086
1879,9,888455,0.1150442510843277
1879,10,3316094,0.09352517873048782
1879,11,14648103,0.07575757801532745
1879,12,3944773,0.06818182021379471
1879,13,21695676,0.06779661029577255
1879,14,404326,0.06666667014360428
1879,15,7393007,0.06578947603702545
1879,16,18013301,0.0625
1879,17,14664520,0.05714285746216774
1879,18,1207057,0.054054055362939835
1879,19,738489,0.05263157933950424
1879,20,1946186,0.05263157933950424
1879,21,1946197,0.052173912525177
1879,22,5526541,0.05128205195069313
1879,23,1443938,0.04964539036154747
1879,24,2979854,0.04918032884597778
1879,25,6034082,0.04878048598766327
1879,26,2568657,0.04838709533214569
1879,27,3234378,0.04838709533214569
1879,28,1139031,0.048192769289016724
1879,29,46861,0.0476190485060215
1879,30,3209595,0.0476190485060215
1879,31,4950954,0.0476190485060215
1879,32,6438210,0.0476190485060215
1879,33,6892987,0.0476190485060215
1879,34,218135,0.046875
1879,35,3233987,0.04615384712815285
1879,36,10521955,0.04597701132297516
1879,37,1787093,0.0458715595304966
1879,38,860408,0.04575163498520851
1879,39,524423,0.04545454680919647
1879,40,679101,0.04477611929178238
1879,41,2907344,0.0446428582072258
1879,42,6343668,0.04444444552063942
1879,43,1275528,0.04430379718542099
1879,44,2927650,0.04430379718542099
1879,45,6581527,0.044247787445783615
1879,46,847545,0.04411764815449715
1879,47,6145101,0.04385964944958687
1879,48,6578095,0.043478261679410934
1879,49,3030647,0.04301075264811516
1879,50,847797,0.042553190141916275
1879,51,1726608,0.042553190141916275
1879,52,1234051,0.0422535203397274
1879,53,3032860,0.0422535203397274
1879,54,847798,0.04210526496171951
1879,55,2049173,0.0419580414891243
1879,56,47706,0.0416666679084301
1879,57,1331217,0.0416666679084301
1879,58,7686205,0.041322313249111176
1879,59,2917519,0.04123711213469505
1879,60,14279652,0.04123711213469505
1880,1,1878,0.6626505851745605
1880,2,2901348,0.6282051205635071
1880,3,1879,0.4941176474094391
1880,4,1685711,0.44999998807907104
1880,5,1535598,0.40506330132484436
1880,6,1210896,0.27710843086242676
1880,7,888455,0.1666666716337204
1880,8,1264290,0.12745098769664764
1880,9,3316094,0.10191082954406738
1880,10,6617525,0.07500000298023224
1880,11,3944773,0.07476635277271271
1880,12,2979854,0.06428571790456772
1880,13,404326,0.0625
1880,14,7393007,0.0625
1880,15,14648103,0.05747126415371895
1880,16,2307475,0.0520833320915699
1880,17,21695676,0.05000000074505806
1880,18,1009724,0.049504950642585754
1880,19,3234378,0.04878048598766327
1880,20,2222364,0.048192769289016724
1880,21,3233987,0.0470588244497776
1880,22,18013301,0.0470588244497776
1880,23,1787093,0.04651162773370743
1880,24,333209,0.04597701132297516
1880,25,322502,0.04580152779817581
1880,26,4242,0.04545454680919647
1880,27,6343668,0.04516129195690155
1880,28,1275528,0.04494382068514824
1880,29,2927650,0.04494382068514824
1880,30,1504765,0.0446428582072258
1880,31,708860,0.04444444552063942
1880,32,14308787,0.04430379718542099
1880,33,1946197,0.04411764815449715
1880,34,1234051,0.04395604506134987
1880,35,1196056,0.043478261679410934
1880,36,1443938,0.043209876865148544
1880,37,738489,0.043103449046611786
1880,38,1946186,0.043103449046611786
1880,39,1358863,0.04301075264811516
1880,40,833565,0.04219409450888634
1880,41,218134,0.0416666679084301
1880,42,361223,0.0416666679084301
1880,43,6034082,0.0416666679084301
1880,44,3264295,0.041522491723299026
1880,45,4593761,0.041450776159763336
1880,46,1386643,0.040816325694322586
1880,47,6438210,0.040816325694322586
1880,48,5526541,0.04040404036641121
1880,49,1779383,0.03999999910593033
1880,50,1993854,0.03999999910593033
1880,51,1625130,0.0398230105638504
1880,52,1510338,0.03980099409818649
1880,53,868252,0.03971119225025177
1880,54,3209595,0.0396825410425663
1880,55,6892987,0.0396825410425663
1880,56,2682098,0.039603959769010544
1880,57,2529437,0.03947368264198303
1880,58,102646,0.03921568766236305
1880,59,1356744,0.03896103799343109
1880,60,3299770,0.03883495181798935
1889,1,801181,0.5116279125213623
1889,2,1193886,0.5111111402511597
1889,3,1193896,0.5
1889,4,801203,0.4912280738353729
1889,5,1178237,0.4285714328289032
1889,6,1179753,0.4000000059604645
1889,7,551326,0.3499999940395355
1889,8,1204699,0.3414634168148041
1889,9,1032790,0.34090909361839294
1889,10,1177243,0.3382352888584137
1889,11,1178787,0.31707316637039185
1889,12,1178215,0.31111112236976624
1889,13,801148,0.302325576543808
1889,14,1193907,0.26213592290878296
1889,15,810431,0.2604166567325592
1889,16,1822814,0.24390244483947754
1889,17,2984402,0.1871345043182373
1889,18,486980,0.1111111119389534
1889,19,273481,0.10000000149011612
1889,20,194807,0.09090909361839294
1889,21,1177518,0.08196721225976944
1889,22,1589435,0.0714285746216774
1889,23,13155786,0.0714285746216774
1889,24,2054929,0.07058823853731155
1889,25,15455900,0.07042253762483597
1889,26,1108497,0.06818182021379471
1889,27,1589445,0.06818182021379471
1889,28,16181497,0.06756756454706192
1889,29,2918026,0.06521739065647125
1889,30,1255322,0.0625
1889,31,3016959,0.0625
1889,32,593987,0.05999999865889549
1889,33,1108496,0.05999999865889549
1889,34,11013640,0.05999999865889549
1889,35,933411,0.05882352963089943
1889,36,941079,0.05882352963089943
1889,37,16646067,0.05882352963089943
1889,38,324508,0.057692307978868484
1889,39,2795422,0.0555555559694767
1889,40,19176645,0.0555555559694767
1889,41,593955,0.054794520139694214
1889,42,1656456,0.05454545468091965
1889,43,3047044,0.05454545468091965
1889,44,531219,0.0535714291036129
1889,45,2435731,0.0517241396009922
1889,46,5337070,0.050847455859184265
1889,47,269883,0.04918032884597778
1889,48,2788199,0.04838709533214569
1889,49,16102896,0.04838709533214569
1889,50,3341450,0.048192769289016724
1889,51,2242963,0.0476190485060215
1889,52,3328784,0.0476190485060215
1889,53,286335,0.04716981202363968
1889,54,871691,0.046875
1889,55,16947671,0.046875
1889,56,2409881,0.04651162773370743
1889,57,3380791,0.04615384712815285
1889,58,1107946,0.04545454680919647
1889,59,2827443,0.04545454680919647
1889,60,6432580,0.04545454680919647
1934,1,1935,0.18918919563293457
1934,2,2999000,0.18000000715255737
1934,3,23688523,0.15789473056793213
1934,4,2456942,0.125
1934,5,6151926,0.12328767031431198
1934,6,3016553,0.11428571492433548
1934,7,866393,0.11363636702299118
1934,8,848184,0.09375
1934,9,2968156,0.09210526198148727
1934,10,222909,0.09090909361839294
1934,11,1477756,0.08441558480262756
1934,12,449423,0.0810810774564743
1934,13,1278359,0.0810810774564743
1934,14,97585,0.07894736528396606
1934,15,106443,0.07894736528396606
1934,16,86801,0.07500000298023224
1934,17,322098,0.07500000298023224
1934,18,543352,0.07246376574039459
1934,19,372591,0.0714285746216774
1934,20,850515,0.0714285746216774
1934,21,1046530,0.07042253762483597
1934,22,68057,0.06976744532585144
1934,23,523004,0.06976744532585144
1934,24,2204679,0.06818182021379471
1934,25,1011400,0.06666667014360428
1934,26,2280279,0.06666667014360428
1934,27,17046445,0.06666667014360428
1934,28,40790576,0.06666667014360428
1934,29,3272732,0.06521739065647125
1934,30,867251,0.06382978707551956
1934,31,68058,0.0634920671582222
1934,32,83385,0.0625
1934,33,828739,0.0625
1934,34,2979977,0.0625
1934,35,3279686,0.0625
1934,36,522136,0.06122449040412903
1934,37,835372,0.060975611209869385
1934,38,75749,0.05882352963089943
1934,39,97595,0.05882352963089943
1934,40,1595511,0.057692307978868484
1934,41,574,0.05376344174146652
1934,42,990677,0.05263157933950424
1934,43,911489,0.05128205195069313
1934,44,1724756,0.05128205195069313
1934,45,327422,0.05076142027974129
1934,46,1298177,0.05000000074505806
1934,47,1321805,0.04918032884597778
1934,48,3271542,0.0486486479640007
1934,49,1263111,0.04854368790984154
1934,50,208153,0.04838709533214569
1934,51,2287950,0.048192769289016724
1934,52,598119,0.046875
1934,53,2088454,0.046875
1934,54,2971270,0.046875
1934,55,2595873,0.04597701132297516
1934,56,2207382,0.044247787445783615
1934,57,1820137,0.04411764815449715
1934,58,813,0.043478261679410934
1934,59,5991,0.043478261679410934
1934,60,1140359,0.043478261679410934
1935,1,3016553,0.3214285671710968
1935,2,2999000,0.239130437374115
1935,3,1934,0.18918919563293457
1935,4,866393,0.1428571492433548
1935,5,1299804,0.12903225421905518
1935,6,6151926,0.1267605572938919
1935,7,23688523,0.10526315867900848
1935,8,3800929,0.10000000149011612
1935,9,3242295,0.09677419066429138
1935,10,2968156,0.09459459781646729
1935,11,6498897,0.09433962404727936
1935,12,985684,0.0882352963089943
1935,13,1477756,0.08552631735801697
1935,14,75749,0.0833333358168602
1935,15,106443,0.0833333358168602
1935,16,983387,0.06976744532585144
1935,17,1011400,0.06896551698446274
1935,18,828739,0.06521739065647125
1935,19,1646639,0.06521739065647125
1935,20,2080870,0.06382978707551956
1935,21,2138313,0.0625
1935,22,2595873,0.0595238097012043
1935,23,3294830,0.05882352963089943
1935,24,3359269,0.0517241396009922
1935,25,1321805,0.050847455859184265
1935,26,17046445,0.050847455859184265
1935,27,2287950,0.04938271641731262
1935,28,3271542,0.04918032884597778
1935,29,68058,0.04838709533214569
1935,30,865267,0.04615384712815285
1935,31,835372,0.03658536449074745
1935,32,2503920,0.036036036908626556
1935,33,963076,0.03448275849223137
1935,34,568437,0.033707864582538605
1935,35,1221616,0.033707864582538605
1935,36,21905772,0.03333333507180214
1935,37,598119,0.03125
1935,38,2368224,0.030534351244568825
1935,39,1434467,0.029197080060839653
1935,40,1794732,0.029126213863492012
1935,41,1065465,0.02880658395588398
1935,42,1595500,0.028776979073882103
1935,43,543143,0.028368793427944183
1935,44,1027995,0.027272727340459824
1935,45,1222661,0.027027027681469917
1935,46,50281866,0.02684563770890236
1935,47,6057263,0.0260869562625885
1935,48,1551463,0.0258620698004961
1935,49,731674,0.025423727929592133
1935,50,911489,0.025423727929592133
1935,51,327422,0.02500000037252903
1935,52,3173608,0.024793388321995735
1935,53,208153,0.024000000208616257
1935,54,6057225,0.02380952425301075
1935,55,21956898,0.02238805964589119
1935,56,2343071,0.022346368059515953
1935,57,7405757,0.02222222276031971
1935,58,11221066,0.020942408591508865
1935,59,4767909,0.020202020183205605
1935,60,958661,0.019900497049093246
1956,1,768570,0.19512194395065308
1956,2,2846541,0.08474576473236084
1956,3,1194513,0.0810810774564743
1956,4,196347,0.07692307978868484
1956,5,1592006,0.07692307978868484
1956,6,973,0.06666667014360428
1956,7,952408,0.057692307978868484
1956,8,1481934,0.057692307978868484
1956,9,535113,0.0555555559694767
1956,10,1560636,0.0555555559694767
1956,11,3234038,0.0555555559694767
1956,12,2627714,0.05454545468091965
1956,13,322381,0.054054055362939835
1956,14,871691,0.05263157933950424
1956,15,14654952,0.0517241396009922
1956,16,2321275,0.050847455859184265
1956,17,2210482,0.046875
1956,18,3719102,0.04545454680919647
1956,19,2595,0.04285714402794838
1956,20,1178237,0.04285714402794838
1956,21,2854698,0.0422535203397274
1956,22,2081992,0.04137931019067764
1956,23,1236434,0.04054053872823715
1956,24,960794,0.03896103799343109
1956,25,2072983,0.03870967775583267
1956,26,1282066,0.037974681705236435
1956,27,11075036,0.037974681705236435
1956,28,1069505,0.03529411926865578
1956,29,1124161,0.03305784985423088
1956,30,1964370,0.032967034727334976
1956,31,2321287,0.032608695328235626
1956,32,10931,0.030927835032343864
1956,33,240752,0.030927835032343864
1956,34,2904401,0.03069053776562214
1956,35,24037683,0.029702970758080482
1956,36,361114,0.029411764815449715
1956,37,2271292,0.029126213863492012
1956,38,505,0.028037382289767265
1956,39,2321296,0.027906976640224457
1956,40,25246,0.027397260069847107
1956,41,1925199,0.027272727340459824
1956,42,1791604,0.027210883796215057
1956,43,1223124,0.02684563770890236
1956,44,259684,0.02654867246747017
1956,45,847545,0.0258620698004961
1956,46,1336083,0.025423727929592133
1956,47,2321294,0.025157231837511063
1956,48,2683165,0.02500000037252903
1956,49,2024857,0.024793388321995735
1956,50,2682098,0.02469135820865631
1956,51,1298683,0.024390242993831635
1956,52,3148586,0.024000000208616257
1956,53,1171248,0.02380952425301075
1956,54,14046028,0.023622047156095505
1956,55,2079577,0.023076923564076424
1956,56,14936811,0.02222222276031971
1956,57,3299770,0.022140221670269966
1956,58,2321243,0.021978022530674934
1956,59,268824,0.021897809579968452
1956,60,1603405,0.021276595070958138
1968,1,708860,0.47777777910232544
1968,2,2494398,0.3644859790802002
1968,3,632895,0.3308270573616028
1968,4,2029654,0.3055555522441864
1968,5,1284999,0.2747252881526947
1968,6,3014191,0.2153846174478531
1968,7,933852,0.1841004192829132
1968,8,1976,0.18292683362960815
1968,9,1245146,0.17894737422466278
1968,10,2029589,0.1666666716337204
1968,11,222372,0.14150942862033844
1968,12,86428,0.1376146823167801
1968,13,925975,0.1315789520740509
1968,14,2029633,0.1304347813129425
1968,15,2908333,0.1304347813129425
1968,16,1843405,0.12857143580913544
1968,17,160962,0.1230769231915474
1968,18,2055054,0.12121212482452393
1968,19,1174365,0.11764705926179886
1968,20,2029611,0.11627907305955887
1968,21,434595,0.11538461595773697
1968,22,816361,0.09836065769195557
1968,23,91397,0.09615384787321091
1968,24,244031,0.095238097012043
1968,25,21983016,0.09459459781646729
1968,26,1508836,0.09278350323438644
1968,27,3057116,0.08571428805589676
1968,28,879886,0.08080808073282242
1968,29,1279206,0.0784313753247261
1968,30,1096604,0.07526881992816925
1968,31,251371,0.07432432472705841
1968,32,86422,0.07407407462596893
1968,33,950484,0.07407407462596893
1968,34,746265,0.0736842080950737
1968,35,2928546,0.07042253762483597
1968,36,1223828,0.06976744532585144
1968,37,2900050,0.06896551698446274
1968,38,888927,0.06772908568382263
1968,39,226353,0.06578947603702545
1968,40,361092,0.06578947603702545
1968,41,1632383,0.06432748585939407
1968,42,1316342,0.06422018259763718
1968,43,680874,0.06410256773233414
1968,44,1445248,0.06410256773233414
1968,45,3072178,0.06410256773233414
1968,46,2208078,0.06382978707551956
1968,47,2302767,0.0625
1968,48,490522,0.06172839552164078
1968,49,226002,0.06086956337094307
1968,50,17500,0.06060606241226196
1968,51,38188,0.0602409653365612
1968,52,1933284,0.05999999865889549
1968,53,300999,0.0595238097012043
1968,54,2227698,0.0595238097012043
1968,55,417336,0.05882352963089943
1968,56,2630133,0.05882352963089943
1968,57,1194777,0.05747126415371895
1968,58,1404690,0.05699481815099716
1968,59,1429939,0.05673758685588837
1968,60,2330655,0.056179776787757874
