work_id,rank,neighbour_work_id,score
87,1,1279777,0.12931033968925476
87,2,517040,0.109375
87,3,2758130,0.1090909093618393
87,4,126092,0.09909909963607788
87,5,340317,0.0982142835855484
87,6,503099,0.09655172377824783
87,7,1799308,0.08411215245723724
87,8,517611,0.07999999821186066
87,9,6800355,0.07407407462596893
87,10,2911195,0.06976744532585144
87,11,2756567,0.06870228797197342
87,12,1461285,0.06666667014360428
87,13,1526185,0.06639004498720169
87,14,58294,0.06451612710952759
87,15,2643917,0.06451612710952759
87,16,2741369,0.06428571790456772
87,17,62403,0.06363636255264282
87,18,1070015,0.06310679763555527
87,19,2054130,0.06185567006468773
87,20,114,0.06145251542329788
87,21,18547839,0.06122449040412903
87,22,816449,0.06048906221985817
87,23,1030327,0.05999999865889549
87,24,1480967,0.05999999865889549
87,25,982491,0.059405941516160965
87,26,3139048,0.05882352963089943
87,27,1429972,0.057851240038871765
87,28,517820,0.057692307978868484
87,29,1056841,0.05726872384548187
87,30,859089,0.05714285746216774
87,31,850164,0.056910570710897446
87,32,2011421,0.056910570710897446
87,33,15185234,0.05607476457953453
87,34,1207024,0.05448717996478081
87,35,3046634,0.05429864302277565
87,36,45101,0.054054055362939835
87,37,3032953,0.05384615436196327
87,38,804397,0.05363984778523445
87,39,982483,0.0535714291036129
87,40,376293,0.05325443670153618
87,41,4118164,0.05309734493494034
87,42,2067411,0.051851850003004074
87,43,50722814,0.051020409911870956
87,44,191930,0.05050504952669144
87,45,3026065,0.05050504952669144
87,46,661908,0.05042016878724098
87,47,2174991,0.05042016878724098
87,48,63449,0.05000000074505806
87,49,846655,0.05000000074505806
87,50,1208431,0.05000000074505806
87,51,1286784,0.05000000074505806
87,52,1606731,0.05000000074505806
87,53,1312477,0.04967602714896202
87,54,14618376,0.04901960864663124
87,55,153639,0.04724409431219101
87,56,3152550,0.047101449221372604
87,57,2485770,0.04693140834569931
87,58,2039637,0.04672897234559059
87,59,1650770,0.04651162773370743
87,60,2324899,0.046296294778585434
98,1,908288,0.21212121844291687
98,2,2548756,0.10824742168188095
98,3,2260190,0.10576923191547394
98,4,3353274,0.10215053707361221
98,5,2011131,0.09876543283462524
98,6,1357280,0.09558823704719543
98,7,2713437,0.09292035549879074
98,8,1017538,0.08940397202968597
98,9,33774,0.0882352963089943
98,10,2714838,0.08743169158697128
98,11,2484087,0.08648648858070374
98,12,3284660,0.08606557548046112
98,13,187711,0.08235294371843338
98,14,2992357,0.08086784929037094
98,15,2888227,0.07909604161977768
98,16,42252,0.07857143133878708
98,17,220153,0.078125
98,18,31428,0.07734806835651398
98,19,2902978,0.07716049253940582
98,20,1488992,0.07407407462596893
98,21,1402076,0.07303370535373688
98,22,185983,0.07189542800188065
98,23,2992356,0.07158836722373962
98,24,811541,0.0714285746216774
98,25,38609,0.0699300691485405
98,26,982677,0.06914893537759781
98,27,6229996,0.06875000149011612
98,28,912164,0.06796116381883621
98,29,9351456,0.06769230961799622
98,30,2363,0.06726457178592682
98,31,1470370,0.06622516363859177
98,32,1065212,0.06614785641431808
98,33,4386472,0.06611569970846176
98,34,1568693,0.0659722238779068
98,35,1177386,0.06565656512975693
98,36,3241063,0.06565656512975693
98,37,510806,0.06530611962080002
98,38,1440388,0.06498195230960846
98,39,3238753,0.06412478536367416
98,40,426620,0.06382978707551956
98,41,23739,0.0632530152797699
98,42,3111329,0.0625
98,43,2080189,0.062240663915872574
98,44,23728,0.06185567006468773
98,45,3341834,0.06108597293496132
98,46,929501,0.06106870248913765
98,47,2076822,0.061032865196466446
98,48,1470371,0.06080000102519989
98,49,1573727,0.06060606241226196
98,50,6239469,0.0602605864405632
98,51,2914,0.06018518656492233
98,52,333021,0.05925925821065903
98,53,2147319,0.05925925821065903
98,54,912230,0.05899704992771149
98,55,1154583,0.05681818351149559
98,56,26733,0.056603774428367615
98,57,159342,0.056338027119636536
98,58,1581343,0.05624999850988388
98,59,6282264,0.05612244829535484
98,60,880460,0.0560000017285347
104,1,3311687,0.18367347121238708
104,2,6825396,0.14507772028446198
104,3,419162,0.14146341383457184
104,4,205630,0.1411764770746231
104,5,874452,0.1312217265367508
104,6,130037,0.13013698160648346
104,7,1461252,0.11299435049295425
104,8,1929511,0.10924369841814041
104,9,16406269,0.10650887340307236
104,10,3471915,0.10406091064214706
104,11,3471950,0.09917355328798294
104,12,1157007,0.07333333045244217
104,13,3374404,0.07293127477169037
104,14,46729,0.06766917556524277
104,15,1672379,0.06481481343507767
104,16,1266827,0.06355932354927063
104,17,514360,0.057851240038871765
104,18,1596277,0.05426356568932533
104,19,2099767,0.05303030461072922
104,20,1138824,0.0517241396009922
104,21,44854000,0.05098039284348488
104,22,816185,0.0476190485060215
104,23,366351,0.04615384712815285
104,24,9674864,0.04591836780309677
104,25,1223399,0.04568528011441231
104,26,2674629,0.04522613063454628
104,27,913065,0.04511278122663498
104,28,3343136,0.04385964944958687
104,29,1482438,0.043624162673950195
104,30,1984715,0.04237288236618042
104,31,5913092,0.04054053872823715
104,32,2328437,0.0401785708963871
104,33,1005422,0.0396825410425663
104,34,807825,0.03937007859349251
104,35,1811676,0.03773584961891174
104,36,1811677,0.03703703731298447
104,37,6888141,0.03703703731298447
104,38,56444941,0.03703703731298447
104,39,14479209,0.036496348679065704
104,40,2297277,0.036363635212183
104,41,802082,0.03614457696676254
104,42,747996,0.035874441266059875
104,43,40096204,0.035242289304733276
104,44,3433584,0.03514377027750015
104,45,52651,0.03496503457427025
104,46,1390051,0.034246575087308884
104,47,2925978,0.033707864582538605
104,48,1544169,0.03333333507180214
104,49,2095270,0.033149171620607376
104,50,1183462,0.03286384791135788
104,51,50329544,0.032786883413791656
104,52,1598345,0.03267974033951759
104,53,829341,0.03252032399177551
104,54,1382759,0.03252032399177551
104,55,21532961,0.03252032399177551
104,56,778026,0.03246753290295601
104,57,1062798,0.032407406717538834
104,58,1448591,0.032258063554763794
104,59,2647331,0.032258063554763794
104,60,5913140,0.03208556026220322
114,1,702835,0.1504424810409546
114,2,1056841,0.1355932205915451
114,3,14948,0.12365591526031494
114,4,804397,0.11397058516740799
114,5,1621037,0.1071428582072258
114,6,1952547,0.09677419066429138
114,7,376293,0.09574468433856964
114,8,1936731,0.09482758492231369
114,9,2741369,0.08588957041501999
114,10,1251662,0.08205128461122513
114,11,1526185,0.07954545319080353
114,12,276591,0.07916666567325592
114,13,1486259,0.07865168899297714
114,14,2208750,0.07692307978868484
114,15,2372397,0.07619047909975052
114,16,1272044,0.07500000298023224
114,17,1799308,0.0746268630027771
114,18,74826,0.07246376574039459
114,19,1437605,0.07096774131059647
114,20,1755568,0.07081545144319534
114,21,1864677,0.06934306770563126
114,22,517040,0.06849315017461777
114,23,2522906,0.06818182021379471
114,24,1755754,0.06787330657243729
114,25,816449,0.06766917556524277
114,26,2103139,0.06557376682758331
114,27,2054130,0.06504064798355103
114,28,2973873,0.06493506580591202
114,29,1866705,0.06395348906517029
114,30,1017593,0.06338027864694595
114,31,467637,0.0628930851817131
114,32,503099,0.0625
114,33,1220213,0.062068965286016464
114,34,87,0.06145251542329788
114,35,2529422,0.05934065952897072
114,36,3222827,0.05882352963089943
114,37,1671455,0.057553958147764206
114,38,587624,0.05737704783678055
114,39,755652,0.05737704783678055
114,40,2752234,0.05681818351149559
114,41,2247074,0.05665024742484093
114,42,4232388,0.05647840350866318
114,43,1987481,0.056338027119636536
114,44,1816464,0.056105609983205795
114,45,1269162,0.0559440553188324
114,46,892330,0.0555555559694767
114,47,1282681,0.0555555559694767
114,48,2046265,0.0555555559694767
114,49,2607049,0.05533596873283386
114,50,1480967,0.05511811003088951
114,51,1042464,0.05487804859876633
114,52,1504548,0.05426356568932533
114,53,2368840,0.05384615436196327
114,54,1189079,0.053811658173799515
114,55,9667210,0.05369127541780472
114,56,1822595,0.0533333346247673
114,57,946733,0.05303030461072922
114,58,1279777,0.05298013240098953
114,59,1360492,0.05263157933950424
114,60,2128291,0.052356019616127014
115,1,3215136,0.17732557654380798
115,2,2237401,0.16384726762771606
115,3,987048,0.15875285863876343
115,4,3020535,0.15779320895671844
115,5,30530,0.1548205465078354
115,6,86934,0.1505560278892517
115,7,2677305,0.146971195936203
115,8,142009,0.14582164585590363
115,9,30518,0.14536556601524353
115,10,4925227,0.14346544444561005
115,11,1426690,0.14145569503307343
115,12,267087,0.14121182262897491
115,13,1955922,0.14011627435684204
115,14,267076,0.1395881026983261
115,15,1086867,0.13956238329410553
115,16,948387,0.13824450969696045
115,17,2125304,0.1358300745487213
115,18,1158125,0.1316576898097992
115,19,1602074,0.13006654381752014
115,20,2379261,0.12833675742149353
115,21,2686896,0.12736237049102783
115,22,886002,0.12440191209316254
115,23,3252320,0.12324492633342743
115,24,1426723,0.12306153029203415
115,25,2884161,0.12244898080825806
115,26,3186437,0.1213906928896904
115,27,3464264,0.11999999731779099
115,28,41326609,0.11895517259836197
115,29,4121,0.11879432946443558
115,30,1200805,0.11768292635679245
115,31,1679789,0.11590470373630524
115,32,2904401,0.11498257517814636
115,33,2765786,0.11429595202207565
115,34,3337594,0.11145239323377609
115,35,3144982,0.10963647067546844
115,36,839692,0.1089918240904808
115,37,1384549,0.10856769233942032
115,38,1835605,0.10678005963563919
115,39,25169,0.10655737668275833
115,40,824446,0.1046057790517807
115,41,1225592,0.10433827340602875
115,42,2543234,0.10424336045980453
115,43,277308,0.10389610379934311
115,44,2931549,0.1030619889497757
115,45,265616,0.10297409445047379
115,46,1357456,0.10273021459579468
115,47,986234,0.10101009905338287
115,48,1383053,0.10089552402496338
115,49,4790821,0.10025062412023544
115,50,1015554,0.10021945834159851
115,51,3132746,0.09959349781274796
115,52,39755,0.09930423647165298
115,53,2485462,0.09926807135343552
115,54,833257,0.09856364876031876
115,55,1885548,0.09805627912282944
115,56,1479280,0.09678559005260468
115,57,933973,0.09665144234895706
115,58,1086647,0.0963687151670456
115,59,261903,0.09619376808404922
115,60,2666907,0.09591836482286453
141,1,22447,0.05494505539536476
141,2,3164459,0.04583333432674408
141,3,1281315,0.03773584961891174
141,4,4227,0.035971224308013916
141,5,1776239,0.03448275849223137
141,6,940715,0.03418803587555885
141,7,936892,0.032786883413791656
141,8,430173,0.03187251091003418
141,9,3419048,0.03162055462598801
141,10,2654126,0.030534351244568825
141,11,134121,0.03030303120613098
141,12,8914542,0.02985074557363987
141,13,13323806,0.02985074557363987
141,14,2611786,0.02950819581747055
141,15,390902,0.029411764815449715
141,16,724544,0.029411764815449715
141,17,84604,0.02888086624443531
141,18,18329805,0.028776979073882103
141,19,1154539,0.027522936463356018
141,20,1978408,0.027522936463356018
141,21,526117,0.027272727340459824
141,22,16157233,0.0260869562625885
141,23,1850916,0.02604166604578495
141,24,71698,0.025477707386016846
141,25,515240,0.025423727929592133
141,26,118014,0.02500000037252903
141,27,746005,0.02500000037252903
141,28,1824603,0.02500000037252903
141,29,3127888,0.02500000037252903
141,30,159038,0.024793388321995735
141,31,14738632,0.02459016442298889
141,32,2204022,0.02450980432331562
141,33,107052,0.024390242993831635
141,34,1019008,0.024390242993831635
141,35,21585027,0.02427184395492077
141,36,4219,0.024263432249426842
141,37,2637573,0.024193547666072845
141,38,24034602,0.024000000208616257
141,39,54085724,0.024000000208616257
141,40,97622,0.02380952425301075
141,41,6705842,0.02380952425301075
141,42,21858427,0.0234375
141,43,808219,0.023255813866853714
141,44,16440712,0.023121386766433716
141,45,2297476,0.023076923564076424
141,46,3037523,0.023076923564076424
141,47,1567538,0.022624434903264046
141,48,40015553,0.02255639061331749
141,49,878478,0.02238805964589119
141,50,3123857,0.02238805964589119
141,51,6785716,0.02238805964589119
141,52,14637456,0.02238805964589119
141,53,1763052,0.022304832935333252
141,54,18116002,0.022058824077248573
141,55,39005,0.021739130839705467
141,56,587647,0.021739130839705467
141,57,1210026,0.02150537632405758
141,58,15653,0.021276595070958138
141,59,318156,0.02097902074456215
141,60,2210934,0.02090592309832573
335,1,950781,0.16363635659217834
335,2,1020595,0.109375
335,3,14675,0.08988764137029648
335,4,368906,0.08620689809322357
335,5,59093,0.08474576473236084
335,6,2199385,0.0845070406794548
335,7,18713717,0.08064515888690948
335,8,2304710,0.07999999821186066
335,9,2441915,0.0793650820851326
335,10,3460278,0.0782608687877655
335,11,2493679,0.07777778059244156
335,12,9850206,0.07777778059244156
335,13,1824470,0.07692307978868484
335,14,1135062,0.07500000298023224
335,15,15167306,0.07352941483259201
335,16,1414912,0.072727270424366
335,17,1046167,0.07246376574039459
335,18,30834204,0.07216494530439377
335,19,950187,0.0714285746216774
335,20,2270654,0.07070706784725189
335,21,6510464,0.06976744532585144
335,22,806344,0.06849315017461777
335,23,19098054,0.06796116381883621
335,24,1391244,0.06779661029577255
335,25,88991,0.06666667014360428
335,26,3082366,0.06666667014360428
335,27,16672030,0.06666667014360428
335,28,1267189,0.06578947603702545
335,29,2060095,0.06578947603702545
335,30,2555382,0.06578947603702545
335,31,2877263,0.06578947603702545
335,32,987554,0.0656934306025505
335,33,7949,0.06557376682758331
335,34,737273,0.06557376682758331
335,35,19070801,0.06557376682758331
335,36,2134852,0.06542056053876877
335,37,3266950,0.06504064798355103
335,38,598119,0.06451612710952759
335,39,753048,0.06451612710952759
335,40,7870740,0.06451612710952759
335,41,9250,0.06428571790456772
335,42,565440,0.06382978707551956
335,43,2639658,0.06306306272745132
335,44,9540419,0.0625
335,45,918312,0.06201550364494324
335,46,14069,0.06194690242409706
335,47,67358,0.0615384615957737
335,48,623973,0.0615384615957737
335,49,2781088,0.06060606241226196
335,50,6523041,0.06060606241226196
335,51,21753684,0.06060606241226196
335,52,6566515,0.0602409653365612
335,53,2513655,0.060150377452373505
335,54,588,0.05882352963089943
335,55,1997165,0.05882352963089943
335,56,1410491,0.058139536529779434
335,57,481488,0.056603774428367615
335,58,6252965,0.0560000017285347
335,59,821072,0.0555555559694767
335,60,933082,0.0555555559694767
362,1,1484682,0.223300963640213
362,2,41702,0.20000000298023224
362,3,477,0.18478260934352875
362,4,1176253,0.15000000596046448
362,5,256296,0.1428571492433548
362,6,837550,0.11224489659070969
362,7,376778,0.10833333432674408
362,8,1144595,0.09859155118465424
362,9,863021,0.09756097197532654
362,10,1403524,0.0824742242693901
362,11,107699,0.07920791953802109
362,12,533912,0.07692307978868484
362,13,1854248,0.07407407462596893
362,14,1182383,0.0731707289814949
362,15,5793,0.06751054525375366
362,16,1282703,0.06730769574642181
362,17,2099767,0.06542056053876877
362,18,2459029,0.06493506580591202
362,19,833895,0.0625
362,20,52079,0.062068965286016464
362,21,3172190,0.06122449040412903
362,22,52651,0.06034482643008232
362,23,1245022,0.0595238097012043
362,24,5803,0.059405941516160965
362,25,184454,0.059405941516160965
362,26,300159,0.05882352963089943
362,27,52508900,0.058139536529779434
362,28,1922629,0.05747126415371895
362,29,1363993,0.05737704783678055
362,30,1283272,0.05681818351149559
362,31,40096204,0.055276382714509964
362,32,1853986,0.05319149047136307
362,33,610213,0.05263157933950424
362,34,1390051,0.05000000074505806
362,35,89281,0.04938271641731262
362,36,489908,0.04918032884597778
362,37,1248065,0.0486111119389534
362,38,43004540,0.04838709533214569
362,39,46098315,0.04838709533214569
362,40,1708523,0.048076923936605453
362,41,1976329,0.04716981202363968
362,42,1624111,0.0470588244497776
362,43,2593173,0.0470588244497776
362,44,116061,0.04651162773370743
362,45,114009,0.04615384712815285
362,46,1786290,0.04583333432674408
362,47,655490,0.04545454680919647
362,48,1427999,0.04494382068514824
362,49,2272743,0.04494382068514824
362,50,782039,0.04395604506134987
362,51,25332859,0.04395604506134987
362,52,765288,0.04385964944958687
362,53,2302954,0.043478261679410934
362,54,1250451,0.042553190141916275
362,55,2302985,0.0422535203397274
362,56,1544169,0.04210526496171951
362,57,874452,0.0416666679084301
362,58,2080630,0.04098360612988472
362,59,2731326,0.040462426841259
362,60,2674629,0.039772726595401764
375,1,1154594,0.07608695328235626
375,2,80279,0.057692307978868484
375,3,649700,0.05263157933950424
375,4,41098118,0.05000000074505806
375,5,3268255,0.0476190485060215
375,6,23901301,0.0476190485060215
375,7,758076,0.04545454680919647
375,8,1374275,0.04494382068514824
375,9,16644915,0.043478261679410934
375,10,159342,0.0416666679084301
375,11,6560290,0.0416666679084301
375,12,2412816,0.04054053872823715
375,13,2951429,0.03809523954987526
375,14,3341228,0.03750000149011612
375,15,1405064,0.03658536449074745
375,16,562732,0.03614457696676254
375,17,3226250,0.033707864582538605
375,18,876732,0.03252032399177551
375,19,4227,0.03191489353775978
375,20,2134852,0.03030303120613098
375,21,3241063,0.03030303120613098
375,22,23901637,0.029411764815449715
375,23,578160,0.028301887214183807
375,24,29415,0.02777777798473835
375,25,510806,0.027624309062957764
375,26,5464024,0.027027027681469917
375,27,17861299,0.027027027681469917
375,28,79752,0.02684563770890236
375,29,289250,0.0260869562625885
375,30,79699,0.025641025975346565
375,31,1429862,0.025423727929592133
375,32,79755,0.02521008439362049
375,33,1185887,0.02500000037252903
375,34,918312,0.02459016442298889
375,35,426620,0.023391813039779663
375,36,1007843,0.023391813039779663
375,37,69587,0.023076923564076424
375,38,2057013,0.022058824077248573
375,39,1119196,0.02150537632405758
375,40,6731824,0.02097902074456215
375,41,1065212,0.020512821152806282
375,42,892616,0.019455252215266228
375,43,1028908,0.019417475908994675
375,44,1149644,0.019108280539512634
375,45,2771048,0.018656715750694275
375,46,1016559,0.018633540719747543
375,47,6132856,0.01834862306714058
375,48,42652219,0.01826483942568302
375,49,4240781,0.01807228848338127
375,50,1568693,0.017543859779834747
375,51,23728,0.017391303554177284
375,52,908343,0.017341040074825287
375,53,2069530,0.017094017937779427
375,54,5769396,0.017094017937779427
375,55,2080189,0.016853932291269302
375,56,21943144,0.016786571592092514
375,57,3498000,0.01621621660888195
375,58,13750414,0.01587301678955555
375,59,43166999,0.015789473429322243
375,60,3246409,0.01565217413008213
387,1,912908,0.08571428805589676
387,2,1087464,0.046666666865348816
387,3,76692,0.042016807943582535
387,4,21583841,0.0416666679084301
387,5,35147,0.03875968977808952
387,6,812086,0.03669724613428116
387,7,1020156,0.036474164575338364
387,8,1087344,0.03614457696676254
387,9,26119,0.0357142873108387
387,10,7413929,0.03550295904278755
387,11,2970640,0.03515625
387,12,29303,0.035087719559669495
387,13,102974,0.035087719559669495
387,14,2961919,0.03492063656449318
387,15,2758149,0.03478260710835457
387,16,1468535,0.034246575087308884
387,17,1885647,0.03418803587555885
387,18,1899199,0.03381642326712608
387,19,35224,0.03305784985423088
387,20,1297604,0.03212851285934448
387,21,25332940,0.0313725508749485
387,22,896209,0.03125
387,23,762606,0.03100775182247162
387,24,1161341,0.030534351244568825
387,25,1254615,0.03030303120613098
387,26,7051651,0.030075188726186752
387,27,3025639,0.030042918398976326
387,28,1199320,0.029885057359933853
387,29,2244439,0.029629629105329514
387,30,2712410,0.02958579920232296
387,31,7421862,0.02958579920232296
387,32,814440,0.029411764815449715
387,33,19086651,0.029197080060839653
387,34,1212277,0.028985507786273956
387,35,7928,0.028846153989434242
387,36,591520,0.028776979073882103
387,37,2874777,0.028776979073882103
387,38,16402639,0.028622539713978767
387,39,565654,0.028037382289767265
387,40,86172,0.0279720276594162
387,41,2851520,0.027906976640224457
387,42,41052,0.02787456475198269
387,43,1089214,0.02777777798473835
387,44,1206943,0.02777777798473835
387,45,6665719,0.02777777798473835
387,46,12908035,0.02777777798473835
387,47,79122,0.027624309062957764
387,48,746122,0.027522936463356018
387,49,891776,0.027522936463356018
387,50,18337862,0.027522936463356018
387,51,627791,0.027272727340459824
387,52,646283,0.027272727340459824
387,53,6219520,0.027272727340459824
387,54,502278,0.027210883796215057
387,55,915031,0.027173912152647972
387,56,2029104,0.027173912152647972
387,57,1843714,0.027027027681469917
387,58,2370171,0.027027027681469917
387,59,3252850,0.027027027681469917
387,60,3366043,0.027027027681469917
414,1,10979031,0.3142857253551483
414,2,324287,0.2702702581882477
414,3,42251534,0.11627907305955887
414,4,946962,0.11320754885673523
414,5,18479885,0.10638298094272614
414,6,111028,0.09090909361839294
414,7,49143186,0.08888889104127884
414,8,1883062,0.08510638028383255
414,9,1379828,0.078125
414,10,113016,0.07692307978868484
414,11,798257,0.07692307978868484
414,12,3031176,0.06849315017461777
414,13,21773006,0.06818182021379471
414,14,346060,0.06382978707551956
414,15,1497942,0.06122449040412903
414,16,3816493,0.05882352963089943
414,17,2220739,0.056603774428367615
414,18,66906,0.056338027119636536
414,19,162443,0.0555555559694767
414,20,1533977,0.0555555559694767
414,21,3103117,0.05494505539536476
414,22,135636,0.05454545468091965
414,23,429440,0.05454545468091965
414,24,6857871,0.05263157933950424
414,25,1041217,0.0517241396009922
414,26,317891,0.050847455859184265
414,27,1245179,0.050632912665605545
414,28,1378789,0.050632912665605545
414,29,96210,0.05000000074505806
414,30,1352933,0.04477611929178238
414,31,2075023,0.04477611929178238
414,32,1064574,0.044247787445783615
414,33,114009,0.04301075264811516
414,34,73074,0.0422535203397274
414,35,371226,0.04109589010477066
414,36,867251,0.03999999910593033
414,37,6569036,0.03999999910593033
414,38,283960,0.03896103799343109
414,39,16691192,0.03883495181798935
414,40,190111,0.03846153989434242
414,41,1132275,0.03846153989434242
414,42,102584,0.037974681705236435
414,43,35975,0.03750000149011612
414,44,872757,0.03703703731298447
414,45,1792697,0.03658536449074745
414,46,1650693,0.03614457696676254
414,47,771351,0.03488372266292572
414,48,43821235,0.03488372266292572
414,49,43004540,0.034090910106897354
414,50,12476227,0.032608695328235626
414,51,2653871,0.032258063554763794
414,52,56571,0.03191489353775978
414,53,66379,0.031578946858644485
414,54,59587,0.030612245202064514
414,55,24349001,0.030612245202064514
414,56,45629367,0.029702970758080482
414,57,2566499,0.029629629105329514
414,58,865256,0.029411764815449715
414,59,2707897,0.029411764815449715
414,60,1140359,0.028301887214183807
416,1,30117479,0.1428571492433548
416,2,655490,0.0833333358168602
416,3,1319779,0.08163265138864517
416,4,5803,0.07999999821186066
416,5,52673,0.06122449040412903
416,6,52651,0.06060606241226196
416,7,2080630,0.05714285746216774
416,8,2099767,0.0517241396009922
416,9,2115431,0.04878048598766327
416,10,1066730,0.04651162773370743
416,11,6888141,0.04651162773370743
416,12,6325280,0.0416666679084301
416,13,778026,0.03846153989434242
416,14,791346,0.032967034727334976
416,15,40096204,0.032894738018512726
416,16,5793,0.030927835032343864
416,17,12776,0.030927835032343864
416,18,52079,0.030612245202064514
416,19,1794732,0.028985507786273956
416,20,947074,0.028037382289767265
416,21,366351,0.027450980618596077
416,22,922581,0.027210883796215057
416,23,1786290,0.02590673603117466
416,24,2707897,0.025477707386016846
416,25,1007116,0.024038461968302727
416,26,2199572,0.02380952425301075
416,27,195447,0.02158273383975029
416,28,1663237,0.02158273383975029
416,29,1457765,0.020134227350354195
416,30,2503920,0.01796407252550125
416,31,17778410,0.016759777441620827
416,32,2103337,0.014150943607091904
416,33,517524,0.013452914543449879
416,34,68476,0.01123595517128706
416,35,41350,0.010273972526192665
416,36,3333881,0.010135134682059288
416,37,59137,0.009861933067440987
416,38,234915,0.009677419438958168
416,39,1319935,0.008875739760696888
416,40,2965832,0.008805031888186932
416,41,13855759,0.008595988154411316
416,42,2058116,0.006849315017461777
416,43,4636013,0.006561679765582085
416,44,57612,0.006036217324435711
416,45,3374404,0.005856515374034643
416,46,3138328,0.005703422240912914
416,47,876183,0.005376344081014395
416,48,3285349,0.005351170431822538
416,49,3393910,0.005194805096834898
416,50,2531376,0.004987531341612339
416,51,3213039,0.00495662959292531
416,52,2877220,0.004912280477583408
416,53,4489585,0.004850444849580526
416,54,15657664,0.004754357971251011
416,55,2138852,0.004702194128185511
416,56,909457,0.0044742729514837265
416,57,208362,0.004160887561738491
416,58,2956680,0.004118616227060556
416,59,3295655,0.0040666935965418816
416,60,4432325,0.0039880359545350075
423,1,50700,0.25951558351516724
423,2,924711,0.21985815465450287
423,3,1383900,0.21192052960395813
423,4,2534973,0.2083333283662796
423,5,1882772,0.20496894419193268
423,6,18279845,0.20283019542694092
423,7,209414,0.18216080963611603
423,8,1048525,0.18070651590824127
423,9,18279847,0.17587940394878387
423,10,1668837,0.1717352420091629
423,11,18130445,0.17029449343681335
423,12,13730452,0.1702127605676651
423,13,2190500,0.170111283659935
423,14,250975,0.16997167468070984
423,15,1882596,0.16834531724452972
423,16,909457,0.1650983691215515
423,17,1253374,0.15834768116474152
423,18,493634,0.15814393758773804
423,19,40712,0.15677320957183838
423,20,24064628,0.1556473821401596
423,21,1783981,0.15411195158958435
423,22,64823,0.1519903540611267
423,23,1703483,0.15079365670681
423,24,2095852,0.14906832575798035
423,25,1796026,0.1485477238893509
423,26,908211,0.14297589659690857
423,27,2327777,0.14259597659111023
423,28,208362,0.1412103772163391
423,29,14366,0.1354166716337204
423,30,987015,0.1352739781141281
423,31,1398442,0.13445378839969635
423,32,17606541,0.13381294906139374
423,33,6791425,0.1311018168926239
423,34,1494157,0.13029316067695618
423,35,219037,0.13013698160648346
423,36,817527,0.12647753953933716
423,37,830939,0.12625537812709808
423,38,1270006,0.125
423,39,3634639,0.12460920214653015
423,40,1166797,0.12411847710609436
423,41,965345,0.12234910577535629
423,42,18979356,0.11891385912895203
423,43,94590,0.11836734414100647
423,44,1150594,0.11785297840833664
423,45,2398287,0.11781889200210571
423,46,25696480,0.1166180744767189
423,47,18280032,0.11573237180709839
423,48,62929,0.11325966566801071
423,49,2181158,0.11244377493858337
423,50,47562,0.11130435019731522
423,51,17606564,0.1112828403711319
423,52,1247570,0.11050724983215332
423,53,108122,0.11030741780996323
423,54,69059,0.10912343114614487
423,55,251634,0.10902255773544312
423,56,3171254,0.10889292508363724
423,57,929009,0.10833333432674408
423,58,4636013,0.10801079869270325
423,59,140376,0.10795454680919647
423,60,997271,0.10505836457014084
434,1,2589940,0.13750000298023224
434,2,972626,0.11785714328289032
434,3,1222673,0.10094637423753738
434,4,1234249,0.0882352963089943
434,5,1122011,0.08759123831987381
434,6,35975,0.0875420868396759
434,7,48262,0.07664233446121216
434,8,1263111,0.0765027329325676
434,9,998106,0.0758807584643364
434,10,980184,0.07547169923782349
434,11,808562,0.0714285746216774
434,12,1077715,0.06902357190847397
434,13,1121999,0.06761565804481506
434,14,925503,0.06632652878761292
434,15,1427801,0.064371258020401
434,16,475721,0.06270626932382584
434,17,22786,0.06266318261623383
434,18,449477,0.06188118830323219
434,19,32671,0.06181015446782112
434,20,1939840,0.06172839552164078
434,21,7732,0.05944798141717911
434,22,1945267,0.05882352963089943
434,23,1146200,0.058467742055654526
434,24,1234227,0.05844980850815773
434,25,1234238,0.05820105969905853
434,26,1336952,0.05804749205708504
434,27,457882,0.056338027119636536
434,28,2996445,0.05619596689939499
434,29,2266643,0.055910542607307434
434,30,445057,0.05521472543478012
434,31,1298177,0.05454545468091965
434,32,2589896,0.054187193512916565
434,33,2270060,0.053589485585689545
434,34,1080201,0.05319149047136307
434,35,2494651,0.052805282175540924
434,36,300461,0.052749719470739365
434,37,1940709,0.0523289255797863
434,38,3279468,0.05203619971871376
434,39,2113743,0.05170387774705887
434,40,284389,0.051428571343421936
434,41,266624,0.05090311914682388
434,42,838965,0.0505952388048172
434,43,1616,0.05047318711876869
434,44,1907621,0.050193049013614655
434,45,1805500,0.05000000074505806
434,46,219058,0.04884318634867668
434,47,802269,0.04883721098303795
434,48,2193257,0.048632219433784485
434,49,2318370,0.04854368790984154
434,50,2504855,0.048192769289016724
434,51,1473598,0.048128340393304825
434,52,3187942,0.048076923936605453
434,53,551195,0.047961629927158356
434,54,14591855,0.04790419340133667
434,55,883024,0.04777594655752182
434,56,1817520,0.0476190485060215
434,57,90322,0.04739336669445038
434,58,1359182,0.04738154634833336
434,59,1150571,0.047219306230545044
434,60,2449470,0.04696132615208626
466,1,3211551,0.0729166641831398
466,2,2375439,0.0546875
466,3,151813,0.05092592537403107
466,4,2837169,0.04845815151929855
466,5,23686035,0.04739336669445038
466,6,56571,0.04545454680919647
466,7,1658562,0.04460431635379791
466,8,52218770,0.044568244367837906
466,9,1586113,0.04433497413992882
466,10,52218734,0.0441988967359066
466,11,2567355,0.042904291301965714
466,12,44963177,0.042635660618543625
466,13,52885176,0.04244031757116318
466,14,26477611,0.042222220450639725
466,15,39843450,0.04088050499558449
466,16,2517537,0.04048582911491394
466,17,2820826,0.040145985782146454
466,18,3000096,0.03999999910593033
466,19,1584086,0.03957783803343773
466,20,19143940,0.03921568766236305
466,21,907762,0.03883495181798935
466,22,3262727,0.03854389861226082
466,23,3138069,0.037617553025484085
466,24,317973,0.03746397793292999
466,25,781193,0.037351444363594055
466,26,27411330,0.03715670481324196
466,27,6298472,0.03703703731298447
466,28,1168344,0.03687315806746483
466,29,984147,0.03685092180967331
466,30,905641,0.03667481616139412
466,31,467,0.03658536449074745
466,32,44775,0.036496348679065704
466,33,2371237,0.036496348679065704
466,34,42643515,0.0364464707672596
466,35,1165972,0.03638814017176628
466,36,888312,0.036269430071115494
466,37,1584087,0.036036036908626556
466,38,25854,0.0359281450510025
466,39,551787,0.035874441266059875
466,40,2648,0.0357142873108387
466,41,1209957,0.035668790340423584
466,42,42587497,0.0356164388358593
466,43,2834844,0.035543765872716904
466,44,3251160,0.03549060598015785
466,45,7269944,0.03539822995662689
466,46,797,0.035087719559669495
466,47,2649,0.035087719559669495
466,48,17378014,0.03504043072462082
466,49,838097,0.034990791231393814
466,50,2510310,0.034934498369693756
466,51,1584085,0.03481012582778931
466,52,1168377,0.034090910106897354
466,53,7898021,0.03405572846531868
466,54,392838,0.03360488638281822
466,55,17752173,0.03343465179204941
466,56,1168322,0.03333333507180214
466,57,838691,0.033210333436727524
466,58,3078120,0.03305784985423088
466,59,1009849,0.03303303197026253
466,60,46694,0.033018868416547775
467,1,2126646,0.16260161995887756
467,2,1897835,0.14666666090488434
467,3,130598,0.13684210181236267
467,4,2137300,0.0833333358168602
467,5,1913961,0.07999999821186066
467,6,42007178,0.07207207381725311
467,7,745601,0.07070706784725189
467,8,1511258,0.07070706784725189
467,9,3062141,0.07017543911933899
467,10,1000099,0.06578947603702545
467,11,2457896,0.06481481343507767
467,12,244691,0.06382978707551956
467,13,1946935,0.062068965286016464
467,14,1156090,0.061403509229421616
467,15,1345212,0.06122449040412903
467,16,2307067,0.06086956337094307
467,17,278178,0.06060606241226196
467,18,18972083,0.0602409653365612
467,19,23684401,0.05970149114727974
467,20,622687,0.05925925821065903
467,21,461235,0.05882352963089943
467,22,46432,0.05820105969905853
467,23,3369598,0.057692307978868484
467,24,781082,0.0555555559694767
467,25,21905772,0.054794520139694214
467,26,1874247,0.05454545468091965
467,27,734246,0.054347824305295944
467,28,1616484,0.053921569138765335
467,29,1795311,0.053811658173799515
467,30,3274683,0.05288461595773697
467,31,8752,0.052173912525177
467,32,6302847,0.05154639109969139
467,33,717119,0.05140186846256256
467,34,525707,0.05113636329770088
467,35,75564,0.051020409911870956
467,36,3124595,0.050724636763334274
467,37,10535173,0.05058365687727928
467,38,370310,0.05050504952669144
467,39,1451285,0.05000000074505806
467,40,461400,0.04938271641731262
467,41,1265588,0.04848484694957733
467,42,1316804,0.048076923936605453
467,43,42673982,0.0476190485060215
467,44,13183177,0.04736842215061188
467,45,3055922,0.04724409431219101
467,46,6176460,0.0470588244497776
467,47,6172458,0.04615384712815285
467,48,314563,0.0458715595304966
467,49,1661962,0.04545454680919647
467,50,2847087,0.04545454680919647
467,51,1216981,0.045045044273138046
467,52,685838,0.04477611929178238
467,53,21904715,0.0446428582072258
467,54,1156030,0.04444444552063942
467,55,1070598,0.044247787445783615
467,56,2469460,0.044247787445783615
467,57,2936587,0.04406779631972313
467,58,3030488,0.04395604506134987
467,59,2761760,0.04385964944958687
467,60,628265,0.043478261679410934
477,1,41702,0.21250000596046448
477,2,362,0.18478260934352875
477,3,1484682,0.1411764770746231
477,4,256296,0.1355932205915451
477,5,837550,0.1111111119389534
477,6,1245022,0.09090909361839294
477,7,863021,0.0892857164144516
477,8,1176253,0.08620689809322357
477,9,1144595,0.08547008782625198
477,10,376778,0.0833333358168602
477,11,107699,0.0810810774564743
477,12,3479456,0.07999999821186066
477,13,300159,0.07017543911933899
477,14,1134200,0.06666667014360428
477,15,6548259,0.06666667014360428
477,16,24875209,0.06410256773233414
477,17,1363993,0.06382978707551956
477,18,1134198,0.06060606241226196
477,19,2459029,0.05999999865889549
477,20,52651,0.056179776787757874
477,21,659820,0.0555555559694767
477,22,1086130,0.054794520139694214
477,23,957471,0.05454545468091965
477,24,1854248,0.05454545468091965
477,25,1086132,0.05319149047136307
477,26,46098315,0.0520833320915699
477,27,5793,0.051643192768096924
477,28,1282703,0.05128205195069313
477,29,1355045,0.04854368790984154
477,30,12747596,0.04838709533214569
477,31,750350,0.04545454680919647
477,32,53652027,0.04545454680919647
477,33,1853986,0.04477611929178238
477,34,98656,0.04444444552063942
477,35,533912,0.04301075264811516
477,36,1483318,0.04301075264811516
477,37,833895,0.04285714402794838
477,38,31817,0.0422535203397274
477,39,52079,0.0416666679084301
477,40,3172190,0.0416666679084301
477,41,1403524,0.04109589010477066
477,42,3459343,0.04109589010477066
477,43,5803,0.03999999910593033
477,44,184454,0.03999999910593033
477,45,816185,0.03999999910593033
477,46,45543438,0.037974681705236435
477,47,2115431,0.03773584961891174
477,48,1794732,0.03750000149011612
477,49,1646639,0.03658536449074745
477,50,2099767,0.03658536449074745
477,51,953721,0.0357142873108387
477,52,270472,0.03448275849223137
477,53,17557645,0.03448275849223137
477,54,1341235,0.033707864582538605
477,55,2707897,0.03351955488324165
477,56,1584650,0.032608695328235626
477,57,2301058,0.03200000151991844
477,58,489908,0.03125
477,59,2274167,0.030927835032343864
477,60,3300188,0.03030303120613098
505,1,164040,0.3606557250022888
505,2,164037,0.22689075767993927
505,3,1047576,0.19148936867713928
505,4,1407092,0.12977099418640137
505,5,1047568,0.12878787517547607
505,6,78277,0.12837837636470795
505,7,1045176,0.12820513546466827
505,8,4398231,0.12182740867137909
505,9,1047579,0.12167300283908844
505,10,1178402,0.12039311975240707
505,11,1047578,0.11940298229455948
505,12,2321287,0.11822660267353058
505,13,49879,0.1164383590221405
505,14,8624218,0.11520737409591675
505,15,3178,0.11382114142179489
505,16,335966,0.113772451877594
505,17,1121945,0.11249999701976776
505,18,2854698,0.11046511679887772
505,19,2210482,0.10884353518486023
505,20,5969561,0.10625000298023224
505,21,2321285,0.1061728373169899
505,22,2321320,0.10389610379934311
505,23,2321243,0.10367892682552338
505,24,2321293,0.10362694412469864
505,25,2321275,0.10322580486536026
505,26,2321296,0.10280373692512512
505,27,2984336,0.10232558101415634
505,28,2321294,0.10191082954406738
505,29,21398040,0.0988142266869545
505,30,1103585,0.09868421405553818
505,31,6594671,0.09795918315649033
505,32,1323557,0.09655172377824783
505,33,2179265,0.09565217047929764
505,34,6546257,0.09558823704719543
505,35,2595,0.095238097012043
505,36,135922,0.09333333373069763
505,37,8455012,0.09160305559635162
505,38,137723,0.09090909361839294
505,39,869986,0.08982036262750626
505,40,34288,0.0892857164144516
505,41,1097436,0.08917197585105896
505,42,1003952,0.08888889104127884
505,43,24334190,0.08878504484891891
505,44,1003821,0.08695652335882187
505,45,3007213,0.08677686005830765
505,46,3464,0.08433734625577927
505,47,847545,0.08415841311216354
505,48,1004371,0.08387096971273422
505,49,2878966,0.0827067643404007
505,50,13380425,0.08256880939006805
505,51,18132937,0.08208955079317093
505,52,1069505,0.08099688589572906
505,53,7122639,0.08045977354049683
505,54,16082,0.07981220632791519
505,55,1121913,0.07971014827489853
505,56,2081992,0.0791366919875145
505,57,6749837,0.07901907712221146
505,58,2628,0.07851240038871765
505,59,16083,0.07792207598686218
505,60,15789500,0.0771208256483078
551,1,41350,0.2286585420370102
551,2,13319085,0.19886364042758942
551,3,2252902,0.10000000149011612
551,4,3255858,0.10000000149011612
551,5,4284,0.09876543283462524
551,6,2190500,0.09826589375734329
551,7,2361910,0.09392265230417252
551,8,925052,0.09313725680112839
551,9,49669,0.09090909361839294
551,10,64823,0.08909090608358383
551,11,4273,0.08888889104127884
551,12,26652722,0.08860759437084198
551,13,1031965,0.08552631735801697
551,14,1253374,0.07823128998279572
551,15,40712,0.07733333110809326
551,16,1882772,0.07719298452138901
551,17,1984753,0.07563025504350662
551,18,14085268,0.07407407462596893
551,19,532290,0.07324840873479843
551,20,1253407,0.07241379469633102
551,21,924711,0.07234042882919312
551,22,75443,0.0714285746216774
551,23,140376,0.07070706784725189
551,24,3046979,0.07058823853731155
551,25,82472,0.07009346038103104
551,26,1703483,0.06980519741773605
551,27,3634575,0.06962025165557861
551,28,747250,0.06926406919956207
551,29,1796026,0.06749740242958069
551,30,734510,0.06730769574642181
551,31,1415529,0.06722689419984818
551,32,3171254,0.06694560497999191
551,33,94590,0.06666667014360428
551,34,900675,0.06666667014360428
551,35,1407851,0.06643356382846832
551,36,1842237,0.0656934306025505
551,37,1725527,0.06497175246477127
551,38,39947767,0.06485355645418167
551,39,26063,0.06470588594675064
551,40,1048525,0.06431535631418228
551,41,47562,0.06390977650880814
551,42,1649583,0.0634920671582222
551,43,348798,0.06280193477869034
551,44,1270006,0.0625
551,45,2887127,0.06220095604658127
551,46,35062,0.06214689090847969
551,47,1913289,0.06185567006468773
551,48,2611291,0.06172839552164078
551,49,2184253,0.06145251542329788
551,50,1011388,0.06122449040412903
551,51,136770,0.06081081181764603
551,52,2235106,0.06077348068356514
551,53,905286,0.06071428582072258
551,54,1668837,0.060283686965703964
551,55,3634588,0.05978260934352875
551,56,816647,0.05970149114727974
551,57,423,0.05964912101626396
551,58,219037,0.05923344939947128
551,59,188517,0.05911330133676529
551,60,858297,0.05907173082232475
555,1,2341135,0.6504064798355103
555,2,339591,0.5663716793060303
555,3,3419,0.5379310250282288
555,4,1104950,0.5357142686843872
555,5,6191271,0.5181818008422852
555,6,3310352,0.5095541477203369
555,7,1006388,0.4962962865829468
555,8,1760364,0.4699999988079071
555,9,1592020,0.4375
555,10,1756415,0.42574256658554077
555,11,2201617,0.4038461446762085
555,12,1874236,0.3861386179924011
555,13,2886933,0.37674418091773987
555,14,2000164,0.3732718825340271
555,15,1892324,0.3695652186870575
555,16,2971170,0.34375
555,17,2341123,0.3265306055545807
555,18,1592086,0.3046875
555,19,1171182,0.290076345205307
555,20,1779679,0.2857142984867096
555,21,1003743,0.27272728085517883
555,22,809179,0.26829269528388977
555,23,1173956,0.2631579041481018
555,24,1107945,0.2521008551120758
555,25,2393369,0.24137930572032928
555,26,2393370,0.23853211104869843
555,27,6614581,0.2252747267484665
555,28,2522719,0.2165605127811432
555,29,6191272,0.21374045312404633
555,30,1992017,0.21008403599262238
555,31,2629708,0.20792078971862793
555,32,2970290,0.20353981852531433
555,33,678069,0.1984127014875412
555,34,92974,0.19801980257034302
555,35,939296,0.1818181872367859
555,36,966018,0.18018017709255219
555,37,3431,0.17796610295772552
555,38,939307,0.17592592537403107
555,39,6191274,0.17272727191448212
555,40,14085268,0.17159762978553772
555,41,2467422,0.16966067254543304
555,42,223744,0.1666666716337204
555,43,2393357,0.1666666716337204
555,44,10617225,0.1666666716337204
555,45,60230,0.16379310190677643
555,46,966031,0.1603773534297943
555,47,2434085,0.15748031437397003
555,48,92976,0.1568627506494522
555,49,2615,0.15625
555,50,3440,0.15000000596046448
555,51,2603,0.14705882966518402
555,52,18132465,0.1458333283662796
555,53,451565,0.1428571492433548
555,54,3442,0.14150942862033844
555,55,2772968,0.14035087823867798
555,56,834049,0.139860138297081
555,57,138115,0.1388888955116272
555,58,170911,0.1388888955116272
555,59,834060,0.1388888955116272
555,60,1031768,0.1366906464099884
574,1,2207382,0.23595505952835083
574,2,6498897,0.1492537260055542
574,3,1221616,0.14534883201122284
574,4,867251,0.13934426009655
574,5,1140359,0.13333334028720856
574,6,3271542,0.12745098769664764
574,7,2080870,0.11999999731779099
574,8,19176616,0.1090909093618393
574,9,2968156,0.10588235408067703
574,10,6160130,0.10303030163049698
574,11,19082141,0.095238097012043
574,12,866393,0.08133970946073532
574,13,327422,0.07859078794717789
574,14,1477756,0.07739938050508499
574,15,2503920,0.07456140220165253
574,16,6262015,0.072727270424366
574,17,3034637,0.07207207381725311
574,18,941585,0.06849315017461777
574,19,3279686,0.06818182021379471
574,20,2115530,0.06748466193675995
574,21,3016553,0.06722689419984818
574,22,7144014,0.06666667014360428
574,23,3294830,0.06578947603702545
574,24,1033961,0.06532663106918335
574,25,2999000,0.06338027864694595
574,26,1971520,0.062068965286016464
574,27,1971553,0.06185567006468773
574,28,21955423,0.060150377452373505
574,29,24237023,0.059574469923973083
574,30,8996782,0.05932203307747841
574,31,2226163,0.05917159840464592
574,32,436251,0.05882352963089943
574,33,1807785,0.05882352963089943
574,34,2903020,0.05882352963089943
574,35,941200,0.05860805884003639
574,36,802269,0.05836575850844383
574,37,42857,0.0579964853823185
574,38,598119,0.05747126415371895
574,39,7405757,0.057251907885074615
574,40,864749,0.056910570710897446
574,41,2456942,0.05645161122083664
574,42,835372,0.05624999850988388
574,43,2088454,0.05624999850988388
574,44,3248701,0.0560000017285347
574,45,672041,0.0555555559694767
574,46,21526172,0.05487804859876633
574,47,19256026,0.05460750684142113
574,48,6518120,0.054054055362939835
574,49,1263111,0.053921569138765335
574,50,68058,0.053892213851213455
574,51,6788886,0.05384615436196327
574,52,1278359,0.0535714291036129
574,53,2810908,0.0535714291036129
574,54,2193696,0.0533333346247673
574,55,2138313,0.05303030461072922
574,56,3265487,0.05298013240098953
574,57,1222661,0.05288461595773697
574,58,1844,0.05238095298409462
574,59,376514,0.052356019616127014
574,60,6857871,0.052173912525177
577,1,867251,0.0731707289814949
577,2,6498897,0.0729166641831398
577,3,1061064,0.06896551698446274
577,4,2971270,0.06666667014360428
577,5,1221616,0.0656934306025505
577,6,213527,0.06410256773233414
577,7,1232126,0.0625
577,8,674856,0.06201550364494324
577,9,4159908,0.06122449040412903
577,10,372591,0.05970149114727974
577,11,19176616,0.05970149114727974
577,12,731,0.05882352963089943
577,13,535277,0.05882352963089943
577,14,19109113,0.05882352963089943
577,15,941298,0.057692307978868484
577,16,34433,0.056603774428367615
577,17,3428728,0.056603774428367615
577,18,1807785,0.056338027119636536
577,19,2903020,0.056338027119636536
577,20,14069,0.0555555559694767
577,21,936759,0.0555555559694767
577,22,1028050,0.0555555559694767
577,23,107972,0.05454545468091965
577,24,25489128,0.05454545468091965
577,25,191520,0.05384615436196327
577,26,2531706,0.05376344174146652
577,27,572109,0.0535714291036129
577,28,2088454,0.0535714291036129
577,29,2453177,0.0533333346247673
577,30,2046778,0.05319149047136307
577,31,148104,0.05263157933950424
577,32,470180,0.05263157933950424
577,33,2456942,0.05263157933950424
577,34,6121185,0.05263157933950424
577,35,1391543,0.051948051899671555
577,36,2222957,0.051948051899671555
577,37,1190917,0.0517241396009922
577,38,1181346,0.05128205195069313
577,39,9404417,0.051020409911870956
577,40,9540419,0.050847455859184265
577,41,2956030,0.050632912665605545
577,42,12929,0.05000000074505806
577,43,807209,0.05000000074505806
577,44,1844,0.04938271641731262
577,45,6518262,0.04938271641731262
577,46,2226163,0.04918032884597778
577,47,46724,0.04878048598766327
577,48,143604,0.04878048598766327
577,49,3265487,0.04854368790984154
577,50,115067,0.04838709533214569
577,51,1020595,0.04838709533214569
577,52,574,0.04800000041723251
577,53,588,0.0476190485060215
577,54,1468318,0.0476190485060215
577,55,1644010,0.0476190485060215
577,56,2080870,0.0470588244497776
577,57,106443,0.046875
577,58,748817,0.046875
577,59,6262015,0.046875
577,60,598119,0.04651162773370743
588,1,2798665,0.1666666716337204
588,2,2088454,0.09473684430122375
588,3,1935,0.0892857164144516
588,4,2456942,0.08196721225976944
588,5,24513717,0.0810810774564743
588,6,18538084,0.07999999821186066
588,7,2968156,0.07894736528396606
588,8,2971270,0.07692307978868484
588,9,3046305,0.07500000298023224
588,10,69854,0.0714285746216774
588,11,2488018,0.0714285746216774
588,12,2800076,0.0714285746216774
588,13,190264,0.06976744532585144
588,14,3016553,0.06896551698446274
588,15,838965,0.06862745434045792
588,16,16381792,0.06666667014360428
588,17,14069,0.06382978707551956
588,18,6523041,0.06382978707551956
588,19,3248701,0.0634920671582222
588,20,163531,0.0625
588,21,2788643,0.0625
588,22,598119,0.060301508754491806
588,23,911489,0.05999999865889549
588,24,335,0.05882352963089943
588,25,2435598,0.05882352963089943
588,26,6161480,0.05882352963089943
588,27,963376,0.05797101557254791
588,28,2540547,0.05714285746216774
588,29,1118624,0.05673758685588837
588,30,2199385,0.0555555559694767
588,31,2449678,0.0555555559694767
588,32,3279686,0.0555555559694767
588,33,14675,0.054794520139694214
588,34,1011400,0.05263157933950424
588,35,911456,0.05202312022447586
588,36,23688523,0.051948051899671555
588,37,6543116,0.050847455859184265
588,38,1190908,0.04938271641731262
588,39,85293,0.04838709533214569
588,40,577,0.0476190485060215
588,41,983387,0.0476190485060215
588,42,6498897,0.0470588244497776
588,43,457099,0.04615384712815285
588,44,1345179,0.04615384712815285
588,45,212779,0.04597701132297516
588,46,866393,0.04545454680919647
588,47,659819,0.04411764815449715
588,48,6518262,0.04411764815449715
588,49,2639658,0.042553190141916275
588,50,1196119,0.0422535203397274
588,51,2080870,0.0416666679084301
588,52,3294830,0.04093567281961441
588,53,882883,0.04054053872823715
588,54,1997693,0.04054053872823715
588,55,2207382,0.04026845470070839
588,56,835372,0.03999999910593033
588,57,19110442,0.0396825410425663
588,58,3428728,0.039603959769010544
588,59,46111079,0.03947368264198303
588,60,1221616,0.03937007859349251
696,1,2439628,0.3187499940395355
696,2,6697901,0.23846153914928436
696,3,9735628,0.2278480976819992
696,4,25745,0.22335025668144226
696,5,1194887,0.197247713804245
696,6,2324159,0.12935324013233185
696,7,819610,0.12043795734643936
696,8,1129349,0.11275964230298996
696,9,1253374,0.11046511679887772
696,10,6449955,0.10946745425462723
696,11,4767909,0.10874704271554947
696,12,2792,0.10616438090801239
696,13,2181158,0.10539215803146362
696,14,24064628,0.10483870655298233
696,15,25743,0.10256410390138626
696,16,287351,0.09727626293897629
696,17,227134,0.0972222238779068
696,18,1808918,0.0934959352016449
696,19,40712,0.09324008971452713
696,20,69059,0.09302325546741486
696,21,1166797,0.09287256747484207
696,22,3036422,0.09219858050346375
696,23,3036720,0.09200000017881393
696,24,6163095,0.09164420515298843
696,25,40711,0.09154929220676422
696,26,1093445,0.09019608050584793
696,27,2277408,0.08988764137029648
696,28,14066792,0.08936170488595963
696,29,2511259,0.08799999952316284
696,30,254960,0.08771929889917374
696,31,1129239,0.08727272599935532
696,32,6791425,0.08559498935937881
696,33,250975,0.08519269526004791
696,34,18158616,0.08433734625577927
696,35,1129294,0.08399999886751175
696,36,924711,0.08380952477455139
696,37,251634,0.0833333358168602
696,38,40026175,0.08181817829608917
696,39,423,0.08077544718980789
696,40,10621859,0.08064515888690948
696,41,731674,0.08026755601167679
696,42,3036421,0.08016877621412277
696,43,1668837,0.08011869341135025
696,44,2802,0.07968127727508545
696,45,2887127,0.07894736528396606
696,46,1383900,0.07887700200080872
696,47,1882596,0.07867494970560074
696,48,98235,0.0784313753247261
696,49,1270006,0.07829181849956512
696,50,2684122,0.07805906981229782
696,51,18130445,0.07785467058420181
696,52,2030693,0.07723577320575714
696,53,461555,0.07692307978868484
696,54,50700,0.07661290466785431
696,55,817527,0.07642276585102081
696,56,1011388,0.07615894079208374
696,57,14146240,0.07594936341047287
696,58,1090544,0.07560137659311295
696,59,245141,0.0752212405204773
696,60,3921305,0.07500000298023224
726,1,731,0.10256410390138626
726,2,459137,0.0833333358168602
726,3,6740762,0.07352941483259201
726,4,674383,0.056179776787757874
726,5,5913218,0.0555555559694767
726,6,50325303,0.0555555559694767
726,7,13714647,0.05263157933950424
726,8,7838,0.04827586188912392
726,9,1003997,0.046875
726,10,10995406,0.046875
726,11,2133262,0.04615384712815285
726,12,1003661,0.04109589010477066
726,13,39481769,0.04109589010477066
726,14,229722,0.04098360612988472
726,15,77298,0.03999999910593033
726,16,824686,0.03999999910593033
726,17,1426160,0.03999999910593033
726,18,3513645,0.03999999910593033
726,19,10157640,0.03999999910593033
726,20,13594625,0.039603959769010544
726,21,11345339,0.03896103799343109
726,22,18019626,0.03883495181798935
726,23,1684116,0.03870967775583267
726,24,7627945,0.03759398311376572
726,25,944338,0.03750000149011612
726,26,18224337,0.03703703731298447
726,27,2582035,0.036605656147003174
726,28,2457240,0.03539822995662689
726,29,3255908,0.03505535051226616
726,30,3093704,0.03448275849223137
726,31,2780244,0.034090910106897354
726,32,981139,0.033707864582538605
726,33,40017077,0.03361344709992409
726,34,2086690,0.03338898345828056
726,35,1888390,0.03333333507180214
726,36,2304379,0.03333333507180214
726,37,16815240,0.032967034727334976
726,38,6498897,0.032608695328235626
726,39,1439,0.032258063554763794
726,40,2731250,0.032258063554763794
726,41,53090763,0.032258063554763794
726,42,2193696,0.03125
726,43,449610,0.030927835032343864
726,44,41333541,0.030927835032343864
726,45,1825967,0.030651340261101723
726,46,459447,0.03030303120613098
726,47,1221616,0.02985074557363987
726,48,1401713,0.029702970758080482
726,49,42099445,0.029411764815449715
726,50,14069,0.029126213863492012
726,51,11176006,0.028301887214183807
726,52,21512389,0.028260869905352592
726,53,26340807,0.028169013559818268
726,54,1004778,0.0279720276594162
726,55,1140359,0.02777777798473835
726,56,1461054,0.02777777798473835
726,57,2458248,0.02777777798473835
726,58,6857668,0.027272727340459824
726,59,3135654,0.027210883796215057
726,60,809754,0.027027027681469917
731,1,459137,0.23364485800266266
731,2,674383,0.2191435694694519
731,3,2086690,0.17447495460510254
731,4,2582035,0.15847860276699066
731,5,3255908,0.14751286804676056
731,6,10995406,0.1359516680240631
731,7,7838,0.12068965286016464
731,8,726,0.10256410390138626
731,9,21512389,0.09622641652822495
731,10,3034,0.0923076942563057
731,11,748402,0.08139535039663315
731,12,1030767,0.07532467693090439
731,13,53090763,0.06806282699108124
731,14,1825967,0.06497175246477127
731,15,824686,0.06227106228470802
731,16,2201026,0.061889249831438065
731,17,3173608,0.06101695075631142
731,18,904703,0.06037735939025879
731,19,2133262,0.0602409653365612
731,20,577,0.05882352963089943
731,21,1844,0.05882352963089943
731,22,229722,0.05855855718255043
731,23,1589081,0.056790124624967575
731,24,11176080,0.0555555559694767
731,25,42857,0.05510534718632698
731,26,1231351,0.054621849209070206
731,27,3315115,0.05454545468091965
731,28,610037,0.054421767592430115
731,29,1417,0.054054055362939835
731,30,975026,0.0535714291036129
731,31,2216670,0.05309734493494034
731,32,51364,0.052805282175540924
731,33,1723947,0.05243445560336113
731,34,1888390,0.052356019616127014
731,35,2884260,0.052356019616127014
731,36,7348202,0.052356019616127014
731,37,7480,0.05181347206234932
731,38,2226163,0.05069124326109886
731,39,1552090,0.05027933046221733
731,40,979256,0.050108931958675385
731,41,1105809,0.05000000074505806
731,42,40017077,0.05000000074505806
731,43,1028908,0.049833886325359344
731,44,1401713,0.049504950642585754
731,45,2119898,0.04918032884597778
731,46,18224337,0.04918032884597778
731,47,2283546,0.04844290763139725
731,48,682500,0.048128340393304825
731,49,517654,0.04802259802818298
731,50,834005,0.04784689098596573
731,51,2245431,0.04777594655752182
731,52,2961919,0.0476190485060215
731,53,2398516,0.04716981202363968
731,54,52320,0.04700854793190956
731,55,327422,0.04683840647339821
731,56,941200,0.04674457386136055
731,57,1474375,0.04670329764485359
731,58,1820281,0.04621848836541176
731,59,1117682,0.04615384712815285
731,60,83702,0.04597701132297516
742,1,1258632,0.3958333432674408
742,2,1530651,0.3628048896789551
742,3,1358831,0.3455284535884857
742,4,2887072,0.3382899761199951
742,5,1149593,0.13713079690933228
742,6,1504838,0.09842519462108612
742,7,2321243,0.09610389918088913
742,8,2321296,0.09313725680112839
742,9,1575861,0.09166666865348816
742,10,1122077,0.09000000357627869
742,11,1196024,0.08969465643167496
742,12,1196035,0.0868055522441864
742,13,113603,0.08627451211214066
742,14,2628,0.08615384250879288
742,15,1171182,0.08530806005001068
742,16,1322146,0.08429118990898132
742,17,2902890,0.08231707662343979
742,18,3007213,0.08231707662343979
742,19,1142894,0.08157894760370255
742,20,6594671,0.08083832263946533
742,21,3464,0.08059701323509216
742,22,1171314,0.07966457307338715
742,23,2984336,0.07868852466344833
742,24,3312237,0.07764706015586853
742,25,1864677,0.0765027329325676
742,26,1322014,0.0757281556725502
742,27,856203,0.07500000298023224
742,28,1592020,0.07492795586585999
742,29,2067752,0.0742659792304039
742,30,2971170,0.07397959381341934
742,31,1090193,0.07352941483259201
742,32,3178,0.07331378012895584
742,33,834071,0.07262569665908813
742,34,1561725,0.07238605618476868
742,35,2457438,0.072202168405056
742,36,824446,0.0712871253490448
742,37,864540,0.07122506946325302
742,38,2321294,0.07090464234352112
742,39,1178402,0.0703125
742,40,2339177,0.07005254179239273
742,41,1123089,0.06990291178226471
742,42,1936544,0.06986899673938751
742,43,1123099,0.06981132179498672
742,44,839692,0.0695035457611084
742,45,418832,0.06947890669107437
742,46,1142860,0.06934306770563126
742,47,1047579,0.06906077265739441
742,48,2000164,0.06905370950698853
742,49,2179265,0.06832297891378403
742,50,1069505,0.06812652200460434
742,51,1375705,0.06802721321582794
742,52,1243291,0.06798867136240005
742,53,6749837,0.06783369928598404
742,54,1383240,0.06759906560182571
742,55,1808841,0.06751054525375366
742,56,1112038,0.06746987998485565
742,57,486980,0.06727273017168045
742,58,16082,0.06622516363859177
742,59,3353659,0.06586826592683792
742,60,1171248,0.0656716451048851
764,1,19017827,0.7265625
764,2,34897,0.6992481350898743
764,3,201738,0.5792682766914368
764,4,1352033,0.4313725531101227
764,5,589782,0.42307692766189575
764,6,2990120,0.3983739912509918
764,7,2419073,0.39534884691238403
764,8,1245597,0.3488371968269348
764,9,2587875,0.3379310369491577
764,10,1209703,0.31355932354927063
764,11,1112930,0.31111112236976624
764,12,1266243,0.3103448152542114
764,13,1928459,0.30718955397605896
764,14,2121201,0.3047945201396942
764,15,2568912,0.3025210201740265
764,16,1936434,0.2879999876022339
764,17,60460,0.2846153974533081
764,18,3102782,0.27439025044441223
764,19,287715,0.2711111009120941
764,20,549798,0.25925925374031067
764,21,1446217,0.25
764,22,2595624,0.2461538463830948
764,23,2419154,0.234375
764,24,877015,0.22518159449100494
764,25,8691308,0.20472441613674164
764,26,14296422,0.19166666269302368
764,27,6383366,0.1640625
764,28,18468319,0.14173229038715363
764,29,1964392,0.14084507524967194
764,30,467318,0.13736264407634735
764,31,826364,0.13661202788352966
764,32,1534941,0.13658536970615387
764,33,418831,0.13636364042758942
764,34,2971193,0.1340782195329666
764,35,2919485,0.1339285671710968
764,36,34886,0.12612612545490265
764,37,968051,0.12442396581172943
764,38,2987777,0.12350597977638245
764,39,968062,0.12184873968362808
764,40,21431964,0.12096773833036423
764,41,418832,0.1111111119389534
764,42,418854,0.109375
764,43,25384201,0.10769230872392654
764,44,1458832,0.1076388880610466
764,45,968049,0.10701107233762741
764,46,21431976,0.10655737668275833
764,47,1568418,0.1031390130519867
764,48,852,0.10300429165363312
764,49,857019,0.10222221910953522
764,50,60677,0.0984455943107605
764,51,26569741,0.09734513610601425
764,52,3304766,0.09392265230417252
764,53,2177176,0.09340659528970718
764,54,66291,0.09311740845441818
764,55,2149493,0.09268292784690857
764,56,879061,0.0917431190609932
764,57,1443364,0.09059233218431473
764,58,1964457,0.09009008854627609
764,59,583183,0.08947368711233139
764,60,2063379,0.08947368711233139
794,1,1027555,0.21212121844291687
794,2,515581,0.1355932205915451
794,3,990732,0.10810811072587967
794,4,2219504,0.10204081982374191
794,5,2222705,0.10144927352666855
794,6,29036,0.09677419066429138
794,7,386792,0.09375
794,8,7309839,0.08571428805589676
794,9,55413327,0.08571428805589676
794,10,1172043,0.08510638028383255
794,11,940516,0.0810810774564743
794,12,2490680,0.0810810774564743
794,13,2382997,0.07692307978868484
794,14,1939598,0.07547169923782349
794,15,2004083,0.07500000298023224
794,16,616259,0.06976744532585144
794,17,717921,0.06976744532585144
794,18,6146429,0.06976744532585144
794,19,946489,0.06779661029577255
794,20,397963,0.06666667014360428
794,21,314321,0.06521739065647125
794,22,17952027,0.06521739065647125
794,23,1156378,0.0625
794,24,20739,0.0615384615957737
794,25,2453262,0.06122449040412903
794,26,21905772,0.05999999865889549
794,27,87317,0.05454545468091965
794,28,1510479,0.05454545468091965
794,29,1046530,0.05309734493494034
794,30,24837,0.05263157933950424
794,31,430074,0.0517241396009922
794,32,1153954,0.0517241396009922
794,33,20402,0.04918032884597778
794,34,952665,0.04918032884597778
794,35,768174,0.048192769289016724
794,36,20399,0.0476190485060215
794,37,1222321,0.0476190485060215
794,38,46724,0.046875
794,39,2115367,0.04545454680919647
794,40,1388157,0.04285714402794838
794,41,6146406,0.04285714402794838
794,42,436251,0.0422535203397274
794,43,799260,0.0416666679084301
794,44,1939873,0.04054053872823715
794,45,12776,0.039603959769010544
794,46,3813941,0.03947368264198303
794,47,4671244,0.03896103799343109
794,48,8238,0.03773584961891174
794,49,1616484,0.03726708143949509
794,50,1192291,0.03703703731298447
794,51,886814,0.03658536449074745
794,52,19196823,0.036082472652196884
794,53,604941,0.03529411926865578
794,54,647489,0.03401360660791397
794,55,1321805,0.03191489353775978
794,56,2088454,0.03125
794,57,4830806,0.031128404662013054
794,58,8261,0.030612245202064514
794,59,880874,0.028846153989434242
794,60,935000,0.028301887214183807
797,1,6156668,0.3375000059604645
797,2,191464,0.1949685513973236
797,3,2952350,0.18681319057941437
797,4,3696736,0.17897726595401764
797,5,23442,0.1671554297208786
797,6,1104159,0.16351118683815002
797,7,98784,0.16307692229747772
797,8,1433215,0.1498771458864212
797,9,1138855,0.1421404629945755
797,10,2371238,0.14111922681331635
797,11,151061,0.13982300460338593
797,12,551787,0.13975155353546143
797,13,899481,0.13905325531959534
797,14,392838,0.13426423072814941
797,15,3138069,0.13414634764194489
797,16,89985,0.1339031308889389
797,17,1807553,0.1297297328710556
797,18,2501570,0.1288566291332245
797,19,3735636,0.12781955301761627
797,20,2647,0.12469437718391418
797,21,1138857,0.12433862686157227
797,22,2021847,0.12311557680368423
797,23,1009277,0.12165450304746628
797,24,1425228,0.1214953288435936
797,25,128139,0.11985018849372864
797,26,460092,0.11926605552434921
797,27,40666827,0.1189931333065033
797,28,1330999,0.11834319680929184
797,29,25854,0.11776447296142578
797,30,680248,0.1170731708407402
797,31,2648,0.1168384850025177
797,32,1228437,0.11597633361816406
797,33,810826,0.11581292003393173
797,34,2371237,0.11538461595773697
797,35,265304,0.11481481790542603
797,36,4358649,0.11420983076095581
797,37,1185977,0.11221121996641159
797,38,181895,0.11060947924852371
797,39,2986314,0.10996563732624054
797,40,1584086,0.10969387739896774
797,41,3963458,0.10882353037595749
797,42,1138856,0.10674156993627548
797,43,2910,0.1059190034866333
797,44,23395,0.10491803288459778
797,45,98785,0.10486891120672226
797,46,1950026,0.10443037748336792
797,47,43003,0.10389610379934311
797,48,155658,0.10373444110155106
797,49,160861,0.10367892682552338
797,50,1433216,0.10191082954406738
797,51,2283546,0.10169491171836853
797,52,1093529,0.10108303278684616
797,53,423192,0.1007462665438652
797,54,280664,0.10035842657089233
797,55,2542586,0.09966777265071869
797,56,1385264,0.09848485141992569
797,57,6156669,0.09787233918905258
797,58,99260,0.09782608598470688
797,59,1584088,0.09705882519483566
797,60,2415847,0.09677419066429138
813,1,1046770,0.16867469251155853
813,2,7928,0.13414634764194489
813,3,824093,0.10752688348293304
813,4,23607,0.08695652335882187
813,5,86801,0.08695652335882187
813,6,1934,0.07894736528396606
813,7,1842237,0.07423580437898636
813,8,1910591,0.072727270424366
813,9,1806578,0.07006369531154633
813,10,2999000,0.06976744532585144
813,11,20384877,0.06896551698446274
813,12,1166797,0.06756756454706192
813,13,2184253,0.06666667014360428
813,14,23373,0.06611569970846176
813,15,1414863,0.06593406945466995
813,16,3016553,0.06542056053876877
813,17,23427,0.06521739065647125
813,18,924623,0.06521739065647125
813,19,1197223,0.06521739065647125
813,20,934262,0.06201550364494324
813,21,2455062,0.06172839552164078
813,22,2803318,0.0615384615957737
813,23,879765,0.05960264801979065
813,24,1913289,0.05960264801979065
813,25,2457086,0.05820105969905853
813,26,762914,0.057692307978868484
813,27,1263322,0.05612244829535484
813,28,2181158,0.05590062215924263
813,29,1197222,0.05494505539536476
813,30,1270006,0.05494505539536476
813,31,932279,0.054794520139694214
813,32,1011388,0.054187193512916565
813,33,1021850,0.054054055362939835
813,34,2015541,0.054054055362939835
813,35,834005,0.05369127541780472
813,36,1610031,0.05339805781841278
813,37,900675,0.05325443670153618
813,38,23420,0.05319149047136307
813,39,155668,0.05319149047136307
813,40,567995,0.05319149047136307
813,41,1715356,0.05298013240098953
813,42,873021,0.05263157933950424
813,43,953941,0.05263157933950424
813,44,1383196,0.05263157933950424
813,45,1399376,0.05263157933950424
813,46,38776,0.052173912525177
813,47,988766,0.051851850003004074
813,48,1407224,0.05154639109969139
813,49,2506960,0.05154639109969139
813,50,98235,0.05128205195069313
813,51,1003667,0.05128205195069313
813,52,23446,0.051094889640808105
813,53,949696,0.05076142027974129
813,54,2640005,0.05042016878724098
813,55,1253374,0.05038759857416153
813,56,208153,0.050209205597639084
813,57,1231351,0.05000000074505806
813,58,2320862,0.05000000074505806
813,59,1570074,0.049751244485378265
813,60,1237369,0.049504950642585754
817,1,14863741,0.14380022883415222
817,2,1970226,0.14333851635456085
817,3,2422333,0.1431603729724884
817,4,1742269,0.1430412381887436
817,5,3355573,0.1319890022277832
817,6,21825181,0.12870249152183533
817,7,46575,0.12802179157733917
817,8,1019062,0.1254189908504486
817,9,4358649,0.12397617101669312
817,10,1164465,0.12269129604101181
817,11,3272005,0.12146119028329849
817,12,2936175,0.12145870923995972
817,13,3078186,0.11888254433870316
817,14,150259,0.11871859431266785
817,15,3634639,0.11744654178619385
817,16,818,0.1173054575920105
817,17,3376836,0.11484593898057938
817,18,2223519,0.11397849768400192
817,19,1466917,0.11303714662790298
817,20,849585,0.11219750344753265
817,21,16534,0.10797962546348572
817,22,18979356,0.10610464960336685
817,23,68729,0.10526315867900848
817,24,873132,0.10473588109016418
817,25,4110990,0.10410959273576736
817,26,3048937,0.103310726583004
817,27,2802546,0.1031636893749237
817,28,830939,0.10290456563234329
817,29,1683562,0.10237172991037369
817,30,1552134,0.10204081982374191
817,31,3204877,0.10141700506210327
817,32,1272463,0.10094752162694931
817,33,6760952,0.098670095205307
817,34,21500681,0.09701492637395859
817,35,1137060,0.0967620462179184
817,36,1119185,0.09666803479194641
817,37,30474,0.09646464884281158
817,38,3017730,0.09606148302555084
817,39,15553789,0.0958302840590477
817,40,1540236,0.09574335068464279
817,41,2502879,0.09565727412700653
817,42,3165724,0.09512428194284439
817,43,948387,0.0938330665230751
817,44,150017,0.09305873513221741
817,45,992628,0.09304274618625641
817,46,2766512,0.0927283838391304
817,47,909457,0.09228711575269699
817,48,28098716,0.091985784471035
817,49,1536771,0.09143222868442535
817,50,2113248,0.09111210703849792
817,51,2219449,0.09076279401779175
817,52,50700,0.09054527431726456
817,53,3204327,0.09047044813632965
817,54,23753235,0.09004952758550644
817,55,8812783,0.08801162987947464
817,56,3166179,0.08794566988945007
817,57,1479280,0.08790542930364609
817,58,1007964,0.08762659877538681
817,59,2963845,0.08748646080493927
817,60,3230869,0.08739255368709564
818,1,817,0.1173054575920105
818,2,30474,0.08361581712961197
818,3,2223519,0.06965173780918121
818,4,2587398,0.06775067746639252
818,5,3017730,0.0667996034026146
818,6,392838,0.060877349227666855
818,7,2454497,0.05781057849526405
818,8,6072122,0.05717151612043381
818,9,14795009,0.05714285746216774
818,10,1803,0.055837564170360565
818,11,4358649,0.055490653961896896
818,12,2330175,0.054411765187978745
818,13,2138628,0.05411764606833458
818,14,150039,0.05246913433074951
818,15,7351419,0.05188679322600365
818,16,688299,0.05137844756245613
818,17,19273256,0.05079825967550278
818,18,6241525,0.050775740295648575
818,19,1412280,0.05064782127737999
818,20,1602272,0.05053598806262016
818,21,996156,0.04995458573102951
818,22,59181,0.04993065074086189
818,23,1742269,0.04988764226436615
818,24,150017,0.04949238523840904
818,25,6656179,0.04886562004685402
818,26,209323,0.04866180196404457
818,27,11067830,0.048342540860176086
818,28,2270060,0.048327136784791946
818,29,1316297,0.047979798167943954
818,30,1228437,0.04789833724498749
818,31,2791999,0.04772727191448212
818,32,3194841,0.04766107723116875
818,33,2651694,0.04756242409348488
818,34,7443037,0.04734848439693451
818,35,1150571,0.047342993319034576
818,36,1814,0.04721030220389366
818,37,3048937,0.04716981202363968
818,38,1212784,0.04710632562637329
818,39,145600,0.0469043143093586
818,40,150259,0.0467706024646759
818,41,1602338,0.046444121748209
818,42,522169,0.046213094145059586
818,43,151061,0.046008117496967316
818,44,2745957,0.04581673443317413
818,45,2884260,0.04568528011441231
818,46,133406,0.04545454680919647
818,47,142009,0.045310016721487045
818,48,14015,0.04521963745355606
818,49,2534973,0.045154184103012085
818,50,2431088,0.04494382068514824
818,51,830939,0.044797688722610474
818,52,1812101,0.04467680677771568
818,53,849507,0.044619422405958176
818,54,1311854,0.0440729483962059
818,55,3652165,0.043923866003751755
818,56,2371238,0.04363001883029938
818,57,6277491,0.04361370578408241
818,58,18130445,0.04359313100576401
818,59,551787,0.04353083297610283
818,60,5431515,0.04326923191547394
829,1,26569741,0.1111111119389534
829,2,14296422,0.08888889104127884
829,3,25384201,0.08695652335882187
829,4,18468319,0.08510638028383255
829,5,8691308,0.072727270424366
829,6,21431964,0.0714285746216774
829,7,2990120,0.06849315017461777
829,8,2595624,0.0625
829,9,60460,0.05797101557254791
829,10,1266243,0.05454545468091965
829,11,1209703,0.0517241396009922
829,12,2568912,0.0517241396009922
829,13,1112930,0.050632912665605545
829,14,2419073,0.04878048598766327
829,15,589782,0.04597701132297516
829,16,764,0.042016807943582535
829,17,2587875,0.0416666679084301
829,18,549798,0.04109589010477066
829,19,19017827,0.04098360612988472
829,20,34897,0.03937007859349251
829,21,1245597,0.03759398311376572
829,22,1352033,0.03664921596646309
829,23,3102782,0.036036036908626556
829,24,201738,0.03125
829,25,1928459,0.029126213863492012
829,26,2121201,0.02867383509874344
829,27,2971193,0.028301887214183807
829,28,826364,0.027027027681469917
829,29,287715,0.026737967506051064
829,30,2183601,0.02500000037252903
829,31,418831,0.0234375
829,32,877015,0.022332506254315376
829,33,1534941,0.022058824077248573
829,34,1964392,0.02054794505238533
829,35,968062,0.01764705963432789
829,36,418832,0.017241379246115685
829,37,2987777,0.01621621660888195
829,38,418854,0.01604278013110161
829,39,968049,0.014778325334191322
829,40,938086,0.013586956076323986
829,41,1458832,0.013513513840734959
829,42,2971170,0.013452914543449879
829,43,1808841,0.013029315508902073
829,44,44016,0.012987012974917889
829,45,2558293,0.01295336801558733
829,46,1124460,0.011811023578047752
829,47,26115712,0.011811023578047752
829,48,938064,0.0117647061124444
829,49,10351697,0.011070110835134983
829,50,18130445,0.008988764137029648
829,51,3498000,0.008474576286971569
829,52,3313414,0.008196720853447914
829,53,2467422,0.00788954645395279
829,54,35832,0.0076530613005161285
829,55,150292,0.007544006686657667
829,56,841198,0.007281553465873003
829,57,17189468,0.007009345572441816
829,58,12731936,0.00657894741743803
829,59,50700,0.006420545745640993
829,60,902304,0.006355931982398033
849,1,852,0.22110553085803986
849,2,857019,0.21243523061275482
849,3,1568418,0.2083333283662796
849,4,521922,0.1986754983663559
849,5,29061,0.1805555522441864
849,6,1068574,0.17957746982574463
849,7,879061,0.17869415879249573
849,8,1109134,0.1764705926179886
849,9,66312,0.17616580426692963
849,10,89589,0.16393442451953888
849,11,352764,0.1607142835855484
849,12,29073,0.1570248007774353
849,13,251833,0.15439429879188538
849,14,856,0.14598539471626282
849,15,29629,0.13846154510974884
849,16,1107914,0.13432836532592773
849,17,906736,0.13178294897079468
849,18,1219151,0.12977099418640137
849,19,859,0.12389380484819412
849,20,1611445,0.11881188303232193
849,21,857039,0.11428571492433548
849,22,64669,0.11249999701976776
849,23,860,0.11016949266195297
849,24,398104,0.11016949266195297
849,25,522001,0.11016949266195297
849,26,2034374,0.11009174585342407
849,27,467318,0.10919540375471115
849,28,1251507,0.10897435992956161
849,29,252258,0.10759493708610535
849,30,2975460,0.10687022656202316
849,31,172962,0.10389610379934311
849,32,654872,0.10084033757448196
849,33,3384544,0.09900990128517151
849,34,618823,0.09655172377824783
849,35,1848671,0.09649122506380081
849,36,728299,0.09615384787321091
849,37,43992,0.09558823704719543
849,38,1098602,0.09482758492231369
849,39,1849038,0.09482758492231369
849,40,681885,0.09259258955717087
849,41,1209968,0.09090909361839294
849,42,2306480,0.08860759437084198
849,43,580139,0.08771929889917374
849,44,282830,0.0873015895485878
849,45,8815,0.08571428805589676
849,46,2971039,0.08571428805589676
849,47,2347041,0.08527132123708725
849,48,89578,0.08411215245723724
849,49,104940,0.08411215245723724
849,50,215324,0.08368200808763504
849,51,619233,0.0833333358168602
849,52,2221191,0.0833333358168602
849,53,1848672,0.08264462649822235
849,54,60677,0.08196721225976944
849,55,1879450,0.08148147910833359
849,56,557992,0.08130080997943878
849,57,2046438,0.08130080997943878
849,58,1919217,0.08124999701976776
849,59,89580,0.0810810774564743
849,60,6537338,0.08045977354049683
852,1,857019,0.85161292552948
852,2,1568418,0.8269230723381042
852,3,879061,0.517241358757019
852,4,1068574,0.5038759708404541
852,5,521922,0.38461539149284363
852,6,251833,0.3441396653652191
852,7,29061,0.3273809552192688
852,8,29629,0.2884615361690521
852,9,856,0.27272728085517883
852,10,1219151,0.2721518874168396
852,11,89589,0.25806450843811035
852,12,906736,0.2515723407268524
852,13,352764,0.2281879186630249
852,14,29073,0.22151899337768555
852,15,849,0.22110553085803986
852,16,1109134,0.21383647620677948
852,17,1611445,0.19230769574642181
852,18,860,0.18709677457809448
852,19,728299,0.17894737422466278
852,20,1209968,0.17676767706871033
852,21,252258,0.17525772750377655
852,22,1919217,0.17098446190357208
852,23,1107914,0.16477273404598236
852,24,2306480,0.15979380905628204
852,25,1251507,0.15897436439990997
852,26,2975460,0.15789473056793213
852,27,859,0.1538461595773697
852,28,618823,0.15217390656471252
852,29,1848672,0.1428571492433548
852,30,857039,0.13333334028720856
852,31,681885,0.13245032727718353
852,32,2034374,0.12987013161182404
852,33,398104,0.12883435189723969
852,34,1848671,0.1265822798013687
852,35,215324,0.12230215966701508
852,36,522001,0.12195122241973877
852,37,968062,0.12087912112474442
852,38,580139,0.12025316804647446
852,39,66291,0.1195652186870575
852,40,968051,0.11857707798480988
852,41,2987777,0.11846689879894257
852,42,1849038,0.11801242083311081
852,43,66280,0.11526479572057724
852,44,968049,0.11513157933950424
852,45,106946,0.11428571492433548
852,46,89578,0.11184210330247879
852,47,1458832,0.11180124431848526
852,48,60677,0.11061947047710419
852,49,1964392,0.11023622006177902
852,50,1534941,0.11020407825708389
852,51,89580,0.10897435992956161
852,52,201738,0.10780669003725052
852,53,231584,0.1071428582072258
852,54,44016,0.10696517676115036
852,55,19017827,0.10638298094272614
852,56,2221191,0.10593220591545105
852,57,1098602,0.10429447889328003
852,58,34897,0.1041666641831398
852,59,282950,0.10404624044895172
852,60,764,0.10300429165363312
853,1,104940,0.18518517911434174
853,2,857039,0.1785714328289032
853,3,522001,0.17499999701976776
853,4,859,0.1621621549129486
853,5,55903,0.16129031777381897
853,6,521977,0.15789473056793213
853,7,89578,0.1428571492433548
853,8,1156498,0.13793103396892548
853,9,89561,0.13636364042758942
853,10,1098602,0.1315789520740509
853,11,1849038,0.1315789520740509
853,12,89580,0.125
853,13,29629,0.12280701845884323
853,14,860,0.1190476194024086
853,15,654872,0.1190476194024086
853,16,89557,0.11538461595773697
853,17,467187,0.1111111119389534
853,18,580139,0.1111111119389534
853,19,89575,0.1034482792019844
853,20,398096,0.1034482792019844
853,21,29073,0.09803921729326248
853,22,681885,0.09677419066429138
853,23,1107914,0.09677419066429138
853,24,398104,0.09302325546741486
853,25,29061,0.08860759437084198
853,26,2034374,0.0882352963089943
853,27,521922,0.07777778059244156
853,28,1109134,0.07692307978868484
853,29,89589,0.07407407462596893
853,30,618823,0.0714285746216774
853,31,352764,0.06976744532585144
853,32,906736,0.06896551698446274
853,33,1219151,0.06666667014360428
853,34,501178,0.0625
853,35,849,0.05999999865889549
853,36,856,0.05797101557254791
853,37,2923893,0.05454545468091965
853,38,2975460,0.0517241396009922
853,39,1349612,0.04918032884597778
853,40,852,0.04605263099074364
853,41,1568418,0.0422535203397274
853,42,857019,0.0416666679084301
853,43,3304766,0.0416666679084301
853,44,987443,0.04054053872823715
853,45,879061,0.0401606410741806
853,46,2221220,0.03947368264198303
853,47,231629,0.03896103799343109
853,48,1265950,0.037974681705236435
853,49,1068574,0.03719008341431618
853,50,2971091,0.0357142873108387
853,51,497654,0.03488372266292572
853,52,2971058,0.034090910106897354
853,53,251833,0.022900763899087906
853,54,66312,0.02142857201397419
853,55,397139,0.019417475908994675
853,56,463790,0.01785714365541935
853,57,66291,0.017751479521393776
853,58,1133995,0.016339870169758797
853,59,66280,0.013761468231678009
853,60,195579,0.013297872617840767
856,1,1219151,0.8253968358039856
856,2,906736,0.7936508059501648
856,3,521922,0.5102040767669678
856,4,89589,0.4931506812572479
856,5,29629,0.4197530746459961
856,6,29061,0.3564356565475464
856,7,860,0.30666667222976685
856,8,1568418,0.2922077775001526
856,9,857019,0.2884615361690521
856,10,852,0.27272728085517883
856,11,681885,0.26865673065185547
856,12,2034374,0.2571428716182709
856,13,352764,0.24358974397182465
856,14,879061,0.22047244012355804
856,15,1068574,0.2177419364452362
856,16,1109134,0.21590909361839294
856,17,857039,0.20000000298023224
856,18,8815,0.19117647409439087
856,19,859,0.18987341225147247
856,20,29073,0.18888889253139496
856,21,728299,0.16949152946472168
856,22,89571,0.16923077404499054
856,23,1887208,0.16923077404499054
856,24,2306480,0.15833333134651184
856,25,1209968,0.15748031437397003
856,26,1251507,0.1570248007774353
856,27,1919217,0.1570248007774353
856,28,618823,0.15596330165863037
856,29,849,0.14598539471626282
856,30,252258,0.14516128599643707
856,31,1107914,0.14423076808452606
856,32,580139,0.13750000298023224
856,33,89575,0.13698630034923553
856,34,89578,0.13698630034923553
856,35,251833,0.13533835113048553
856,36,1611445,0.1352941244840622
856,37,89561,0.13432836532592773
856,38,1849038,0.1325301229953766
856,39,522001,0.12643678486347198
856,40,398096,0.12162162363529205
856,41,398104,0.11363636702299118
856,42,654872,0.11363636702299118
856,43,1156499,0.1111111119389534
856,44,1156498,0.10526315867900848
856,45,89580,0.10126582533121109
856,46,1848672,0.10112359374761581
856,47,15968,0.10000000149011612
856,48,1265950,0.09917355328798294
856,49,89557,0.09589041024446487
856,50,1848671,0.095238097012043
856,51,467187,0.09459459781646729
856,52,231619,0.09302325546741486
856,53,1098602,0.09302325546741486
856,54,104940,0.09210526198148727
856,55,55903,0.08749999850988388
856,56,2975460,0.08737864345312119
856,57,557992,0.08695652335882187
856,58,2971091,0.08661417663097382
856,59,1349612,0.08490566164255142
856,60,282830,0.0833333358168602
859,1,29073,0.4000000059604645
859,2,352764,0.3958333432674408
859,3,55903,0.3571428656578064
859,4,1109134,0.35087719559669495
859,5,857039,0.3499999940395355
859,6,89578,0.32499998807907104
859,7,522001,0.3076923191547394
859,8,654872,0.3076923191547394
859,9,89580,0.2954545319080353
859,10,29629,0.26865673065185547
859,11,29061,0.24418604373931885
859,12,1107914,0.2361111044883728
859,13,89589,0.234375
859,14,618823,0.23076923191547394
859,15,1849038,0.23076923191547394
859,16,521922,0.2291666716337204
859,17,1098602,0.2075471729040146
859,18,89575,0.20454545319080353
859,19,104940,0.20454545319080353
859,20,1219151,0.19718310236930847
859,21,860,0.19298245012760162
859,22,1848671,0.19230769574642181
859,23,89557,0.190476194024086
859,24,856,0.18987341225147247
859,25,467187,0.1860465109348297
859,26,1156498,0.17391304671764374
859,27,580139,0.17307692766189575
859,28,1848672,0.17241379618644714
859,29,2975460,0.17142857611179352
859,30,681885,0.1702127605676651
859,31,906736,0.1690140813589096
859,32,853,0.1621621549129486
859,33,521977,0.1621621549129486
859,34,2034374,0.1599999964237213
859,35,1568418,0.15753424167633057
859,36,857019,0.15540540218353271
859,37,852,0.1538461595773697
859,38,398104,0.1525423675775528
859,39,398096,0.15217390656471252
859,40,89571,0.15000000596046448
859,41,3384544,0.1428571492433548
859,42,1156499,0.13636364042758942
859,43,8815,0.13333334028720856
859,44,1018473,0.13114753365516663
859,45,2975438,0.12765957415103912
859,46,728299,0.125
859,47,849,0.12389380484819412
859,48,1251507,0.12244898080825806
859,49,1919217,0.12244898080825806
859,50,89561,0.12195122241973877
859,51,1887208,0.12195122241973877
859,52,1611445,0.1164383590221405
859,53,1209968,0.11428571492433548
859,54,1261654,0.1111111119389534
859,55,1068574,0.11020407825708389
859,56,2789369,0.10869564861059189
859,57,879061,0.10671936720609665
859,58,636720,0.1041666641831398
859,59,2306480,0.10101009905338287
859,60,338931,0.10000000149011612
860,1,681885,0.5128205418586731
860,2,2034374,0.3777777850627899
860,3,89589,0.3606557250022888
860,4,1219151,0.3484848439693451
860,5,906736,0.3384615480899811
860,6,29629,0.30882352590560913
860,7,856,0.30666667222976685
860,8,29061,0.27586206793785095
860,9,352764,0.2678571343421936
860,10,857039,0.260869562625885
860,11,521922,0.25773194432258606
860,12,8815,0.25
860,13,1887208,0.25
860,14,29073,0.22727273404598236
860,15,89578,0.21276596188545227
860,16,1109134,0.20895522832870483
860,17,1568418,0.2013888955116272
860,18,859,0.19298245012760162
860,19,857019,0.190476194024086
860,20,852,0.18709677457809448
860,21,1156499,0.17391304671764374
860,22,55903,0.17307692766189575
860,23,398096,0.16326530277729034
860,24,1156498,0.1599999964237213
860,25,1848671,0.15789473056793213
860,26,467187,0.1458333283662796
860,27,398104,0.1428571492433548
860,28,522001,0.1428571492433548
860,29,1848672,0.1428571492433548
860,30,580139,0.14035087823867798
860,31,89571,0.13636364042758942
860,32,618823,0.13636364042758942
860,33,1107914,0.13414634764194489
860,34,1098602,0.13333334028720856
860,35,1849038,0.13333334028720856
860,36,879061,0.1269841343164444
860,37,654872,0.125
860,38,1261654,0.125
860,39,1068574,0.12195122241973877
860,40,853,0.1190476194024086
860,41,521977,0.1190476194024086
860,42,89575,0.11764705926179886
860,43,104940,0.11764705926179886
860,44,2975460,0.11688311398029327
860,45,89561,0.1111111119389534
860,46,849,0.11016949266195297
860,47,89580,0.1090909093618393
860,48,89557,0.10204081982374191
860,49,728299,0.09803921729326248
860,50,2568912,0.09333333373069763
860,51,1209968,0.09009008854627609
860,52,15968,0.08955223858356476
860,53,106673,0.08771929889917374
860,54,2306480,0.08653846383094788
860,55,352149,0.08620689809322357
860,56,1251507,0.08571428805589676
860,57,1919217,0.08571428805589676
860,58,1611445,0.08441558480262756
860,59,252258,0.08411215245723724
860,60,1266243,0.08219178020954132
863,1,37441,0.11290322244167328
863,2,836044,0.11235955357551575
863,3,148452,0.095238097012043
863,4,411263,0.08888889104127884
863,5,1178256,0.07999999821186066
863,6,2795435,0.07999999821186066
863,7,2795422,0.0793650820851326
863,8,2795434,0.0784313753247261
863,9,1142850,0.07792207598686218
863,10,592466,0.0776699036359787
863,11,1178641,0.07547169923782349
863,12,4682406,0.0714285746216774
863,13,6125609,0.0714285746216774
863,14,1726249,0.07017543911933899
863,15,805783,0.06923077255487442
863,16,46630,0.06862745434045792
863,17,16105,0.06779661029577255
863,18,45317006,0.06779661029577255
863,19,3032860,0.06666667014360428
863,20,21384312,0.06557376682758331
863,21,1130147,0.06451612710952759
863,22,6627901,0.06451612710952759
863,23,1107946,0.06410256773233414
863,24,498223,0.05982905998826027
863,25,164046,0.05970149114727974
863,26,844120,0.05970149114727974
863,27,170559,0.05882352963089943
863,28,1247755,0.05882352963089943
863,29,17027114,0.05882352963089943
863,30,1171083,0.057692307978868484
863,31,2998128,0.05747126415371895
863,32,240660,0.056603774428367615
863,33,1154929,0.056603774428367615
863,34,10452429,0.056603774428367615
863,35,433081,0.056338027119636536
863,36,1386324,0.056338027119636536
863,37,1487248,0.056338027119636536
863,38,1121945,0.056179776787757874
863,39,3209595,0.0560000017285347
863,40,805793,0.0555555559694767
863,41,1060295,0.05517241358757019
863,42,6874450,0.054347824305295944
863,43,25003,0.0535714291036129
863,44,13523893,0.0535714291036129
863,45,24034658,0.0535714291036129
863,46,2339177,0.05326876416802406
863,47,100829,0.05263157933950424
863,48,864540,0.05263157933950424
863,49,2878966,0.05263157933950424
863,50,3094151,0.05263157933950424
863,51,43988107,0.05263157933950424
863,52,1171248,0.05232558026909828
863,53,382708,0.05223880708217621
863,54,2487028,0.052173912525177
863,55,2954521,0.051948051899671555
863,56,433080,0.0517241396009922
863,57,1196056,0.0517241396009922
863,58,1112038,0.05118110403418541
863,59,14256715,0.050847455859184265
863,60,1047576,0.05000000074505806
960,1,1024727,0.07258064299821854
960,2,1708510,0.06976744532585144
960,3,1122617,0.0690789446234703
960,4,13393596,0.06451612710952759
960,5,2426065,0.05978260934352875
960,6,939042,0.055045872926712036
960,7,2687395,0.05421686917543411
960,8,264049,0.051851850003004074
960,9,42904,0.05161290243268013
960,10,1359732,0.051094889640808105
960,11,842871,0.050632912665605545
960,12,946181,0.04926108196377754
960,13,1132968,0.04918032884597778
960,14,984829,0.0491071417927742
960,15,870671,0.048245612531900406
960,16,339403,0.04794520512223244
960,17,18463625,0.04739336669445038
960,18,1386643,0.04702194407582283
960,19,6595917,0.04661016911268234
960,20,1017370,0.04500000178813934
960,21,1824362,0.04494382068514824
960,22,163928,0.044736843556165695
960,23,39678,0.04444444552063942
960,24,1032171,0.04430379718542099
960,25,489077,0.04411764815449715
960,26,958210,0.04395604506134987
960,27,6608018,0.04328018054366112
960,28,430524,0.043103449046611786
960,29,14279456,0.043103449046611786
960,30,1920769,0.042944785207509995
960,31,1175428,0.04285714402794838
960,32,133088,0.042553190141916275
960,33,853421,0.04193548485636711
960,34,810271,0.0416666679084301
960,35,14749689,0.0416666679084301
960,36,4593761,0.04137931019067764
960,37,564970,0.04098360612988472
960,38,1280997,0.040816325694322586
960,39,3743599,0.040816325694322586
960,40,105086,0.04065040498971939
960,41,1379592,0.04048582911491394
960,42,2070103,0.04032257944345474
960,43,1735926,0.04026845470070839
960,44,11559857,0.04026845470070839
960,45,19092689,0.04026845470070839
960,46,1207111,0.0401785708963871
960,47,2880113,0.03999999910593033
960,48,144809,0.0397351011633873
960,49,13804487,0.0397351011633873
960,50,14044509,0.039647575467824936
960,51,3036058,0.039603959769010544
960,52,1468318,0.03954802080988884
960,53,10549296,0.03937007859349251
960,54,10839280,0.03932584449648857
960,55,3209595,0.03921568766236305
960,56,24065797,0.03921568766236305
960,57,2113600,0.03914590924978256
960,58,13809,0.03913043439388275
960,59,4242,0.039007093757390976
960,60,3140534,0.03879310190677643
961,1,56540,0.20212766528129578
961,2,21573159,0.16455696523189545
961,3,2736851,0.11428571492433548
961,4,41261371,0.07222222536802292
961,5,6879893,0.0714285746216774
961,6,112914,0.0683111920952797
961,7,11094898,0.05204461142420769
961,8,320876,0.04964539036154747
961,9,27204944,0.0470588244497776
961,10,2215939,0.04444444552063942
961,11,3275269,0.04285714402794838
961,12,18658793,0.04054053872823715
961,13,133989,0.04040404036641121
961,14,956435,0.03809523954987526
961,15,15706156,0.037974681705236435
961,16,224630,0.03614457696676254
961,17,1611721,0.0357142873108387
961,18,2240399,0.03488372266292572
961,19,2344959,0.03488372266292572
961,20,19169658,0.03478260710835457
961,21,2209671,0.03448275849223137
961,22,212602,0.034161489456892014
961,23,1756338,0.034090910106897354
961,24,2148987,0.033707864582538605
961,25,42419722,0.03333333507180214
961,26,2148986,0.032608695328235626
961,27,1474309,0.03200000151991844
961,28,11775,0.0317460335791111
961,29,1220077,0.031578946858644485
961,30,172538,0.031496062874794006
961,31,654048,0.03125
961,32,861550,0.03125
961,33,1312136,0.03125
961,34,26657685,0.03125
961,35,52268857,0.03125
961,36,972990,0.030927835032343864
961,37,235723,0.030612245202064514
961,38,1386356,0.030612245202064514
961,39,19034527,0.03050847537815571
961,40,1034786,0.029126213863492012
961,41,73811,0.029100529849529266
961,42,17943436,0.029069768264889717
961,43,1321803,0.028846153989434242
961,44,1731763,0.028169013559818268
961,45,1618080,0.02777777798473835
961,46,1986645,0.02777777798473835
961,47,9375624,0.02777777798473835
961,48,1405544,0.027681661769747734
961,49,3000541,0.027559055015444756
961,50,2902834,0.027322404086589813
961,51,15570165,0.027210883796215057
961,52,151586,0.027149321511387825
961,53,171430,0.026595745235681534
961,54,18970415,0.02654867246747017
961,55,17348487,0.02590673603117466
961,56,17441791,0.0258397925645113
961,57,2954048,0.025723472237586975
961,58,17352354,0.025641025975346565
961,59,2131999,0.025531914085149765
961,60,17500,0.02521008439362049
962,1,138050,0.0731707289814949
962,2,16672030,0.06666667014360428
962,3,2077262,0.06382978707551956
962,4,1824318,0.0634920671582222
962,5,1128986,0.06122449040412903
962,6,826265,0.05882352963089943
962,7,3101438,0.05882352963089943
962,8,339350,0.056603774428367615
962,9,2676712,0.056603774428367615
962,10,14668096,0.056603774428367615
962,11,1019008,0.056338027119636536
962,12,2055934,0.0555555559694767
962,13,950329,0.0517241396009922
962,14,2440446,0.0517241396009922
962,15,3321103,0.05128205195069313
962,16,2640521,0.05000000074505806
962,17,38952,0.04918032884597778
962,18,2918668,0.04838709533214569
962,19,3719102,0.048192769289016724
962,20,857416,0.0476190485060215
962,21,1391302,0.0476190485060215
962,22,1890744,0.0476190485060215
962,23,2153548,0.0476190485060215
962,24,30834204,0.0476190485060215
962,25,112834,0.04615384712815285
962,26,2080617,0.04545454680919647
962,27,816350,0.045045044273138046
962,28,762606,0.04411764815449715
962,29,879259,0.04411764815449715
962,30,1379779,0.04411764815449715
962,31,32296,0.04285714402794838
962,32,893452,0.04285714402794838
962,33,669174,0.0422535203397274
962,34,2307024,0.0422535203397274
962,35,1180015,0.04210526496171951
962,36,1690547,0.0416666679084301
962,37,90454,0.04123711213469505
962,38,1075684,0.04123711213469505
962,39,1414912,0.040816325694322586
962,40,1308344,0.04054053872823715
962,41,2954242,0.04054053872823715
962,42,3094971,0.03999999910593033
962,43,1052584,0.039772726595401764
962,44,1223157,0.03947368264198303
962,45,313957,0.03846153989434242
962,46,2403570,0.037974681705236435
962,47,6146406,0.037974681705236435
962,48,2280883,0.03773584961891174
962,49,1286367,0.03750000149011612
962,50,1725483,0.03750000149011612
962,51,114,0.03731343150138855
962,52,172963,0.03703703731298447
962,53,3419289,0.03703703731298447
962,54,188924,0.03658536449074745
962,55,2973873,0.03658536449074745
962,56,344426,0.036363635212183
962,57,2887963,0.03614457696676254
962,58,1193116,0.03529411926865578
962,59,2578988,0.035087719559669495
962,60,467254,0.03488372266292572
969,1,2501288,0.5985401272773743
969,2,2529035,0.48051947355270386
969,3,2285229,0.1521196961402893
969,4,1219592,0.07999999821186066
969,5,1879,0.07065217196941376
969,6,2901348,0.06914893537759781
969,7,1785549,0.06562499701976776
969,8,1322254,0.06428571790456772
969,9,268824,0.06382978707551956
969,10,3897683,0.06266318261623383
969,11,888455,0.061403509229421616
969,12,1603405,0.06115107983350754
969,13,6582550,0.05985915660858154
969,14,429198,0.05864197388291359
969,15,1092293,0.058394160121679306
969,16,1625130,0.058139536529779434
969,17,1374812,0.057894736528396606
969,18,2682098,0.0573248416185379
969,19,2210660,0.05666666850447655
969,20,1903936,0.05588235333561897
969,21,1787093,0.055276382714509964
969,22,1214027,0.05494505539536476
969,23,3245408,0.054711245000362396
969,24,2979854,0.05371900647878647
969,25,3464,0.05363984778523445
969,26,1880,0.0535714291036129
969,27,1163669,0.05347593501210213
969,28,1878,0.05339805781841278
969,29,1139000,0.05306122452020645
969,30,3313414,0.05298013240098953
969,31,3192037,0.05263157933950424
969,32,1567967,0.05252918228507042
969,33,1210896,0.052401747554540634
969,34,206925,0.05220228433609009
969,35,14213,0.051643192768096924
969,36,1575861,0.05154639109969139
969,37,5912667,0.051020409911870956
969,38,3386737,0.050359711050987244
969,39,1508178,0.04974270984530449
969,40,1207057,0.049723755568265915
969,41,3264295,0.04935622215270996
969,42,23288,0.049056604504585266
969,43,1121251,0.04901960864663124
969,44,575142,0.04891304299235344
969,45,42904,0.04878048598766327
969,46,3204657,0.048672568053007126
969,47,4242,0.0486111119389534
969,48,7250253,0.04844290763139725
969,49,3280795,0.04830917716026306
969,50,944240,0.04803493618965149
969,51,25169,0.04769475385546684
969,52,2155900,0.0476190485060215
969,53,2811854,0.04736842215061188
969,54,963222,0.047337278723716736
969,55,990114,0.04729729890823364
969,56,984829,0.04721030220389366
969,57,1731888,0.04721030220389366
969,58,2478886,0.04716981202363968
969,59,2344153,0.0469798669219017
969,60,578830,0.04694835841655731
973,1,1386324,0.11666666716337204
973,2,1004393,0.10810811072587967
973,3,1003964,0.09615384787321091
973,4,1047568,0.09615384787321091
973,5,1220147,0.09302325546741486
973,6,1315572,0.09302325546741486
973,7,2210482,0.0923076942563057
973,8,1121935,0.09090909361839294
973,9,1124535,0.09090909361839294
973,10,1047576,0.08571428805589676
973,11,10986678,0.0833333358168602
973,12,636261,0.08196721225976944
973,13,1323557,0.08064515888690948
973,14,1023758,0.07999999821186066
973,15,681851,0.0784313753247261
973,16,1103316,0.07692307978868484
973,17,1656456,0.07692307978868484
973,18,2670085,0.07692307978868484
973,19,40236368,0.07692307978868484
973,20,170878,0.07575757801532745
973,21,1035259,0.07547169923782349
973,22,1121913,0.07547169923782349
973,23,6546257,0.07547169923782349
973,24,1121945,0.07500000298023224
973,25,78274,0.07407407462596893
973,26,242107,0.0731707289814949
973,27,1481934,0.072727270424366
973,28,1845013,0.072727270424366
973,29,2815,0.0714285746216774
973,30,869986,0.0714285746216774
973,31,2389441,0.0714285746216774
973,32,2777360,0.0714285746216774
973,33,18020408,0.0714285746216774
973,34,45254499,0.0714285746216774
973,35,34288,0.07058823853731155
973,36,137723,0.07042253762483597
973,37,1004371,0.07042253762483597
973,38,859023,0.06896551698446274
973,39,1234051,0.06896551698446274
973,40,1171083,0.06818182021379471
973,41,2845551,0.06818182021379471
973,42,15330147,0.06818182021379471
973,43,26040380,0.06818182021379471
973,44,1956,0.06779661029577255
973,45,1106116,0.06779661029577255
973,46,384258,0.06666667014360428
973,47,1137049,0.06666667014360428
973,48,1937310,0.06666667014360428
973,49,910730,0.06521739065647125
973,50,1105644,0.06521739065647125
973,51,2611963,0.06521739065647125
973,52,2954831,0.06521739065647125
973,53,384252,0.06451612710952759
973,54,39678,0.06382978707551956
973,55,1705169,0.06382978707551956
973,56,9639617,0.06382978707551956
973,57,612447,0.0634920671582222
973,58,2769,0.0625
973,59,594437,0.0625
973,60,726213,0.0625
1052,1,388063,0.7586206793785095
1052,2,1089092,0.7241379022598267
1052,3,2773925,0.7142857313156128
1052,4,3575140,0.699999988079071
1052,5,3575252,0.6875
1052,6,329317,0.6666666865348816
1052,7,1384120,0.5925925970077515
1052,8,216150,0.5757575631141663
1052,9,561940,0.5641025900840759
1052,10,2021464,0.5405405163764954
1052,11,3715392,0.5333333611488342
1052,12,5277606,0.5
1052,13,19475,0.4545454680919647
1052,14,1527549,0.43478259444236755
1052,15,2366490,0.4313725531101227
1052,16,2393986,0.3888888955116272
1052,17,1200332,0.3283582031726837
1052,18,1200321,0.29113924503326416
1052,19,722040,0.14367815852165222
1052,20,833376,0.10256410390138626
1052,21,1178411,0.09090909361839294
1052,22,1244681,0.08695652335882187
1052,23,1471430,0.0833333358168602
1052,24,887936,0.08196721225976944
1052,25,759594,0.08163265138864517
1052,26,349014,0.0810810774564743
1052,27,44980503,0.0810810774564743
1052,28,1093467,0.078125
1052,29,899434,0.07692307978868484
1052,30,1093466,0.07692307978868484
1052,31,891820,0.07575757801532745
1052,32,2199691,0.07500000298023224
1052,33,26332797,0.07500000298023224
1052,34,3144740,0.07407407462596893
1052,35,1050658,0.0731707289814949
1052,36,1178413,0.0731707289814949
1052,37,3658697,0.0731707289814949
1052,38,976853,0.072727270424366
1052,39,887937,0.07246376574039459
1052,40,99034,0.0714285746216774
1052,41,2077262,0.0714285746216774
1052,42,2781025,0.0714285746216774
1052,43,1519765,0.07042253762483597
1052,44,352704,0.07017543911933899
1052,45,99033,0.06976744532585144
1052,46,630937,0.06976744532585144
1052,47,1088608,0.06976744532585144
1052,48,2918547,0.06976744532585144
1052,49,18610665,0.06976744532585144
1052,50,3217787,0.0694444477558136
1052,51,2530485,0.06896551698446274
1052,52,2758229,0.06896551698446274
1052,53,2907212,0.06896551698446274
1052,54,936979,0.06849315017461777
1052,55,22983,0.06779661029577255
1052,56,1928302,0.06779661029577255
1052,57,2906697,0.06779661029577255
1052,58,22993,0.06666667014360428
1052,59,347193,0.06666667014360428
1052,60,891842,0.06666667014360428
1057,1,128563,0.1428571492433548
1057,2,1381450,0.1428571492433548
1057,3,1380633,0.13793103396892548
1057,4,128564,0.11764705926179886
1057,5,128565,0.11764705926179886
1057,6,2548393,0.10256410390138626
1057,7,14733361,0.09090909361839294
1057,8,128568,0.08888889104127884
1057,9,1817638,0.0833333358168602
1057,10,1915001,0.0833333358168602
1057,11,42427731,0.0810810774564743
1057,12,1059,0.07999999821186066
1057,13,803245,0.07692307978868484
1057,14,842164,0.07547169923782349
1057,15,2989750,0.07500000298023224
1057,16,6874180,0.07500000298023224
1057,17,1817640,0.07407407462596893
1057,18,1521838,0.0729166641831398
1057,19,1907094,0.0714285746216774
1057,20,1058,0.06896551698446274
1057,21,2056682,0.06896551698446274
1057,22,14399968,0.06666667014360428
1057,23,49675,0.06521739065647125
1057,24,555170,0.06521739065647125
1057,25,835284,0.06382978707551956
1057,26,2261682,0.06382978707551956
1057,27,3063259,0.06329113990068436
1057,28,1840118,0.06122449040412903
1057,29,1251298,0.05999999865889549
1057,30,1850586,0.05999999865889549
1057,31,12937194,0.05882352963089943
1057,32,1383185,0.057692307978868484
1057,33,1174485,0.05714285746216774
1057,34,856177,0.0555555559694767
1057,35,1376683,0.0555555559694767
1057,36,2960849,0.05454545468091965
1057,37,6479952,0.05263157933950424
1057,38,20574,0.05000000074505806
1057,39,1251299,0.04918032884597778
1057,40,2341114,0.04918032884597778
1057,41,26144200,0.046875
1057,42,2337952,0.04615384712815285
1057,43,1433635,0.043478261679410934
1057,44,10282187,0.0416666679084301
1057,45,1011388,0.04054053872823715
1057,46,835285,0.03947368264198303
1057,47,45662,0.037974681705236435
1057,48,47104908,0.037974681705236435
1057,49,1154196,0.03488372266292572
1057,50,15344305,0.03448275849223137
1057,51,1837346,0.032967034727334976
1057,52,1862679,0.032608695328235626
1057,53,24585130,0.032608695328235626
1057,54,813,0.032258063554763794
1057,55,410136,0.032258063554763794
1057,56,1105543,0.03200000151991844
1057,57,1361919,0.030612245202064514
1057,58,2960837,0.03030303120613098
1057,59,10693559,0.03030303120613098
1057,60,2425692,0.029999999329447746
1058,1,1817640,0.75
1058,2,803245,0.7446808218955994
1058,3,1817638,0.695652186870575
1058,4,2056682,0.692307710647583
1058,5,842164,0.5961538553237915
1058,6,128568,0.5957446694374084
1058,7,1059,0.5686274766921997
1058,8,1915001,0.5
1058,9,2261682,0.40740740299224854
1058,10,1521838,0.4021739065647125
1058,11,6874180,0.32692307233810425
1058,12,1380633,0.31111112236976624
1058,13,128565,0.30612245202064514
1058,14,128563,0.2888889014720917
1058,15,1381450,0.2888889014720917
1058,16,128564,0.2800000011920929
1058,17,48207,0.1568627506494522
1058,18,3066290,0.1428571492433548
1058,19,23893044,0.11999999731779099
1058,20,52221,0.10447761416435242
1058,21,2498,0.1015625
1058,22,1027423,0.10144927352666855
1058,23,92800,0.09615384787321091
1058,24,449577,0.09375
1058,25,940527,0.09302325546741486
1058,26,624704,0.08791209012269974
1058,27,1761500,0.08653846383094788
1058,28,2629708,0.08571428805589676
1058,29,3287278,0.08433734625577927
1058,30,686912,0.0833333358168602
1058,31,940528,0.0833333358168602
1058,32,1074077,0.0810810774564743
1058,33,398394,0.08064515888690948
1058,34,21739207,0.07999999821186066
1058,35,390332,0.07920791953802109
1058,36,1163520,0.07894736528396606
1058,37,15326155,0.0784313753247261
1058,38,3810382,0.078125
1058,39,2674420,0.07777778059244156
1058,40,16179287,0.0776699036359787
1058,41,42382646,0.07692307978868484
1058,42,75079,0.07619047909975052
1058,43,21821231,0.07575757801532745
1058,44,390334,0.07547169923782349
1058,45,4362,0.07526881992816925
1058,46,2776,0.0746268630027771
1058,47,492437,0.0746268630027771
1058,48,1095039,0.0746268630027771
1058,49,1380029,0.0746268630027771
1058,50,2246993,0.0746268630027771
1058,51,26063,0.07446808367967606
1058,52,2522719,0.07407407462596893
1058,53,124802,0.072727270424366
1058,54,352638,0.072727270424366
1058,55,477658,0.072727270424366
1058,56,10644558,0.072727270424366
1058,57,604598,0.07246376574039459
1058,58,4313591,0.07246376574039459
1058,59,6493287,0.07246376574039459
1058,60,1246810,0.07228915393352509
1059,1,128568,0.7631579041481018
1059,2,1915001,0.75
1059,3,842164,0.7441860437393188
1059,4,1817640,0.7272727489471436
1059,5,1817638,0.707317054271698
1059,6,2261682,0.6585366129875183
1059,7,803245,0.6086956262588501
1059,8,2056682,0.6000000238418579
1059,9,1058,0.5686274766921997
1059,10,6874180,0.5249999761581421
1059,11,1380633,0.4166666567325592
1059,12,128565,0.4000000059604645
1059,13,128563,0.3888888955116272
1059,14,1381450,0.3888888955116272
1059,15,128564,0.3658536672592163
1059,16,1521838,0.32967033982276917
1059,17,23893044,0.20000000298023224
1059,18,3066290,0.19148936867713928
1059,19,48207,0.15909090638160706
1059,20,52221,0.13793103396892548
1059,21,686912,0.11764705926179886
1059,22,3810382,0.1090909093618393
1059,23,18293875,0.1041666641831398
1059,24,21497602,0.1041666641831398
1059,25,4313591,0.10000000149011612
1059,26,15966126,0.10000000149011612
1059,27,19241944,0.10000000149011612
1059,28,2933198,0.09836065769195557
1059,29,3223258,0.09836065769195557
1059,30,7416059,0.09836065769195557
1059,31,263078,0.09803921729326248
1059,32,749393,0.09803921729326248
1059,33,17460550,0.09803921729326248
1059,34,267977,0.09677419066429138
1059,35,56202,0.09615384787321091
1059,36,1026843,0.09615384787321091
1059,37,1246810,0.09459459781646729
1059,38,2976384,0.09433962404727936
1059,39,3287278,0.09333333373069763
1059,40,15326155,0.09302325546741486
1059,41,940528,0.09210526198148727
1059,42,286163,0.09090909361839294
1059,43,749392,0.09090909361839294
1059,44,2498,0.0901639312505722
1059,45,18274434,0.0892857164144516
1059,46,940527,0.08860759437084198
1059,47,1438144,0.0882352963089943
1059,48,1074077,0.08737864345312119
1059,49,3446117,0.08695652335882187
1059,50,46881980,0.08695652335882187
1059,51,124802,0.08510638028383255
1059,52,10644558,0.08510638028383255
1059,53,56199,0.08474576473236084
1059,54,124804,0.0833333358168602
1059,55,19043716,0.0833333358168602
1059,56,43205965,0.0833333358168602
1059,57,1761500,0.0824742242693901
1059,58,17556407,0.08219178020954132
1059,59,604598,0.08196721225976944
1059,60,143057,0.08163265138864517
1080,1,19176646,0.11940298229455948
1080,2,11619217,0.11864406615495682
1080,3,13574748,0.09708737581968307
1080,4,23464,0.08799999952316284
1080,5,13013056,0.08602150529623032
1080,6,2167491,0.08064515888690948
1080,7,1308,0.078125
1080,8,33496,0.0776699036359787
1080,9,1309914,0.07352941483259201
1080,10,850076,0.06779661029577255
1080,11,1987525,0.06779661029577255
1080,12,376566,0.0634920671582222
1080,13,14334721,0.0625
1080,14,629317,0.06185567006468773
1080,15,18073401,0.0615384615957737
1080,16,6966450,0.05882352963089943
1080,17,1860288,0.05797101557254791
1080,18,100151,0.056338027119636536
1080,19,1237369,0.056338027119636536
1080,20,9151,0.0555555559694767
1080,21,62690,0.05303030461072922
1080,22,175126,0.05263157933950424
1080,23,618932,0.051948051899671555
1080,24,188385,0.0517241396009922
1080,25,1689887,0.050632912665605545
1080,26,41397657,0.05000000074505806
1080,27,2284499,0.04938271641731262
1080,28,37286000,0.04938271641731262
1080,29,13048036,0.04918032884597778
1080,30,907243,0.04854368790984154
1080,31,54561,0.04838709533214569
1080,32,3250675,0.048192769289016724
1080,33,18929,0.0476190485060215
1080,34,864626,0.0476190485060215
1080,35,1150891,0.046875
1080,36,1856482,0.046875
1080,37,13760298,0.046875
1080,38,1987129,0.04672897234559059
1080,39,1309352,0.046296294778585434
1080,40,6472742,0.04615384712815285
1080,41,13076317,0.04615384712815285
1080,42,2457983,0.04545454680919647
1080,43,2691404,0.04545454680919647
1080,44,10934698,0.04494382068514824
1080,45,227267,0.04477611929178238
1080,46,1932215,0.04477611929178238
1080,47,3249447,0.04444444552063942
1080,48,3101132,0.044247787445783615
1080,49,2277649,0.04411764815449715
1080,50,2085667,0.04395604506134987
1080,51,6329677,0.04395604506134987
1080,52,25733,0.043478261679410934
1080,53,768073,0.043478261679410934
1080,54,25222314,0.043478261679410934
1080,55,3212390,0.04285714402794838
1080,56,18368758,0.04285714402794838
1080,57,47250922,0.04285714402794838
1080,58,1835,0.0422535203397274
1080,59,19101112,0.0422535203397274
1080,60,598404,0.0416666679084301
1096,1,1042123,0.426716148853302
1096,2,2842984,0.22093023359775543
1096,3,3078120,0.21900826692581177
1096,4,74123,0.20069605112075806
1096,5,809325,0.18508286774158478
1096,6,1877624,0.17061612010002136
1096,7,1636629,0.12652438879013062
1096,8,1185086,0.125
1096,9,819071,0.11925042420625687
1096,10,1712283,0.11669367551803589
1096,11,1636617,0.11197511851787567
1096,12,583655,0.11092714965343475
1096,13,1128601,0.11001235991716385
1096,14,583688,0.10843373835086823
1096,15,1128623,0.107421875
1096,16,1494222,0.10678210854530334
1096,17,819126,0.10606060922145844
1096,18,1229354,0.10564663261175156
1096,19,1796454,0.10534591227769852
1096,20,929672,0.10437710583209991
1096,21,3312754,0.10375671088695526
1096,22,1494234,0.1031128391623497
1096,23,1107935,0.10260869562625885
1096,24,280092,0.10216110199689865
1096,25,819104,0.10112359374761581
1096,26,62360,0.1008264496922493
1096,27,46982,0.10037174820899963
1096,28,1857065,0.09900990128517151
1096,29,583611,0.09864365309476852
1096,30,968512,0.09830508381128311
1096,31,59951,0.09756097197532654
1096,32,194190,0.09748667478561401
1096,33,144656,0.09689922630786896
1096,34,62580,0.09687499701976776
1096,35,525730,0.09562841802835464
1096,36,968513,0.09533073753118515
1096,37,2073281,0.09363295882940292
1096,38,2889659,0.09259258955717087
1096,39,9934116,0.09218437224626541
1096,40,13659124,0.08946321904659271
1096,41,4110990,0.08925619721412659
1096,42,135328,0.08833619207143784
1096,43,583590,0.08687258511781693
1096,44,9910828,0.08557457476854324
1096,45,592532,0.08542713522911072
1096,46,6432996,0.08416833728551865
1096,47,4857805,0.08376963436603546
1096,48,1007964,0.08325952291488647
1096,49,208362,0.07748690992593765
1096,50,1371210,0.07744874805212021
1096,51,1703483,0.07672955840826035
1096,52,3171254,0.07619047909975052
1096,53,64823,0.07567567378282547
1096,54,1179689,0.07494646310806274
1096,55,18164154,0.07400379329919815
1096,56,1263322,0.07398568093776703
1096,57,22431183,0.0731707289814949
1096,58,817527,0.07297297567129135
1096,59,3262727,0.07266435772180557
1096,60,6277491,0.07263513654470444
1132,1,1024673,0.125
1132,2,1426160,0.10389610379934311
1132,3,191053,0.10000000149011612
1132,4,23451493,0.10000000149011612
1132,5,201468,0.09333333373069763
1132,6,933480,0.09302325546741486
1132,7,843303,0.08620689809322357
1132,8,3198978,0.08571428805589676
1132,9,1362528,0.08510638028383255
1132,10,21541897,0.0845070406794548
1132,11,819179,0.08433734625577927
1132,12,6823661,0.08163265138864517
1132,13,45957457,0.08163265138864517
1132,14,1279206,0.08139535039663315
1132,15,1434663,0.07999999821186066
1132,16,57380,0.0784313753247261
1132,17,106892,0.0784313753247261
1132,18,21540837,0.0784313753247261
1132,19,2802503,0.078125
1132,20,7390624,0.078125
1132,21,1240339,0.07692307978868484
1132,22,1672323,0.07692307978868484
1132,23,22400269,0.07692307978868484
1132,24,1094148,0.07547169923782349
1132,25,21911367,0.07547169923782349
1132,26,260720,0.07407407462596893
1132,27,631122,0.07407407462596893
1132,28,21705136,0.07407407462596893
1132,29,10717823,0.07352941483259201
1132,30,575600,0.0731707289814949
1132,31,37262,0.07228915393352509
1132,32,1998683,0.07189542800188065
1132,33,1221276,0.0714285746216774
1132,34,1589622,0.0714285746216774
1132,35,2983941,0.0714285746216774
1132,36,842871,0.07058823853731155
1132,37,10847,0.07017543911933899
1132,38,86428,0.07017543911933899
1132,39,359299,0.07017543911933899
1132,40,588869,0.07017543911933899
1132,41,887531,0.07017543911933899
1132,42,271837,0.06976744532585144
1132,43,277209,0.06896551698446274
1132,44,1184723,0.06896551698446274
1132,45,40717536,0.06896551698446274
1132,46,2318048,0.06875000149011612
1132,47,1595522,0.06849315017461777
1132,48,2961469,0.06849315017461777
1132,49,519758,0.06779661029577255
1132,50,1137246,0.06779661029577255
1132,51,1972481,0.06779661029577255
1132,52,502982,0.06722689419984818
1132,53,216789,0.06666667014360428
1132,54,1685291,0.06666667014360428
1132,55,1735926,0.06666667014360428
1132,56,2201870,0.06666667014360428
1132,57,3050713,0.06666667014360428
1132,58,896682,0.06611569970846176
1132,59,852774,0.06578947603702545
1132,60,731675,0.06557376682758331
1140,1,175882,0.13013698160648346
1140,2,15306654,0.11020407825708389
1140,3,1017679,0.1015625
1140,4,1739475,0.09774436056613922
1140,5,1003095,0.08648648858070374
1140,6,752463,0.08280254900455475
1140,7,357793,0.08275862038135529
1140,8,366182,0.08095238357782364
1140,9,9295,0.0794702023267746
1140,10,1443553,0.07449856400489807
1140,11,2290688,0.07387863099575043
1140,12,1247207,0.06666667014360428
1140,13,39396,0.06557376682758331
1140,14,2886568,0.06535948067903519
1140,15,2103337,0.06115107983350754
1140,16,46720,0.05960264801979065
1140,17,3256309,0.05882352963089943
1140,18,31817,0.056910570710897446
1140,19,1185316,0.05574912950396538
1140,20,1101090,0.05426356568932533
1140,21,94172,0.05309734493494034
1140,22,28117,0.05263157933950424
1140,23,389834,0.05223880708217621
1140,24,629495,0.0520833320915699
1140,25,738953,0.051094889640808105
1140,26,2640266,0.05056179687380791
1140,27,45343,0.050359711050987244
1140,28,503408,0.04964539036154747
1140,29,1026304,0.04800000041723251
1140,30,745601,0.04724409431219101
1140,31,1118349,0.04712041839957237
1140,32,278178,0.04663212597370148
1140,33,1358325,0.04580152779817581
1140,34,372536,0.04545454680919647
1140,35,19175806,0.04511278122663498
1140,36,1701632,0.044692736119031906
1140,37,1348308,0.04444444552063942
1140,38,46724,0.04411764815449715
1140,39,672041,0.04385964944958687
1140,40,1800811,0.043209876865148544
1140,41,3051059,0.04285714402794838
1140,42,738965,0.0422535203397274
1140,43,835372,0.041916169226169586
1140,44,125993,0.041322313249111176
1140,45,2215939,0.04098360612988472
1140,46,134831,0.04065040498971939
1140,47,24839,0.04048582911491394
1140,48,26739575,0.04032257944345474
1140,49,1369571,0.04020100459456444
1140,50,370310,0.0396825410425663
1140,51,26657685,0.03937007859349251
1140,52,525707,0.03921568766236305
1140,53,849464,0.0390625
1140,54,208153,0.03861003741621971
1140,55,756454,0.03846153989434242
1140,56,1208289,0.038327526301145554
1140,57,2193696,0.03821656107902527
1140,58,2095346,0.038167938590049744
1140,59,1121516,0.03773584961891174
1140,60,1014179,0.03759398311376572
1142,1,924908,0.08041957765817642
1142,2,887936,0.07999999821186066
1142,3,936979,0.07547169923782349
1142,4,963772,0.06927710771560669
1142,5,2441,0.06796116381883621
1142,6,1612315,0.06779661029577255
1142,7,3246409,0.06461086869239807
1142,8,2607049,0.0638977661728859
1142,9,625423,0.06367041170597076
1142,10,3271184,0.06334841996431351
1142,11,1214907,0.06306306272745132
1142,12,1650913,0.06137184053659439
1142,13,250975,0.06109979748725891
1142,14,2223519,0.06093750149011612
1142,15,728749,0.059907834976911545
1142,16,1807620,0.059907834976911545
1142,17,838570,0.05882352963089943
1142,18,2684122,0.057446807622909546
1142,19,188517,0.05714285746216774
1142,20,910927,0.056716419756412506
1142,21,887937,0.056603774428367615
1142,22,6257025,0.05593220517039299
1142,23,3143431,0.05584825947880745
1142,24,4232388,0.05494505539536476
1142,25,3349153,0.05491990968585014
1142,26,900927,0.054711245000362396
1142,27,2013874,0.05445544421672821
1142,28,1527439,0.05429864302277565
1142,29,249012,0.05416666716337204
1142,30,895966,0.053921569138765335
1142,31,59258,0.05352112650871277
1142,32,879718,0.05309734493494034
1142,33,953721,0.05213269963860512
1142,34,1177001,0.051344744861125946
1142,35,1469913,0.05113636329770088
1142,36,2398287,0.05112219601869583
1142,37,1816475,0.051051050424575806
1142,38,3049282,0.05092592537403107
1142,39,2781025,0.05000000074505806
1142,40,1128271,0.04977375641465187
1142,41,15268500,0.049618322402238846
1142,42,2996445,0.04934210702776909
1142,43,3009869,0.0490909107029438
1142,44,425872,0.048991356045007706
1142,45,838965,0.04878048598766327
1142,46,869390,0.048672568053007126
1142,47,2069530,0.04842105135321617
1142,48,95855,0.048346057534217834
1142,49,37962,0.04833836853504181
1142,50,3049535,0.04785894230008125
1142,51,2952196,0.04780876636505127
1142,52,2144026,0.04773269593715668
1142,53,933082,0.04735375940799713
1142,54,7351419,0.04721030220389366
1142,55,58690,0.04716981202363968
1142,56,17613051,0.047146402299404144
1142,57,1132968,0.0470588244497776
1142,58,2045395,0.04651162773370743
1142,59,18130445,0.04639175161719322
1142,60,19273256,0.04624277353286743
1154,1,2977702,0.1269841343164444
1154,2,24981,0.1071428582072258
1154,3,1282440,0.10204081982374191
1154,4,21534312,0.08771929889917374
1154,5,23425,0.08163265138864517
1154,6,24375,0.0784313753247261
1154,7,40281739,0.0784313753247261
1154,8,1846097,0.0776699036359787
1154,9,7319357,0.07407407462596893
1154,10,86258,0.07352941483259201
1154,11,218134,0.07228915393352509
1154,12,2216625,0.07042253762483597
1154,13,1244926,0.06796116381883621
1154,14,655467,0.06779661029577255
1154,15,249859,0.06756756454706192
1154,16,760644,0.06666667014360428
1154,17,1118876,0.06666667014360428
1154,18,3187361,0.06557376682758331
1154,19,2952174,0.065476194024086
1154,20,2193905,0.06451612710952759
1154,21,5235729,0.06410256773233414
1154,22,2568657,0.06382978707551956
1154,23,1139031,0.0634920671582222
1154,24,18221998,0.0634920671582222
1154,25,433070,0.0625
1154,26,708380,0.0625
1154,27,6985333,0.06172839552164078
1154,28,1685656,0.0615384615957737
1154,29,11379638,0.0615384615957737
1154,30,42904,0.060975611209869385
1154,31,51870043,0.05999999865889549
1154,32,1845013,0.05970149114727974
1154,33,190107,0.05882352963089943
1154,34,487024,0.05882352963089943
1154,35,575142,0.05882352963089943
1154,36,13335680,0.05882352963089943
1154,37,25723388,0.05844155699014664
1154,38,1220077,0.05797101557254791
1154,39,1648247,0.05797101557254791
1154,40,2915313,0.05714285746216774
1154,41,34292,0.056338027119636536
1154,42,283212,0.056338027119636536
1154,43,614558,0.0555555559694767
1154,44,1017370,0.0555555559694767
1154,45,2931476,0.0555555559694767
1154,46,6267359,0.0555555559694767
1154,47,12651818,0.0555555559694767
1154,48,7088029,0.05494505539536476
1154,49,549907,0.054794520139694214
1154,50,14592198,0.054794520139694214
1154,51,42081,0.05454545468091965
1154,52,44555766,0.05454545468091965
1154,53,510354,0.054054055362939835
1154,54,2586820,0.0535714291036129
1154,55,14621253,0.0535714291036129
1154,56,6471342,0.0533333346247673
1154,57,24175954,0.05263157933950424
1154,58,769644,0.051948051899671555
1154,59,843370,0.051948051899671555
1154,60,46740,0.0517241396009922
1308,1,19176646,0.1111111119389534
1308,2,13013056,0.08571428805589676
1308,3,41714030,0.08571428805589676
1308,4,1080,0.078125
1308,5,13729936,0.07692307978868484
1308,6,46312952,0.07500000298023224
1308,7,842786,0.0625
1308,8,1121858,0.0625
1308,9,1748176,0.0625
1308,10,33496,0.06172839552164078
1308,11,1608124,0.06122449040412903
1308,12,2839122,0.05999999865889549
1308,13,45489188,0.05999999865889549
1308,14,1312015,0.05882352963089943
1308,15,18433052,0.057692307978868484
1308,16,1086777,0.05714285746216774
1308,17,24034566,0.0555555559694767
1308,18,983476,0.0535714291036129
1308,19,191828,0.05263157933950424
1308,20,16029496,0.051948051899671555
1308,21,1751058,0.05000000074505806
1308,22,23464,0.04716981202363968
1308,23,443285,0.046875
1308,24,25637147,0.046875
1308,25,64240,0.04615384712815285
1308,26,375997,0.04615384712815285
1308,27,2085667,0.04477611929178238
1308,28,11345339,0.04477611929178238
1308,29,25441287,0.042553190141916275
1308,30,26680075,0.0422535203397274
1308,31,32011,0.0416666679084301
1308,32,1558637,0.04109589010477066
1308,33,25207078,0.04109589010477066
1308,34,16183684,0.040816325694322586
1308,35,13358451,0.04054053872823715
1308,36,1978857,0.04032257944345474
1308,37,629317,0.03999999910593033
1308,38,8987023,0.03999999910593033
1308,39,907243,0.03804347664117813
1308,40,4642546,0.037974681705236435
1308,41,19175796,0.03759398311376572
1308,42,62690,0.036363635212183
1308,43,1043242,0.03529411926865578
1308,44,2399497,0.03448275849223137
1308,45,18518,0.034090910106897354
1308,46,989032,0.034090910106897354
1308,47,1358127,0.033707864582538605
1308,48,18538423,0.033707864582538605
1308,49,19176675,0.033707864582538605
1308,50,985244,0.033149171620607376
1308,51,1297604,0.033149171620607376
1308,52,45502249,0.032967034727334976
1308,53,17129429,0.032258063554763794
1308,54,17907836,0.032258063554763794
1308,55,1204936,0.03191489353775978
1308,56,22300682,0.031578946858644485
1308,57,850076,0.03144654259085655
1308,58,1373762,0.030612245202064514
1308,59,2342366,0.030612245202064514
1308,60,880193,0.029411764815449715
1311,1,127755,0.09090909361839294
1311,2,2649450,0.08860759437084198
1311,3,1218789,0.08139535039663315
1311,4,300449,0.0784313753247261
1311,5,467759,0.07692307978868484
1311,6,189338,0.07407407462596893
1311,7,1689887,0.07407407462596893
1311,8,3102980,0.07228915393352509
1311,9,13751223,0.07070706784725189
1311,10,53689624,0.06849315017461777
1311,11,4682,0.06741572916507721
1311,12,6315175,0.06666667014360428
1311,13,2917432,0.06578947603702545
1311,14,1748176,0.06504064798355103
1311,15,12303,0.06493506580591202
1311,16,20739,0.06451612710952759
1311,17,1309352,0.06363636255264282
1311,18,1373641,0.0625
1311,19,6985890,0.0625
1311,20,560851,0.06122449040412903
1311,21,983476,0.0602409653365612
1311,22,1751058,0.05747126415371895
1311,23,6299110,0.056603774428367615
1311,24,31340,0.056338027119636536
1311,25,2648679,0.056338027119636536
1311,26,2078450,0.056179776787757874
1311,27,25192319,0.056179776787757874
1311,28,1018077,0.054794520139694214
1311,29,375997,0.054347824305295944
1311,30,1835,0.054054055362939835
1311,31,93900,0.05376344174146652
1311,32,100151,0.0533333346247673
1311,33,77693,0.05263157933950424
1311,34,10108715,0.05263157933950424
1311,35,1692879,0.05202312022447586
1311,36,2794521,0.051948051899671555
1311,37,881096,0.05128205195069313
1311,38,1086777,0.051020409911870956
1311,39,200737,0.05000000074505806
1311,40,680963,0.05000000074505806
1311,41,2365807,0.04854368790984154
1311,42,2342366,0.04838709533214569
1311,43,87317,0.0476190485060215
1311,44,34433,0.046875
1311,45,89114,0.046875
1311,46,54561,0.04545454680919647
1311,47,1488719,0.04522613063454628
1311,48,1128381,0.045045044273138046
1311,49,702720,0.04494382068514824
1311,50,1345179,0.04494382068514824
1311,51,1182383,0.04477611929178238
1311,52,430063,0.04444444552063942
1311,53,995802,0.04444444552063942
1311,54,84298,0.04430379718542099
1311,55,169669,0.04411764815449715
1311,56,561357,0.04411764815449715
1311,57,835371,0.04395604506134987
1311,58,2382792,0.04395604506134987
1311,59,140111,0.043478261679410934
1311,60,486408,0.043478261679410934
1313,1,526775,0.17241379618644714
1313,2,203894,0.17000000178813934
1313,3,252777,0.15000000596046448
1313,4,1629232,0.13333334028720856
1313,5,2101042,0.13333334028720856
1313,6,276686,0.1325301229953766
1313,7,61979,0.1304347813129425
1313,8,304500,0.1304347813129425
1313,9,247323,0.11764705926179886
1313,10,168889,0.1111111119389534
1313,11,3016652,0.109375
1313,12,2078218,0.1090909093618393
1313,13,1555713,0.10869564861059189
1313,14,3147524,0.10810811072587967
1313,15,2326165,0.10526315867900848
1313,16,516673,0.10000000149011612
1313,17,2404919,0.09890110045671463
1313,18,6500,0.09803921729326248
1313,19,1007543,0.0972222238779068
1313,20,930013,0.09677419066429138
1313,21,6615761,0.09433962404727936
1313,22,2133549,0.09345794469118118
1313,23,34456,0.09302325546741486
1313,24,1286037,0.08988764137029648
1313,25,1498705,0.08888889104127884
1313,26,40080,0.08695652335882187
1313,27,1091465,0.08510638028383255
1313,28,14816053,0.08461538702249527
1313,29,241304,0.0833333358168602
1313,30,2306323,0.0776699036359787
1313,31,2620135,0.07692307978868484
1313,32,1807543,0.07563025504350662
1313,33,6788975,0.07547169923782349
1313,34,2021166,0.07407407462596893
1313,35,1211226,0.072727270424366
1313,36,2682328,0.07246376574039459
1313,37,1370865,0.07228915393352509
1313,38,1715387,0.0714285746216774
1313,39,2901756,0.0714285746216774
1313,40,2723088,0.06862745434045792
1313,41,289909,0.06779661029577255
1313,42,265016,0.06666667014360428
1313,43,2375308,0.06666667014360428
1313,44,14823978,0.06593406945466995
1313,45,2645148,0.06521739065647125
1313,46,2976220,0.06474819779396057
1313,47,206548,0.06382978707551956
1313,48,6707636,0.06363636255264282
1313,49,16347822,0.0634920671582222
1313,50,6801520,0.06293706595897675
1313,51,19041763,0.06185567006468773
1313,52,77364,0.06122449040412903
1313,53,225160,0.06122449040412903
1313,54,1215780,0.06115107983350754
1313,55,10394,0.05999999865889549
1313,56,14654173,0.05999999865889549
1313,57,169164,0.05970149114727974
1313,58,40769318,0.05970149114727974
1313,59,894384,0.05882352963089943
1313,60,11859,0.05681818351149559
1315,1,2283546,0.13574661314487457
1315,2,4117200,0.11874999850988388
1315,3,3296544,0.11510791629552841
1315,4,1007821,0.11428571492433548
1315,5,2415847,0.11397058516740799
1315,6,250281,0.109375
1315,7,405251,0.10309278219938278
1315,8,372591,0.10185185074806213
1315,9,43003,0.10089020431041718
1315,10,19154202,0.10000000149011612
1315,11,1931692,0.09917355328798294
1315,12,15005677,0.09803921729326248
1315,13,2148599,0.09278350323438644
1315,14,864626,0.09183673560619354
1315,15,191464,0.09049773961305618
1315,16,80004,0.09009008854627609
1315,17,7328391,0.0892857164144516
1315,18,261113,0.0891089141368866
1315,19,2463488,0.08490566164255142
1315,20,1018527,0.08403361588716507
1315,21,6595917,0.0833333358168602
1315,22,1352858,0.0824742242693901
1315,23,1385264,0.07857143133878708
1315,24,781193,0.07773109525442123
1315,25,74090,0.07758620381355286
1315,26,114515,0.07624633610248566
1315,27,770263,0.07619047909975052
1315,28,6127168,0.07584269344806671
1315,29,585352,0.07500000298023224
1315,30,10836913,0.072727270424366
1315,31,1009214,0.07216494530439377
1315,32,6156669,0.07207207381725311
1315,33,99260,0.07189542800188065
1315,34,99261,0.07096774131059647
1315,35,6273933,0.07079645991325378
1315,36,1259762,0.07070706784725189
1315,37,6156668,0.07058823853731155
1315,38,88871,0.07027027010917664
1315,39,1399464,0.07006369531154633
1315,40,4065,0.06930693238973618
1315,41,43458444,0.06896551698446274
1315,42,13341979,0.06842105090618134
1315,43,76811,0.06730769574642181
1315,44,885421,0.0670103058218956
1315,45,1298553,0.06666667014360428
1315,46,99257,0.06622516363859177
1315,47,74085,0.06603773683309555
1315,48,2647240,0.06578947603702545
1315,49,1040171,0.06542056053876877
1315,50,1584087,0.06465516984462738
1315,51,1185977,0.06451612710952759
1315,52,15036678,0.06410256773233414
1315,53,755771,0.06382978707551956
1315,54,1584088,0.06363636255264282
1315,55,748402,0.0634920671582222
1315,56,1971520,0.06338027864694595
1315,57,911368,0.06179775297641754
1315,58,1188881,0.061403509229421616
1315,59,1389158,0.061403509229421616
1315,60,1940784,0.061349693685770035
1351,1,1352,0.21052631735801697
1351,2,2994820,0.15625
1351,3,114781,0.1111111119389534
1351,4,1336027,0.10810811072587967
1351,5,1110751,0.1071428582072258
1351,6,1336039,0.1071428582072258
1351,7,603433,0.0533333346247673
1351,8,21463360,0.05000000074505806
1351,9,212779,0.0416666679084301
1351,10,3377947,0.032258063554763794
1351,11,918312,0.030612245202064514
1351,12,3255858,0.029126213863492012
1351,13,1984753,0.02158273383975029
1351,14,1080201,0.017316017299890518
1351,15,1816475,0.016483517363667488
1351,16,1628566,0.016286645084619522
1351,17,2683165,0.01604278013110161
1351,18,1864677,0.015706805512309074
1351,19,2045220,0.015625
1351,20,2547187,0.015384615398943424
1351,21,43024334,0.015075377188622952
1351,22,19137260,0.014999999664723873
1351,23,6812077,0.014925372786819935
1351,24,24258336,0.014354066923260689
1351,25,1511269,0.014218009077012539
1351,26,4232388,0.013888888992369175
1351,27,1786995,0.013100436888635159
1351,28,1902726,0.012711863964796066
1351,29,29679,0.012658228166401386
1351,30,997270,0.012145749293267727
1351,31,2491780,0.01149425283074379
1351,32,11221066,0.010714286006987095
1351,33,41711673,0.010714286006987095
1351,34,2029611,0.010676156729459763
1351,35,19195697,0.010489510372281075
1351,36,718772,0.010380622930824757
1351,37,1677615,0.009852216579020023
1351,38,2603195,0.00937500037252903
1351,39,802336,0.008928571827709675
1351,40,2884160,0.008595988154411316
1351,41,250975,0.008498583920300007
1351,42,2314709,0.008474576286971569
1351,43,2960365,0.008356546051800251
1351,44,1140206,0.008080808445811272
1351,45,2138852,0.007936508394777775
1351,46,2904401,0.007662835065275431
1351,47,310090,0.007537688594311476
1351,48,3246409,0.007194244768470526
1351,49,1723947,0.00699300691485405
1351,50,859342,0.0069808028638362885
1351,51,1057468,0.006637168116867542
1351,52,1461747,0.006493506487458944
1351,53,1258566,0.0062500000931322575
1351,54,2368224,0.006172839552164078
1351,55,688299,0.006122448947280645
1351,56,1625515,0.005928853526711464
1351,57,3875895,0.005928853526711464
1351,58,260248,0.005917159840464592
1351,59,2651694,0.005639097653329372
1351,60,1959512,0.005607476457953453
1352,1,2994820,0.25999999046325684
1352,2,1336027,0.2181818187236786
1352,3,1351,0.21052631735801697
1352,4,1336039,0.14000000059604645
1352,5,1178556,0.13953489065170288
1352,6,603433,0.12903225421905518
1352,7,1110751,0.11764705926179886
1352,8,728848,0.07017543911933899
1352,9,79986,0.06896551698446274
1352,10,1168090,0.06329113990068436
1352,11,212779,0.06315789371728897
1352,12,4402,0.0625
1352,13,2134852,0.06122449040412903
1352,14,2669572,0.06122449040412903
1352,15,1310862,0.05999999865889549
1352,16,3049974,0.05882352963089943
1352,17,16127699,0.057692307978868484
1352,18,376566,0.056603774428367615
1352,19,53419,0.054794520139694214
1352,20,820178,0.0535714291036129
1352,21,3232600,0.0535714291036129
1352,22,38776,0.0533333346247673
1352,23,7051651,0.051948051899671555
1352,24,1121977,0.0517241396009922
1352,25,2891703,0.0517241396009922
1352,26,625940,0.050847455859184265
1352,27,46892513,0.050847455859184265
1352,28,2144486,0.05042016878724098
1352,29,965334,0.05000000074505806
1352,30,990677,0.05000000074505806
1352,31,955555,0.04918032884597778
1352,32,993607,0.04918032884597778
1352,33,1321387,0.04918032884597778
1352,34,2157721,0.04918032884597778
1352,35,2193115,0.04716981202363968
1352,36,16335152,0.046875
1352,37,1965767,0.04639175161719322
1352,38,880446,0.04615384712815285
1352,39,518635,0.04597701132297516
1352,40,835372,0.0458715595304966
1352,41,856962,0.04545454680919647
1352,42,1532995,0.04545454680919647
1352,43,938197,0.045045044273138046
1352,44,2280883,0.045045044273138046
1352,45,38952,0.04477611929178238
1352,46,958782,0.04477611929178238
1352,47,1702196,0.04477611929178238
1352,48,1816475,0.0445544570684433
1352,49,1440905,0.04411764815449715
1352,50,7235789,0.04411764815449715
1352,51,15939516,0.04411764815449715
1352,52,1268146,0.04395604506134987
1352,53,14862,0.043478261679410934
1352,54,1843009,0.04301075264811516
1352,55,2758229,0.04285714402794838
1352,56,873021,0.042553190141916275
1352,57,243634,0.04237288236618042
1352,58,2834931,0.04237288236618042
1352,59,6887879,0.042016807943582535
1352,60,1439,0.0416666679084301
1384,1,1055077,0.17073170840740204
1384,2,956259,0.16923077404499054
1384,3,420042,0.12280701845884323
1384,4,2951429,0.10476190596818924
1384,5,1196277,0.08433734625577927
1384,6,854878,0.06557376682758331
1384,7,2554799,0.06557376682758331
1384,8,15086278,0.06493506580591202
1384,9,13520837,0.06106870248913765
1384,10,1128909,0.06060606241226196
1384,11,171352,0.05714285746216774
1384,12,6270883,0.054794520139694214
1384,13,48572278,0.05319149047136307
1384,14,40301557,0.05309734493494034
1384,15,30862334,0.05263157933950424
1384,16,14070473,0.0520833320915699
1384,17,990732,0.0517241396009922
1384,18,1685249,0.0517241396009922
1384,19,99814,0.05000000074505806
1384,20,1815032,0.05000000074505806
1384,21,3246638,0.05000000074505806
1384,22,398273,0.04918032884597778
1384,23,449610,0.048076923936605453
1384,24,5330690,0.0476190485060215
1384,25,56520052,0.0476190485060215
1384,26,950536,0.04672897234559059
1384,27,965334,0.04615384712815285
1384,28,2363868,0.04615384712815285
1384,29,18492867,0.04615384712815285
1384,30,806415,0.04545454680919647
1384,31,882883,0.04545454680919647
1384,32,1066730,0.04545454680919647
1384,33,2504600,0.04545454680919647
1384,34,6558184,0.04545454680919647
1384,35,14439910,0.04545454680919647
1384,36,23962542,0.04545454680919647
1384,37,93879,0.04477611929178238
1384,38,17934572,0.04477611929178238
1384,39,1124270,0.043478261679410934
1384,40,1336027,0.043478261679410934
1384,41,101579,0.04285714402794838
1384,42,17207709,0.04285714402794838
1384,43,292054,0.0422535203397274
1384,44,1120783,0.0422535203397274
1384,45,21520410,0.0422535203397274
1384,46,42756235,0.0416666679084301
1384,47,52724049,0.0416666679084301
1384,48,7405757,0.04128440469503403
1384,49,1440905,0.04109589010477066
1384,50,25257695,0.04109589010477066
1384,51,1447550,0.04054053872823715
1384,52,38424,0.03999999910593033
1384,53,820439,0.03999999910593033
1384,54,1286437,0.03999999910593033
1384,55,1439,0.039603959769010544
1384,56,40235528,0.03947368264198303
1384,57,349018,0.03896103799343109
1384,58,3336245,0.03896103799343109
1384,59,18339178,0.03883495181798935
1384,60,1080772,0.03846153989434242
1413,1,6611457,0.23076923191547394
1413,2,7359191,0.1651376187801361
1413,3,824466,0.14130434393882751
1413,4,939584,0.1234939768910408
1413,5,18072409,0.1214953288435936
1413,6,111691,0.1190476194024086
1413,7,13238987,0.10526315867900848
1413,8,934262,0.08870967477560043
1413,9,7235789,0.0882352963089943
1413,10,6163095,0.08148147910833359
1413,11,18280048,0.080924853682518
1413,12,1192005,0.08064515888690948
1413,13,2845301,0.0782608687877655
1413,14,18280036,0.07647059112787247
1413,15,2284499,0.07547169923782349
1413,16,930555,0.07534246891736984
1413,17,953941,0.07482992857694626
1413,18,13728393,0.07407407462596893
1413,19,2902933,0.0731707289814949
1413,20,513838,0.07199999690055847
1413,21,3185401,0.071856290102005
1413,22,15558776,0.0714285746216774
1413,23,2455062,0.071129709482193
1413,24,1806578,0.07096774131059647
1413,25,3383931,0.06976744532585144
1413,26,22742,0.06862745434045792
1413,27,930588,0.06862745434045792
1413,28,1193303,0.06818182021379471
1413,29,1715356,0.06802721321582794
1413,30,1166797,0.0679347813129425
1413,31,1234312,0.06779661029577255
1413,32,1263322,0.0677083358168602
1413,33,2534995,0.06766917556524277
1413,34,879765,0.06756756454706192
1413,35,3465687,0.06722689419984818
1413,36,2181158,0.06624605506658554
1413,37,2622804,0.06611569970846176
1413,38,1094239,0.06542056053876877
1413,39,3101132,0.06521739065647125
1413,40,18280032,0.06499999761581421
1413,41,2589269,0.06474819779396057
1413,42,7414342,0.06363636255264282
1413,43,322252,0.06358381360769272
1413,44,930563,0.06299212574958801
1413,45,326175,0.0625
1413,46,18110528,0.062068965286016464
1413,47,715928,0.06194690242409706
1413,48,2160570,0.06185567006468773
1413,49,19101112,0.06185567006468773
1413,50,527886,0.0615384615957737
1413,51,610483,0.06122449040412903
1413,52,98069,0.06081081181764603
1413,53,530507,0.06060606241226196
1413,54,13741782,0.06060606241226196
1413,55,879764,0.05999999865889549
1413,56,22743,0.05932203307747841
1413,57,47428,0.05917159840464592
1413,58,1668837,0.05907173082232475
1413,59,94590,0.05882352963089943
1413,60,2235106,0.05882352963089943
1417,1,43446309,0.08235294371843338
1417,2,15316120,0.07575757801532745
1417,3,3315115,0.06477732956409454
1417,4,3948439,0.06451612710952759
1417,5,11141306,0.06432748585939407
1417,6,18329805,0.06363636255264282
1417,7,2440446,0.06172839552164078
1417,8,44431979,0.0615384615957737
1417,9,17496863,0.060975611209869385
1417,10,1876823,0.06060606241226196
1417,11,2166882,0.05970149114727974
1417,12,2510424,0.05970149114727974
1417,13,22739,0.059405941516160965
1417,14,37104702,0.05882352963089943
1417,15,2691435,0.05797101557254791
1417,16,4560,0.05714285746216774
1417,17,17916649,0.05714285746216774
1417,18,3173257,0.054794520139694214
1417,19,731,0.054054055362939835
1417,20,989043,0.054054055362939835
1417,21,53618,0.051948051899671555
1417,22,931380,0.05128205195069313
1417,23,3798263,0.050632912665605545
1417,24,81719,0.049504950642585754
1417,25,14477,0.04901960864663124
1417,26,18019626,0.04838709533214569
1417,27,49192296,0.048192769289016724
1417,28,15156997,0.048076923936605453
1417,29,1532995,0.0476190485060215
1417,30,2804748,0.0476190485060215
1417,31,16066319,0.0476190485060215
1417,32,19227562,0.0476190485060215
1417,33,141162,0.04729729890823364
1417,34,4500484,0.0470588244497776
1417,35,26198818,0.0470588244497776
1417,36,788571,0.046875
1417,37,812629,0.046875
1417,38,8619228,0.046875
1417,39,3849,0.04615384712815285
1417,40,2438804,0.04615384712815285
1417,41,6236357,0.04615384712815285
1417,42,35476,0.04477611929178238
1417,43,113735,0.04477611929178238
1417,44,808286,0.04477611929178238
1417,45,1009214,0.04411764815449715
1417,46,19109358,0.04411764815449715
1417,47,102209,0.043478261679410934
1417,48,1310862,0.043478261679410934
1417,49,1791019,0.043478261679410934
1417,50,6208957,0.043478261679410934
1417,51,13048372,0.043478261679410934
1417,52,19037230,0.043478261679410934
1417,53,152624,0.04301075264811516
1417,54,515557,0.04285714402794838
1417,55,1633621,0.04285714402794838
1417,56,21736578,0.04285714402794838
1417,57,972626,0.042553190141916275
1417,58,21553751,0.042553190141916275
1417,59,207844,0.0422535203397274
1417,60,1081106,0.0422535203397274
1418,1,320700,0.2857142984867096
1418,2,1129591,0.2702702581882477
1418,3,2792098,0.24390244483947754
1418,4,1129587,0.21212121844291687
1418,5,1203987,0.21212121844291687
1418,6,3056448,0.21212121844291687
1418,7,1129602,0.20588235557079315
1418,8,813976,0.20454545319080353
1418,9,6418012,0.20000000298023224
1418,10,1387380,0.17777778208255768
1418,11,1685458,0.1666666716337204
1418,12,3056443,0.16129031777381897
1418,13,1933207,0.1607142835855484
1418,14,2881352,0.15789473056793213
1418,15,1129588,0.1538461595773697
1418,16,33553,0.1515151560306549
1418,17,996232,0.1428571492433548
1418,18,1791151,0.13953489065170288
1418,19,2816562,0.13235294818878174
1418,20,33551,0.1304347813129425
1418,21,1876890,0.12903225421905518
1418,22,146931,0.125
1418,23,1250736,0.125
1418,24,833224,0.11764705926179886
1418,25,1012796,0.11764705926179886
1418,26,2355685,0.11764705926179886
1418,27,701540,0.1111111119389534
1418,28,1171829,0.10810811072587967
1418,29,1171819,0.1041666641831398
1418,30,18971446,0.10256410390138626
1418,31,2816507,0.09782608598470688
1418,32,1205843,0.09433962404727936
1418,33,820153,0.09375
1418,34,1807521,0.09259258955717087
1418,35,276380,0.09090909361839294
1418,36,858352,0.09090909361839294
1418,37,1487819,0.09090909361839294
1418,38,2110384,0.09090909361839294
1418,39,1876823,0.0882352963089943
1418,40,1364632,0.08695652335882187
1418,41,1294759,0.08571428805589676
1418,42,3037399,0.08571428805589676
1418,43,143057,0.0833333358168602
1418,44,3097572,0.0833333358168602
1418,45,3037396,0.08163265138864517
1418,46,1077671,0.0810810774564743
1418,47,1787523,0.0810810774564743
1418,48,2691435,0.0810810774564743
1418,49,207844,0.07894736528396606
1418,50,136770,0.0784313753247261
1418,51,22995,0.07692307978868484
1418,52,55705,0.07692307978868484
1418,53,60241,0.07692307978868484
1418,54,212405,0.07692307978868484
1418,55,1559991,0.07692307978868484
1418,56,2165245,0.07692307978868484
1418,57,820285,0.07500000298023224
1418,58,2381581,0.07500000298023224
1418,59,1774048,0.07471264153718948
1418,60,1486254,0.07407407462596893
1439,1,1094555,0.27586206793785095
1439,2,2166883,0.19540229439735413
1439,3,7405757,0.1627907007932663
1439,4,44094715,0.09183673560619354
1439,5,26959610,0.07819905132055283
1439,6,1535663,0.07792207598686218
1439,7,820178,0.07407407462596893
1439,8,118455,0.06818182021379471
1439,9,2851520,0.06629834324121475
1439,10,281214,0.06521739065647125
1439,11,449610,0.06451612710952759
1439,12,78229,0.06363636255264282
1439,13,859276,0.06363636255264282
1439,14,2930906,0.06315789371728897
1439,15,1128986,0.06172839552164078
1439,16,28178740,0.06122449040412903
1439,17,864737,0.060975611209869385
1439,18,43872842,0.060150377452373505
1439,19,3333606,0.05917159840464592
1439,20,2304710,0.05882352963089943
1439,21,965334,0.058139536529779434
1439,22,2509254,0.05714285746216774
1439,23,2464610,0.05673758685588837
1439,24,1871423,0.05567451938986778
1439,25,918312,0.054421767592430115
1439,26,958782,0.05376344174146652
1439,27,15044703,0.05376344174146652
1439,28,868472,0.05319149047136307
1439,29,265218,0.05309734493494034
1439,30,1178452,0.05263157933950424
1439,31,864738,0.05228758230805397
1439,32,376680,0.0520833320915699
1439,33,687946,0.0517241396009922
1439,34,938197,0.051094889640808105
1439,35,85293,0.051020409911870956
1439,36,578387,0.050632912665605545
1439,37,2098562,0.050632912665605545
1439,38,1230197,0.05050504952669144
1439,39,21526172,0.050359711050987244
1439,40,2531716,0.05000000074505806
1439,41,7404751,0.05000000074505806
1439,42,15086278,0.05000000074505806
1439,43,2763666,0.04938271641731262
1439,44,7627945,0.04938271641731262
1439,45,18976038,0.04929577559232712
1439,46,1096644,0.04918032884597778
1439,47,6252965,0.04895104840397835
1439,48,9540419,0.04878048598766327
1439,49,27676544,0.04878048598766327
1439,50,1198275,0.04854368790984154
1439,51,118483,0.04848484694957733
1439,52,24515019,0.04838709533214569
1439,53,820439,0.04794520512223244
1439,54,1833795,0.0476190485060215
1439,55,2134852,0.0476190485060215
1439,56,574,0.04729729890823364
1439,57,81401,0.04729729890823364
1439,58,1216429,0.04724409431219101
1439,59,42819726,0.0470588244497776
1439,60,867251,0.04672897234559059
1446,1,42367717,0.1090909093618393
1446,2,226431,0.10526315867900848
1446,3,2287950,0.07999999821186066
1446,4,1239782,0.07692307978868484
1446,5,1268146,0.07446808367967606
1446,6,1829642,0.07407407462596893
1446,7,2702613,0.07352941483259201
1446,8,790838,0.07207207381725311
1446,9,15785308,0.07042253762483597
1446,10,376680,0.06756756454706192
1446,11,1829653,0.06557376682758331
1446,12,1971553,0.06081081181764603
1446,13,4419518,0.05797101557254791
1446,14,51364,0.057416267693042755
1446,15,1533013,0.056603774428367615
1446,16,3444333,0.056603774428367615
1446,17,436251,0.0555555559694767
1446,18,1744121,0.0555555559694767
1446,19,1155500,0.05494505539536476
1446,20,1698523,0.054794520139694214
1446,21,2555382,0.054794520139694214
1446,22,290355,0.05454545468091965
1446,23,551733,0.0535714291036129
1446,24,1632284,0.0533333346247673
1446,25,2242784,0.0533333346247673
1446,26,10379359,0.05263157933950424
1446,27,522136,0.051948051899671555
1446,28,7949,0.0517241396009922
1446,29,2323758,0.0517241396009922
1446,30,1144054,0.05154639109969139
1446,31,1101090,0.05128205195069313
1446,32,1135062,0.05128205195069313
1446,33,2456942,0.05128205195069313
1446,34,14577174,0.05128205195069313
1446,35,1769725,0.050847455859184265
1446,36,22372352,0.050847455859184265
1446,37,1751058,0.050632912665605545
1446,38,512638,0.05000000074505806
1446,39,2763666,0.05000000074505806
1446,40,1241520,0.04938271641731262
1446,41,941585,0.04901960864663124
1446,42,1997165,0.04878048598766327
1446,43,2666214,0.04878048598766327
1446,44,1820281,0.0486111119389534
1446,45,672041,0.04838709533214569
1446,46,1258333,0.04838709533214569
1446,47,14021698,0.04838709533214569
1446,48,335,0.0476190485060215
1446,49,91467,0.0476190485060215
1446,50,2983201,0.0476190485060215
1446,51,14647221,0.0476190485060215
1446,52,175882,0.04716981202363968
1446,53,603433,0.04716981202363968
1446,54,1020595,0.046875
1446,55,1294681,0.046296294778585434
1446,56,594923,0.04615384712815285
1446,57,604566,0.04615384712815285
1446,58,1121835,0.04615384712815285
1446,59,2459677,0.04615384712815285
1446,60,24290951,0.04615384712815285
1516,1,1090709,0.13445378839969635
1516,2,340108,0.1111111119389534
1516,3,864507,0.10769230872392654
1516,4,5745551,0.0833333358168602
1516,5,1030699,0.0782608687877655
1516,6,317973,0.0717703327536583
1516,7,17611047,0.06666667014360428
1516,8,895682,0.06557376682758331
1516,9,1517,0.05833333358168602
1516,10,2272743,0.05714285746216774
1516,11,2338253,0.054054055362939835
1516,12,552675,0.05000000074505806
1516,13,3830979,0.04918032884597778
1516,14,64973,0.04878048598766327
1516,15,1685425,0.04878048598766327
1516,16,2080630,0.04854368790984154
1516,17,2707897,0.04838709533214569
1516,18,807825,0.0476190485060215
1516,19,1976329,0.04545454680919647
1516,20,2382110,0.04545454680919647
1516,21,15264151,0.04545454680919647
1516,22,578962,0.04477611929178238
1516,23,1245022,0.04477611929178238
1516,24,1922629,0.04285714402794838
1516,25,2715274,0.04285714402794838
1516,26,12704509,0.04285714402794838
1516,27,3838,0.04216867312788963
1516,28,3279686,0.0416666679084301
1516,29,15756581,0.0416666679084301
1516,30,589420,0.04054053872823715
1516,31,2302985,0.04032257944345474
1516,32,836296,0.03999999910593033
1516,33,2377505,0.03947368264198303
1516,34,3489861,0.03947368264198303
1516,35,865256,0.03896103799343109
1516,36,18967856,0.03896103799343109
1516,37,42827254,0.03896103799343109
1516,38,6325280,0.03875968977808952
1516,39,52079,0.03846153989434242
1516,40,2540092,0.03846153989434242
1516,41,489908,0.03809523954987526
1516,42,17171130,0.03809523954987526
1516,43,1119922,0.03703703731298447
1516,44,2683285,0.03703703731298447
1516,45,2150886,0.03630363196134567
1516,46,4601896,0.03614457696676254
1516,47,1128381,0.036036036908626556
1516,48,2776625,0.03589743748307228
1516,49,3294830,0.03589743748307228
1516,50,3213039,0.03553921729326248
1516,51,2503920,0.03553299605846405
1516,52,7256442,0.03546099364757538
1516,53,5803,0.03529411926865578
1516,54,3523896,0.03529411926865578
1516,55,605176,0.035087719559669495
1516,56,112713,0.03496503457427025
1516,57,3424606,0.03496503457427025
1516,58,3819623,0.03488372266292572
1516,59,6828939,0.03488372266292572
1516,60,107699,0.03448275849223137
1517,1,1238374,0.31092438101768494
1517,2,6193419,0.25
1517,3,5058552,0.20388349890708923
1517,4,1920220,0.20000000298023224
1517,5,2380334,0.17582418024539948
1517,6,1830423,0.16853933036327362
1517,7,1079192,0.15909090638160706
1517,8,894845,0.1538461595773697
1517,9,2629926,0.1458333283662796
1517,10,1976329,0.14423076808452606
1517,11,1984715,0.13978494703769684
1517,12,5745551,0.13385826349258423
1517,13,2338253,0.11585365980863571
1517,14,340108,0.1145833358168602
1517,15,7256442,0.10897435992956161
1517,16,578962,0.10227272659540176
1517,17,1064530,0.10112359374761581
1517,18,3174940,0.10112359374761581
1517,19,317973,0.08658009022474289
1517,20,552675,0.08510638028383255
1517,21,7303800,0.08510638028383255
1517,22,25788654,0.08411215245723724
1517,23,3830979,0.0833333358168602
1517,24,895682,0.08275862038135529
1517,25,1811676,0.08139535039663315
1517,26,1090709,0.07284767925739288
1517,27,702533,0.07216494530439377
1517,28,1030699,0.07092198729515076
1517,29,1811677,0.06741572916507721
1517,30,1808940,0.06666667014360428
1517,31,2760063,0.06382978707551956
1517,32,2539147,0.05882352963089943
1517,33,1516,0.05833333358168602
1517,34,21878723,0.056179776787757874
1517,35,45629367,0.0559440553188324
1517,36,21892386,0.0555555559694767
1517,37,864507,0.05319149047136307
1517,38,1391025,0.05263157933950424
1517,39,1889484,0.05161290243268013
1517,40,429260,0.05050504952669144
1517,41,6517582,0.05050504952669144
1517,42,1344597,0.04878048598766327
1517,43,2438095,0.048076923936605453
1517,44,1390051,0.046875
1517,45,21886036,0.0458715595304966
1517,46,1314369,0.04516129195690155
1517,47,1459836,0.04444444552063942
1517,48,1327004,0.0441988967359066
1517,49,913065,0.04273504391312599
1517,50,701268,0.04268292710185051
1517,51,1672379,0.042553190141916275
1517,52,39949551,0.04210526496171951
1517,53,61304,0.04123711213469505
1517,54,1387510,0.03999999910593033
1517,55,2404070,0.039603959769010544
1517,56,4356972,0.038910504430532455
1517,57,324716,0.03846153989434242
1517,58,1001813,0.03726708143949509
1517,59,1929511,0.036036036908626556
1517,60,1157007,0.035971224308013916
1532,1,125993,0.1666666716337204
1532,2,1121835,0.1515151560306549
1532,3,157244,0.125
1532,4,383284,0.125
1532,5,2323758,0.1071428582072258
1532,6,69388,0.09677419066429138
1532,7,14197,0.09375
1532,8,525938,0.09375
1532,9,134831,0.0731707289814949
1532,10,69377,0.06521739065647125
1532,11,1101090,0.06122449040412903
1532,12,46720,0.0555555559694767
1532,13,1739475,0.050847455859184265
1532,14,3051059,0.050847455859184265
1532,15,121908,0.04615384712815285
1532,16,3766822,0.040816325694322586
1532,17,175882,0.03846153989434242
1532,18,1003095,0.03539822995662689
1532,19,313957,0.03448275849223137
1532,20,2280883,0.033707864582538605
1532,21,3319458,0.03333333507180214
1532,22,21503633,0.032608695328235626
1532,23,2685446,0.031578946858644485
1532,24,6252965,0.031578946858644485
1532,25,1258333,0.030927835032343864
1532,26,1208289,0.028846153989434242
1532,27,1140,0.02857142873108387
1532,28,1137159,0.02777777798473835
1532,29,1524121,0.02777777798473835
1532,30,9250,0.02678571455180645
1532,31,1221616,0.0260869562625885
1532,32,1253009,0.025510204955935478
1532,33,2060095,0.024000000208616257
1532,34,1185316,0.023364486172795296
1532,35,346642,0.023255813866853714
1532,36,1839410,0.02298850566148758
1532,37,924766,0.022727273404598236
1532,38,37467,0.02255639061331749
1532,39,2234336,0.022346368059515953
1532,40,3173608,0.0220994483679533
1532,41,3207953,0.020576132461428642
1532,42,1595511,0.020134227350354195
1532,43,1007843,0.019999999552965164
1532,44,717119,0.0181818176060915
1532,45,3234420,0.017751479521393776
1532,46,1561022,0.01764705963432789
1532,47,1443553,0.017482517287135124
1532,48,809743,0.016853932291269302
1532,49,1056302,0.016574585810303688
1532,50,971052,0.016393441706895828
1532,51,3277447,0.01621621660888195
1532,52,15306654,0.01621621660888195
1532,53,1070136,0.01600000075995922
1532,54,2683165,0.01587301678955555
1532,55,3215642,0.015772869810461998
1532,56,1652564,0.015479875728487968
1532,57,18001,0.014285714365541935
1532,58,587647,0.014285714365541935
1532,59,1805379,0.014150943607091904
1532,60,1839377,0.014084506779909134
1604,1,9648524,0.1599999964237213
1604,2,13308,0.1463414579629898
1604,3,37852,0.11999999731779099
1604,4,1011004,0.11363636702299118
1604,5,163531,0.1111111119389534
1604,6,1769681,0.1034482792019844
1604,7,21998962,0.10000000149011612
1604,8,6200639,0.09302325546741486
1604,9,13270,0.09090909361839294
1604,10,838020,0.0882352963089943
1604,11,71026,0.08571428805589676
1604,12,11141600,0.08571428805589676
1604,13,6529222,0.0833333358168602
1604,14,2059929,0.08163265138864517
1604,15,6828305,0.07692307978868484
1604,16,6882582,0.07352941483259201
1604,17,767204,0.0731707289814949
1604,18,2740153,0.06329113990068436
1604,19,304498,0.0625
1604,20,855103,0.0555555559694767
1604,21,2365504,0.0555555559694767
1604,22,6512514,0.054794520139694214
1604,23,25670400,0.05454545468091965
1604,24,42099492,0.0517241396009922
1604,25,3178858,0.05000000074505806
1604,26,3119175,0.04878048598766327
1604,27,3279686,0.04838709533214569
1604,28,1997693,0.0476190485060215
1604,29,147916,0.04651162773370743
1604,30,38053447,0.04651162773370743
1604,31,99507,0.046296294778585434
1604,32,9737203,0.043478261679410934
1604,33,2712410,0.04301075264811516
1604,34,14420600,0.042553190141916275
1604,35,41999,0.0422535203397274
1604,36,26224121,0.040816325694322586
1604,37,42137,0.03999999910593033
1604,38,1041952,0.03999999910593033
1604,39,50830817,0.03999999910593033
1604,40,2223651,0.03947368264198303
1604,41,273425,0.03896103799343109
1604,42,856917,0.03896103799343109
1604,43,6518120,0.03896103799343109
1604,44,6654434,0.03862661123275757
1604,45,1615,0.03703703731298447
1604,46,989032,0.03703703731298447
1604,47,1694397,0.03703703731298447
1604,48,1848380,0.03488372266292572
1604,49,1884932,0.0347222238779068
1604,50,1732395,0.03418803587555885
1604,51,6599953,0.03418803587555885
1604,52,2842871,0.032608695328235626
1604,53,46190748,0.030612245202064514
1604,54,876314,0.03030303120613098
1604,55,12842742,0.028846153989434242
1604,56,42753077,0.028037382289767265
1604,57,7039054,0.027272727340459824
1604,58,144128,0.0260869562625885
1604,59,1290896,0.0260869562625885
1604,60,2618496,0.0260869562625885
1605,1,1757108,0.1764705926179886
1605,2,42009388,0.12173912674188614
1605,3,14831761,0.10231660306453705
1605,4,1640941,0.09554140269756317
1605,5,900140,0.0882352963089943
1605,6,3222858,0.08796296268701553
1605,7,29511,0.08227848261594772
1605,8,1391380,0.08139535039663315
1605,9,2084098,0.07975459843873978
1605,10,7305202,0.07894736528396606
1605,11,15237912,0.077625572681427
1605,12,980007,0.07734806835651398
1605,13,1628566,0.07474226504564285
1605,14,1008989,0.07407407462596893
1605,15,1887699,0.07382550090551376
1605,16,42099162,0.07174888253211975
1605,17,1267146,0.07017543911933899
1605,18,141162,0.06965173780918121
1605,19,1290896,0.06862745434045792
1605,20,1605421,0.06766917556524277
1605,21,14664997,0.06711409240961075
1605,22,2204022,0.06578947603702545
1605,23,2266643,0.06526315957307816
1605,24,737109,0.06508875638246536
1605,25,401169,0.0625
1605,26,14618372,0.062176164239645004
1605,27,3486041,0.059968847781419754
1605,28,2842871,0.05978260934352875
1605,29,16849818,0.05847953259944916
1605,30,1410651,0.05806451663374901
1605,31,1723947,0.05708661302924156
1605,32,1884932,0.055084746330976486
1605,33,15029543,0.05487804859876633
1605,34,2486632,0.05485232174396515
1605,35,190264,0.0546875
1605,36,1484198,0.05454545468091965
1605,37,6642737,0.05426356568932533
1605,38,192528,0.054054055362939835
1605,39,11126612,0.05384615436196327
1605,40,873417,0.05303030461072922
1605,41,21596603,0.05303030461072922
1605,42,4621201,0.05263157933950424
1605,43,73206,0.05150214582681656
1605,44,81719,0.050632912665605545
1605,45,124783,0.050632912665605545
1605,46,3364186,0.05034324899315834
1605,47,475721,0.050314463675022125
1605,48,17572,0.05025125667452812
1605,49,963772,0.049822062253952026
1605,50,21911422,0.04968944191932678
1605,51,21540541,0.04964539036154747
1605,52,21553934,0.0494699664413929
1605,53,1044737,0.04923076927661896
1605,54,952423,0.0486111119389534
1605,55,1024827,0.0486111119389534
1605,56,25332874,0.04827586188912392
1605,57,1106205,0.048192769289016724
1605,58,3316922,0.04794520512223244
1605,59,9116984,0.04787234216928482
1605,60,3164459,0.04779411852359772
1615,1,1290896,0.1621621549129486
1615,2,1704815,0.1489361673593521
1615,3,3178858,0.13114753365516663
1615,4,1732395,0.12903225421905518
1615,5,19095325,0.11023622006177902
1615,6,750514,0.10555555671453476
1615,7,13103688,0.09489051252603531
1615,8,963375,0.08684863895177841
1615,9,24066037,0.07999999821186066
1615,10,86119,0.07865168899297714
1615,11,1488838,0.07865168899297714
1615,12,3364186,0.07832898199558258
1615,13,40514,0.078125
1615,14,1391380,0.07692307978868484
1615,15,2861004,0.07590758800506592
1615,16,1089154,0.07500000298023224
1615,17,2171159,0.07228915393352509
1615,18,54350,0.07079645991325378
1615,19,210239,0.06923077255487442
1615,20,1884932,0.06842105090618134
1615,21,1733479,0.06611569970846176
1615,22,227267,0.06578947603702545
1615,23,963376,0.06422018259763718
1615,24,6863999,0.06315789371728897
1615,25,1773948,0.06122449040412903
1615,26,21998962,0.060975611209869385
1615,27,11817,0.06060606241226196
1615,28,1205304,0.06012658402323723
1615,29,190264,0.0595238097012043
1615,30,14465222,0.0595238097012043
1615,31,985244,0.05882352963089943
1615,32,6472742,0.05882352963089943
1615,33,87825,0.05833333358168602
1615,34,15029543,0.05833333358168602
1615,35,1040051,0.058252427726984024
1615,36,403286,0.05681818351149559
1615,37,833092,0.05681818351149559
1615,38,1997165,0.05607476457953453
1615,39,22829,0.0555555559694767
1615,40,35039,0.0546875
1615,41,42099162,0.054644808173179626
1615,42,10199919,0.05426356568932533
1615,43,1025700,0.0535714291036129
1615,44,2740153,0.05343511328101158
1615,45,235055,0.05263157933950424
1615,46,538173,0.05128205195069313
1615,47,99507,0.050314463675022125
1615,48,13626732,0.05000000074505806
1615,49,15237912,0.049723755568265915
1615,50,1889585,0.04938271641731262
1615,51,437205,0.04901960864663124
1615,52,2618496,0.04878048598766327
1615,53,6864001,0.04878048598766327
1615,54,719653,0.048192769289016724
1615,55,10107181,0.04651162773370743
1615,56,2486632,0.04615384712815285
1615,57,1044737,0.04609929025173187
1615,58,53827,0.04597701132297516
1615,59,1465267,0.04597701132297516
1615,60,15319151,0.04580152779817581
1616,1,2494651,0.34939759969711304
1616,2,1939840,0.3300970792770386
1616,3,1263111,0.25503355264663696
1616,4,998106,0.23376622796058655
1616,5,1165594,0.2133333384990692
1616,6,2024704,0.2073170691728592
1616,7,2504821,0.19736842811107635
1616,8,747666,0.1505376398563385
1616,9,932884,0.13953489065170288
1616,10,2193257,0.13114753365516663
1616,11,1298177,0.12800000607967377
1616,12,1336952,0.12138728052377701
1616,13,1222673,0.11590909212827682
1616,14,414172,0.1111111119389534
1616,15,1442408,0.10975609719753265
1616,16,97585,0.08749999850988388
1616,17,344493,0.08219178020954132
1616,18,1187279,0.08208955079317093
1616,19,936715,0.07894736528396606
1616,20,1114323,0.07865168899297714
1616,21,808562,0.07575757801532745
1616,22,97595,0.0729166641831398
1616,23,972626,0.07070706784725189
1616,24,2954697,0.07042253762483597
1616,25,360990,0.06849315017461777
1616,26,980184,0.06598984450101852
1616,27,1119922,0.06593406945466995
1616,28,3948439,0.059405941516160965
1616,29,1122011,0.058139536529779434
1616,30,1121999,0.05681818351149559
1616,31,17003686,0.05681818351149559
1616,32,830655,0.0555555559694767
1616,33,2127843,0.0555555559694767
1616,34,35975,0.05454545468091965
1616,35,276413,0.054054055362939835
1616,36,808286,0.054054055362939835
1616,37,1971553,0.05325443670153618
1616,38,1195573,0.05319149047136307
1616,39,1869042,0.05319149047136307
1616,40,51124,0.051948051899671555
1616,41,1926082,0.051948051899671555
1616,42,924275,0.050632912665605545
1616,43,434,0.05047318711876869
1616,44,368476,0.04938271641731262
1616,45,22797,0.04878048598766327
1616,46,1899309,0.04878048598766327
1616,47,430403,0.04854368790984154
1616,48,582242,0.04854368790984154
1616,49,158098,0.0476190485060215
1616,50,2542875,0.0476190485060215
1616,51,272102,0.0470588244497776
1616,52,1344080,0.04605263099074364
1616,53,1421134,0.04597701132297516
1616,54,1011400,0.0446428582072258
1616,55,2772203,0.0446428582072258
1616,56,2440446,0.04444444552063942
1616,57,2702613,0.04444444552063942
1616,58,23688523,0.044247787445783615
1616,59,121654,0.043478261679410934
1616,60,2361854,0.04301075264811516
1631,1,7320034,0.11688311398029327
1631,2,45486616,0.07228915393352509
1631,3,904703,0.07027027010917664
1631,4,225125,0.06849315017461777
1631,5,77837,0.05882352963089943
1631,6,451787,0.056338027119636536
1631,7,956105,0.05376344174146652
1631,8,90672,0.0533333346247673
1631,9,3034,0.052356019616127014
1631,10,2748,0.05128205195069313
1631,11,89082,0.049504950642585754
1631,12,137846,0.04938271641731262
1631,13,1272771,0.04938271641731262
1631,14,262036,0.04878048598766327
1631,15,892647,0.04878048598766327
1631,16,2309114,0.04878048598766327
1631,17,659512,0.0476190485060215
1631,18,459137,0.04624277353286743
1631,19,15086656,0.0458715595304966
1631,20,142823,0.04477611929178238
1631,21,1363157,0.04477611929178238
1631,22,3338226,0.0446428582072258
1631,23,975026,0.04444444552063942
1631,24,1254231,0.04411764815449715
1631,25,1935972,0.04411764815449715
1631,26,2034398,0.04411764815449715
1631,27,22251264,0.043478261679410934
1631,28,6193128,0.042553190141916275
1631,29,6176461,0.0422535203397274
1631,30,45775590,0.04210526496171951
1631,31,721004,0.0416666679084301
1631,32,1080309,0.041322313249111176
1631,33,21856160,0.041322313249111176
1631,34,45332,0.04117647185921669
1631,35,864626,0.04109589010477066
1631,36,231609,0.04054053872823715
1631,37,26537407,0.04054053872823715
1631,38,1199330,0.04040404036641121
1631,39,275852,0.03999999910593033
1631,40,3070675,0.03999999910593033
1631,41,381600,0.03947368264198303
1631,42,869733,0.03947368264198303
1631,43,1825967,0.038869258016347885
1631,44,24944980,0.03846153989434242
1631,45,18224337,0.03809523954987526
1631,46,12799,0.037974681705236435
1631,47,891138,0.03759398311376572
1631,48,1040171,0.03750000149011612
1631,49,51589473,0.03750000149011612
1631,50,1483372,0.03703703731298447
1631,51,471326,0.03658536449074745
1631,52,1184173,0.03658536449074745
1631,53,13288988,0.03658536449074745
1631,54,1045053,0.036363635212183
1631,55,53535,0.03614457696676254
1631,56,1007821,0.03614457696676254
1631,57,48836658,0.03614457696676254
1631,58,109107,0.0357142873108387
1631,59,2226163,0.0357142873108387
1631,60,24035833,0.03539822995662689
1632,1,178823,0.20618556439876556
1632,2,131582,0.1975308656692505
1632,3,749595,0.1505376398563385
1632,4,49362,0.14606741070747375
1632,5,864992,0.1458333283662796
1632,6,136624,0.14473684132099152
1632,7,746005,0.14444445073604584
1632,8,18633756,0.1428571492433548
1632,9,821971,0.13861386477947235
1632,10,38440,0.13333334028720856
1632,11,180406,0.12857143580913544
1632,12,2206,0.12765957415103912
1632,13,750348,0.12328767031431198
1632,14,285000,0.12121212482452393
1632,15,1800817,0.1139240488409996
1632,16,14479,0.10975609719753265
1632,17,245328,0.10810811072587967
1632,18,1265060,0.10784313827753067
1632,19,346879,0.10752688348293304
1632,20,2444898,0.10091742873191833
1632,21,71685,0.10000000149011612
1632,22,235723,0.10000000149011612
1632,23,576784,0.10000000149011612
1632,24,1381572,0.09890110045671463
1632,25,172538,0.09322033822536469
1632,26,961244,0.09302325546741486
1632,27,2537034,0.09243697673082352
1632,28,3030488,0.08749999850988388
1632,29,6520202,0.08695652335882187
1632,30,950109,0.0859375
1632,31,171424,0.08571428805589676
1632,32,271260,0.08536585420370102
1632,33,286201,0.08510638028383255
1632,34,813361,0.0845070406794548
1632,35,293056,0.0833333358168602
1632,36,964934,0.0833333358168602
1632,37,129068,0.08139535039663315
1632,38,104468,0.0810810774564743
1632,39,956435,0.08080808073282242
1632,40,1303332,0.08064515888690948
1632,41,2137300,0.07920791953802109
1632,42,959121,0.07894736528396606
1632,43,200243,0.07692307978868484
1632,44,1000099,0.07692307978868484
1632,45,14477,0.07619047909975052
1632,46,624666,0.07594936341047287
1632,47,3200341,0.07586207240819931
1632,48,461400,0.07391304522752762
1632,49,275490,0.0729166641831398
1632,50,129127,0.07246376574039459
1632,51,622687,0.0714285746216774
1632,52,22430015,0.06976744532585144
1632,53,50417,0.0694444477558136
1632,54,2482177,0.06914893537759781
1632,55,5655853,0.06818182021379471
1632,56,19414,0.06756756454706192
1632,57,247759,0.06756756454706192
1632,58,1288057,0.06756756454706192
1632,59,1701532,0.06666667014360428
1632,60,29507,0.0625
1636,1,3021,0.16949152946472168
1636,2,1094776,0.10989011079072952
1636,3,829341,0.109375
1636,4,829351,0.1066666692495346
1636,5,1781,0.09756097197532654
1636,6,38952,0.09090909361839294
1636,7,6575900,0.08955223858356476
1636,8,735273,0.08196721225976944
1636,9,112177,0.07407407462596893
1636,10,12615227,0.0694444477558136
1636,11,3521296,0.06779661029577255
1636,12,3224101,0.06666667014360428
1636,13,36965,0.06410256773233414
1636,14,47409,0.0625
1636,15,25441344,0.0625
1636,16,2436607,0.06122449040412903
1636,17,1824318,0.056338027119636536
1636,18,1128271,0.0555555559694767
1636,19,868692,0.05454545468091965
1636,20,92181,0.0533333346247673
1636,21,745466,0.05263157933950424
1636,22,1345179,0.05263157933950424
1636,23,3338695,0.05263157933950424
1636,24,93002,0.0517241396009922
1636,25,426929,0.0517241396009922
1636,26,826265,0.050847455859184265
1636,27,2155703,0.050847455859184265
1636,28,1121977,0.05000000074505806
1636,29,1258333,0.05000000074505806
1636,30,3172830,0.05000000074505806
1636,31,32074256,0.05000000074505806
1636,32,83227,0.04918032884597778
1636,33,2459677,0.04918032884597778
1636,34,2676712,0.04918032884597778
1636,35,6678127,0.04918032884597778
1636,36,1552090,0.04878048598766327
1636,37,1119636,0.04838709533214569
1636,38,2549658,0.04838709533214569
1636,39,2986123,0.04838709533214569
1636,40,41872016,0.04838709533214569
1636,41,1759,0.04827586188912392
1636,42,137846,0.0476190485060215
1636,43,264049,0.0476190485060215
1636,44,1385675,0.0476190485060215
1636,45,1873378,0.0476190485060215
1636,46,2275377,0.0476190485060215
1636,47,16959031,0.046875
1636,48,27676536,0.04615384712815285
1636,49,1725483,0.04597701132297516
1636,50,2658613,0.04597701132297516
1636,51,1524121,0.04580152779817581
1636,52,420965,0.04545454680919647
1636,53,790838,0.04545454680919647
1636,54,1155500,0.04545454680919647
1636,55,2702613,0.04545454680919647
1636,56,6589483,0.04545454680919647
1636,57,188924,0.04494382068514824
1636,58,265218,0.04494382068514824
1636,59,15997604,0.04494382068514824
1636,60,2094995,0.04477611929178238
1637,1,162739,0.13953489065170288
1637,2,370900,0.09302325546741486
1637,3,21966637,0.0833333358168602
1637,4,48992784,0.0731707289814949
1637,5,597864,0.0714285746216774
1637,6,23892773,0.06976744532585144
1637,7,56441,0.06122449040412903
1637,8,171352,0.06122449040412903
1637,9,24035877,0.0602409653365612
1637,10,4767881,0.0535714291036129
1637,11,1198450,0.04838709533214569
1637,12,2219130,0.043478261679410934
1637,13,43516764,0.043478261679410934
1637,14,2906638,0.037974681705236435
1637,15,3163819,0.03750000149011612
1637,16,1453593,0.03488372266292572
1637,17,27097530,0.03478260710835457
1637,18,1303332,0.033707864582538605
1637,19,2369306,0.03030303120613098
1637,20,45605935,0.029126213863492012
1637,21,18097461,0.028301887214183807
1637,22,3352006,0.028037382289767265
1637,23,3138069,0.02500000037252903
1637,24,1688160,0.02459016442298889
1637,25,2649,0.024000000208616257
1637,26,13341979,0.022900763899087906
1637,27,885421,0.02222222276031971
1637,28,25129883,0.022058824077248573
1637,29,6752024,0.02142857201397419
1637,30,1361856,0.021276595070958138
1637,31,2207992,0.0211267601698637
1637,32,585352,0.02097902074456215
1637,33,23581990,0.02083333395421505
1637,34,43134689,0.02083333395421505
1637,35,28030792,0.02054794505238533
1637,36,2683165,0.020512821152806282
1637,37,166902,0.020134227350354195
1637,38,76693,0.019999999552965164
1637,39,460092,0.019354838877916336
1637,40,2482177,0.01923076994717121
1637,41,756664,0.01858736015856266
1637,42,2954048,0.018518518656492233
1637,43,2213322,0.018099548295140266
1637,44,3963458,0.01807228848338127
1637,45,40358230,0.01807228848338127
1637,46,98784,0.01796407252550125
1637,47,14146240,0.01796407252550125
1637,48,2004018,0.01764705963432789
1637,49,24241248,0.017341040074825287
1637,50,577888,0.017241379246115685
1637,51,1584087,0.017142856493592262
1637,52,23581952,0.016949152573943138
1637,53,151586,0.01666666753590107
1637,54,42797715,0.016574585810303688
1637,55,40026175,0.016304347664117813
1637,56,23442,0.01604278013110161
1637,57,2089235,0.01595744676887989
1637,58,95855,0.01587301678955555
1637,59,722040,0.015789473429322243
1637,60,1433215,0.015625
1647,1,2704,0.09890110045671463
1647,2,1704131,0.09756097197532654
1647,3,6829098,0.07954545319080353
1647,4,2667475,0.06896551698446274
1647,5,1048369,0.06593406945466995
1647,6,2381048,0.06422018259763718
1647,7,20077336,0.0580357126891613
1647,8,19101112,0.05376344174146652
1647,9,1570074,0.05154639109969139
1647,10,18194725,0.05050504952669144
1647,11,23449,0.05042016878724098
1647,12,1325171,0.04958677664399147
1647,13,34499,0.04918032884597778
1647,14,43143,0.04878048598766327
1647,15,288053,0.04878048598766327
1647,16,1936254,0.04848484694957733
1647,17,1038775,0.0476190485060215
1647,18,14751763,0.04672897234559059
1647,19,45119441,0.0456431545317173
1647,20,62503,0.04545454680919647
1647,21,1806578,0.04545454680919647
1647,22,14243275,0.045045044273138046
1647,23,900514,0.04494382068514824
1647,24,5260866,0.04477611929178238
1647,25,20384877,0.0446428582072258
1647,26,8814204,0.0445544570684433
1647,27,2991502,0.04444444552063942
1647,28,16849819,0.04444444552063942
1647,29,1363372,0.04385964944958687
1647,30,1129591,0.043478261679410934
1647,31,2564105,0.04324324429035187
1647,32,584279,0.04301075264811516
1647,33,2118671,0.04273504391312599
1647,34,6366640,0.04273504391312599
1647,35,2406776,0.042553190141916275
1647,36,62480,0.04237288236618042
1647,37,10567916,0.04237288236618042
1647,38,13429040,0.04237288236618042
1647,39,14146240,0.0422535203397274
1647,40,1263322,0.0416666679084301
1647,41,1280581,0.0416666679084301
1647,42,1813234,0.0416666679084301
1647,43,1374605,0.04137931019067764
1647,44,3431993,0.04109589010477066
1647,45,1223552,0.04098360612988472
1647,46,23445,0.040816325694322586
1647,47,14247828,0.04048582911491394
1647,48,138676,0.04040404036641121
1647,49,254960,0.03999999910593033
1647,50,288055,0.03999999910593033
1647,51,930563,0.03999999910593033
1647,52,23859008,0.0396825410425663
1647,53,59170,0.039603959769010544
1647,54,6508989,0.039603959769010544
1647,55,1128623,0.03934426233172417
1647,56,2577214,0.03896103799343109
1647,57,23452,0.03875968977808952
1647,58,3038235,0.03875968977808952
1647,59,6662356,0.03867403417825699
1647,60,978453,0.03846153989434242
1649,1,1207024,0.16711589694023132
1649,2,1003370,0.15427657961845398
1649,3,1223333,0.1517925262451172
1649,4,1010054,0.14974936842918396
1649,5,3221872,0.13657957315444946
1649,6,1191096,0.13363228738307953
1649,7,2129359,0.13242784142494202
1649,8,2349447,0.12482468783855438
1649,9,221139,0.1223922148346901
1649,10,964332,0.11770524084568024
1649,11,2868431,0.11062431335449219
1649,12,1737200,0.109333336353302
1649,13,2796838,0.10833333432674408
1649,14,3275013,0.10362694412469864
1649,15,3131254,0.10148514807224274
1649,16,2485770,0.10119840502738953
1649,17,1461856,0.10072992742061615
1649,18,1639903,0.10003402829170227
1649,19,1789440,0.09975520521402359
1649,20,3234420,0.09732016921043396
1649,21,1312477,0.09528908133506775
1649,22,932849,0.09344660490751266
1649,23,879027,0.09259258955717087
1649,24,3375915,0.09199438244104385
1649,25,3375925,0.09197651594877243
1649,26,1463850,0.09190371632575989
1649,27,141228,0.09168443828821182
1649,28,1070015,0.09090909361839294
1649,29,21545713,0.08961912244558334
1649,30,3349846,0.08959756791591644
1649,31,1470371,0.08719851821660995
1649,32,2944133,0.08711110800504684
1649,33,2523229,0.08663532882928848
1649,34,833257,0.08550185710191727
1649,35,2055065,0.08508158475160599
1649,36,1955658,0.08454106003046036
1649,37,3448086,0.08421985805034637
1649,38,1453585,0.08409091085195541
1649,39,3111329,0.08385481685400009
1649,40,1498135,0.08340449631214142
1649,41,420701,0.08205128461122513
1649,42,810663,0.08179551362991333
1649,43,1041558,0.08170515298843384
1649,44,3441236,0.08126533776521683
1649,45,940760,0.08009909093379974
1649,46,4717423,0.08003334701061249
1649,47,38765,0.07999999821186066
1649,48,849453,0.07999999821186066
1649,49,2754161,0.0797814205288887
1649,50,1006369,0.07971014827489853
1649,51,3300573,0.07960198819637299
1649,52,6659752,0.07951807230710983
1649,53,1058370,0.07923007756471634
1649,54,3185154,0.07917261123657227
1649,55,3407295,0.07914339005947113
1649,56,7048306,0.07905138283967972
1649,57,2883783,0.07881210744380951
1649,58,3143497,0.07819481939077377
1649,59,1145090,0.07793542742729187
1649,60,2158906,0.07742401957511902
1726,1,2728434,0.3166666626930237
1726,2,895143,0.3016528785228729
1726,3,894955,0.29729729890823364
1726,4,2773090,0.2795698940753937
1726,5,2107920,0.2779783308506012
1726,6,1355172,0.2757352888584137
1726,7,2991011,0.2644927501678467
1726,8,2313455,0.26446279883384705
1726,9,721292,0.2619926333427429
1726,10,1812530,0.25531914830207825
1726,11,907837,0.25465837121009827
1726,12,1084447,0.2454545497894287
1726,13,3038509,0.24521072208881378
1726,14,739878,0.24045801162719727
1726,15,2288775,0.24038460850715637
1726,16,519419,0.239130437374115
1726,17,1444048,0.23643410205841064
1726,18,2019627,0.23577235639095306
1726,19,631927,0.2347826063632965
1726,20,820002,0.23381294310092926
1726,21,2207701,0.2336769700050354
1726,22,6568307,0.232876718044281
1726,23,2887138,0.2319391667842865
1726,24,1748,0.22957198321819305
1726,25,1113256,0.2291666716337204
1726,26,3160524,0.22685185074806213
1726,27,626006,0.22559653222560883
1726,28,937152,0.2240000069141388
1726,29,908233,0.2234848439693451
1726,30,625995,0.2222222238779068
1726,31,2393238,0.2222222238779068
1726,32,739900,0.21739129722118378
1726,33,516643,0.2163461595773697
1726,34,6490729,0.21296297013759613
1726,35,3038784,0.20884521305561066
1726,36,1599152,0.20814479887485504
1726,37,3038817,0.20720720291137695
1726,38,6886769,0.2054794579744339
1726,39,2655944,0.20502091944217682
1726,40,526005,0.20346319675445557
1726,41,2901701,0.2019704431295395
1726,42,580854,0.19796954095363617
1726,43,2655933,0.19736842811107635
1726,44,894910,0.19730941951274872
1726,45,18056,0.19704432785511017
1726,46,1113267,0.1958041936159134
1726,47,2515738,0.19523809850215912
1726,48,739911,0.19480518996715546
1726,49,2969715,0.1906614750623703
1726,50,3038762,0.18571428954601288
1726,51,1331617,0.1772727221250534
1726,52,995869,0.17507418990135193
1726,53,1271997,0.17475728690624237
1726,54,1391512,0.1745283007621765
1726,55,2131383,0.17446808516979218
1726,56,1223872,0.17241379618644714
1726,57,1073110,0.16869300603866577
1726,58,491463,0.1625615805387497
1726,59,2179061,0.16101695597171783
1726,60,2860210,0.16019417345523834
1748,1,2313455,0.36231884360313416
1748,2,820002,0.3291666805744171
1748,3,2728434,0.3212669789791107
1748,4,894955,0.3054393231868744
1748,5,3160524,0.2956989109516144
1748,6,2991011,0.29482072591781616
1748,7,1812530,0.2904762029647827
1748,8,526005,0.2893401086330414
1748,9,625995,0.2889733910560608
1748,10,519419,0.2857142984867096
1748,11,895143,0.2819383144378662
1748,12,2019627,0.2785388231277466
1748,13,721292,0.27710843086242676
1748,14,2393238,0.27659574151039124
1748,15,2773090,0.27099236845970154
1748,16,1355172,0.2666666805744171
1748,17,1599152,0.265625
1748,18,6568307,0.2584269642829895
1748,19,907837,0.25827813148498535
1748,20,2655944,0.2571428716182709
1748,21,937152,0.25333333015441895
1748,22,908233,0.2510460317134857
1748,23,2207701,0.25
1748,24,1113256,0.24884793162345886
1748,25,2969715,0.24778760969638824
1748,26,1084447,0.24378108978271484
1748,27,739900,0.23671497404575348
1748,28,2107920,0.23595505952835083
1748,29,739878,0.23360656201839447
1748,30,3038509,0.23360656201839447
1748,31,1726,0.22957198321819305
1748,32,2288775,0.22635135054588318
1748,33,2887138,0.22448979318141937
1748,34,739911,0.223300963640213
1748,35,1444048,0.21900826692581177
1748,36,894910,0.2150000035762787
1748,37,516643,0.21164020895957947
1748,38,3342061,0.2108108103275299
1748,39,2901701,0.20879121124744415
1748,40,2655933,0.20873786509037018
1748,41,631927,0.20370370149612427
1748,42,6490729,0.20195439457893372
1748,43,626006,0.19690264761447906
1748,44,18056,0.19672131538391113
1748,45,2131383,0.19431279599666595
1748,46,1952109,0.19291338324546814
1748,47,580854,0.1910112351179123
1748,48,1113267,0.1910112351179123
1748,49,491012,0.18888889253139496
1748,50,1223872,0.18888889253139496
1748,51,6886769,0.1881188154220581
1748,52,1271997,0.18478260934352875
1748,53,491463,0.18435753881931305
1748,54,2515738,0.1822916716337204
1748,55,3038784,0.17587940394878387
1748,56,2179061,0.17370891571044922
1748,57,2984305,0.1726190447807312
1748,58,1391512,0.171875
1748,59,2146310,0.17028985917568207
1748,60,1331617,0.16915422677993774
1759,1,1524121,0.07575757801532745
1759,2,1056302,0.07116104662418365
1759,3,188924,0.06962025165557861
1759,4,3813941,0.06172839552164078
1759,5,3207953,0.06060606241226196
1759,6,45046,0.05797101557254791
1759,7,299381,0.057553958147764206
1759,8,159793,0.054794520139694214
1759,9,747996,0.054621849209070206
1759,10,2063986,0.054054055362939835
1759,11,51364,0.05017921328544617
1759,12,1348308,0.04979253187775612
1759,13,1131637,0.048929665237665176
1759,14,2280883,0.0486486479640007
1759,15,194365,0.0486111119389534
1759,16,783228,0.048507463186979294
1759,17,1636,0.04827586188912392
1759,18,43884,0.0476190485060215
1759,19,1146102,0.0476190485060215
1759,20,1628511,0.046666666865348816
1759,21,3017660,0.04608295112848282
1759,22,525938,0.04580152779817581
1759,23,1095121,0.04580152779817581
1759,24,2000351,0.04560260474681854
1759,25,575450,0.04528985545039177
1759,26,1294681,0.0451977401971817
1759,27,3255539,0.04444444552063942
1759,28,1781,0.044025156646966934
1759,29,2837169,0.044025156646966934
1759,30,838570,0.04371584579348564
1759,31,83484,0.043478261679410934
1759,32,3599885,0.043478261679410934
1759,33,829351,0.043103449046611786
1759,34,516929,0.04268292710185051
1759,35,73811,0.04265403002500534
1759,36,854886,0.04264392331242561
1759,37,2683165,0.042553190141916275
1759,38,2290688,0.0416666679084301
1759,39,3159084,0.041558440774679184
1759,40,1856526,0.041450776159763336
1759,41,3039966,0.04128440469503403
1759,42,809732,0.04109589010477066
1759,43,1350343,0.04109589010477066
1759,44,809292,0.040909089148044586
1759,45,551195,0.040740739554166794
1759,46,809743,0.040441177785396576
1759,47,971054,0.04029304161667824
1759,48,2234336,0.040145985782146454
1759,49,346642,0.03999999910593033
1759,50,2937863,0.03999999910593033
1759,51,1731888,0.0398230105638504
1759,52,2674739,0.03978779911994934
1759,53,827585,0.039772726595401764
1759,54,1080309,0.039772726595401764
1759,55,971052,0.03971119225025177
1759,56,2926759,0.0396825410425663
1759,57,1468318,0.03954802080988884
1759,58,1027995,0.03952569141983986
1759,59,1321803,0.03947368264198303
1759,60,1138587,0.03937007859349251
1768,1,420965,0.23188406229019165
1768,2,1769,0.18840579688549042
1768,3,16927923,0.13461539149284363
1768,4,2903020,0.10000000149011612
1768,5,268330,0.095238097012043
1768,6,2246210,0.08888889104127884
1768,7,87693,0.08510638028383255
1768,8,138995,0.08064515888690948
1768,9,672041,0.07999999821186066
1768,10,2435698,0.07407407462596893
1768,11,946489,0.07352941483259201
1768,12,1014179,0.07352941483259201
1768,13,6252965,0.07339449226856232
1768,14,152173,0.0731707289814949
1768,15,3800929,0.0731707289814949
1768,16,709164,0.072727270424366
1768,17,10553943,0.07017543911933899
1768,18,6673728,0.06976744532585144
1768,19,25332825,0.06451612710952759
1768,20,1781,0.06410256773233414
1768,21,3328451,0.06382978707551956
1768,22,41610859,0.06382978707551956
1768,23,376680,0.0625
1768,24,3173608,0.0625
1768,25,1076637,0.0615384615957737
1768,26,522136,0.06060606241226196
1768,27,817580,0.05999999865889549
1768,28,398273,0.05882352963089943
1768,29,435683,0.05882352963089943
1768,30,790838,0.05882352963089943
1768,31,4225,0.058139536529779434
1768,32,717921,0.056603774428367615
1768,33,1753504,0.056603774428367615
1768,34,47924,0.0555555559694767
1768,35,2779127,0.0555555559694767
1768,36,2739837,0.055276382714509964
1768,37,106443,0.05454545468091965
1768,38,491264,0.05454545468091965
1768,39,301652,0.05376344174146652
1768,40,6919324,0.0535714291036129
1768,41,842579,0.05263157933950424
1768,42,51589454,0.05154639109969139
1768,43,950329,0.050847455859184265
1768,44,16022898,0.050847455859184265
1768,45,1188455,0.050632912665605545
1768,46,236076,0.05000000074505806
1768,47,4339519,0.05000000074505806
1768,48,1304282,0.04938271641731262
1768,49,513080,0.04918032884597778
1768,50,281214,0.04838709533214569
1768,51,835372,0.048076923936605453
1768,52,1045053,0.0476190485060215
1768,53,1395409,0.0476190485060215
1768,54,27680292,0.0476190485060215
1768,55,2280883,0.04716981202363968
1768,56,3496197,0.04716981202363968
1768,57,25897,0.046875
1768,58,6865229,0.046875
1768,59,15766613,0.046875
1768,60,16193779,0.046875
1769,1,1768,0.18840579688549042
1769,2,16927923,0.17910447716712952
1769,3,420965,0.1666666716337204
1769,4,6252965,0.15126051008701324
1769,5,2903020,0.10256410390138626
1769,6,87693,0.0923076942563057
1769,7,1866017,0.0882352963089943
1769,8,268330,0.08196721225976944
1769,9,4339519,0.07792207598686218
1769,10,3255539,0.07758620381355286
1769,11,33384,0.0731707289814949
1769,12,376680,0.0731707289814949
1769,13,1971553,0.07096774131059647
1769,14,2386,0.07058823853731155
1769,15,1014179,0.06896551698446274
1769,16,10879,0.06818182021379471
1769,17,963893,0.06521739065647125
1769,18,6673728,0.06451612710952759
1769,19,2641412,0.0634920671582222
1769,20,81564,0.06172839552164078
1769,21,3173608,0.061611372977495193
1769,22,2246210,0.0615384615957737
1769,23,41610859,0.06060606241226196
1769,24,1056302,0.056872036308050156
1769,25,1107826,0.05681818351149559
1769,26,1574240,0.056338027119636536
1769,27,74085,0.0555555559694767
1769,28,717921,0.0555555559694767
1769,29,1997165,0.0555555559694767
1769,30,1396256,0.05494505539536476
1769,31,1769164,0.054054055362939835
1769,32,1128238,0.0533333346247673
1769,33,1239782,0.0533333346247673
1769,34,2540547,0.05319149047136307
1769,35,3265487,0.05309734493494034
1769,36,10553943,0.051948051899671555
1769,37,795426,0.05128205195069313
1769,38,2639658,0.05128205195069313
1769,39,565440,0.05000000074505806
1769,40,1881188,0.04964539036154747
1769,41,2045395,0.049450550228357315
1769,42,199830,0.04918032884597778
1769,43,3800929,0.04918032884597778
1769,44,11176006,0.04918032884597778
1769,45,43801,0.04901960864663124
1769,46,25332825,0.04878048598766327
1769,47,6865229,0.048192769289016724
1769,48,16193779,0.048192769289016724
1769,49,26174277,0.048192769289016724
1769,50,74090,0.0476190485060215
1769,51,965580,0.0476190485060215
1769,52,1170873,0.0476190485060215
1769,53,3159280,0.0476190485060215
1769,54,4225,0.04716981202363968
1769,55,867141,0.0470588244497776
1769,56,1289564,0.0470588244497776
1769,57,2845176,0.046875
1769,58,19109358,0.046875
1769,59,1135883,0.046666666865348816
1769,60,1221616,0.046666666865348816
1781,1,829351,0.20000000298023224
1781,2,829341,0.19718310236930847
1781,3,3021,0.1690140813589096
1781,4,1636,0.09756097197532654
1781,5,1094776,0.095238097012043
1781,6,6575900,0.07407407462596893
1781,7,1524121,0.07092198729515076
1781,8,3020,0.06779661029577255
1781,9,1768,0.06410256773233414
1781,10,38952,0.06172839552164078
1781,11,426929,0.056338027119636536
1781,12,21567463,0.054794520139694214
1781,13,6669028,0.054054055362939835
1781,14,1510183,0.05000000074505806
1781,15,17957,0.04938271641731262
1781,16,188924,0.04901960864663124
1781,17,790838,0.04878048598766327
1781,18,3813941,0.0476190485060215
1781,19,4351679,0.0476190485060215
1781,20,376680,0.0470588244497776
1781,21,51862,0.046875
1781,22,2803318,0.04672897234559059
1781,23,152699,0.04477611929178238
1781,24,2246210,0.04477611929178238
1781,25,946489,0.04444444552063942
1781,26,1204501,0.04411764815449715
1781,27,1759,0.044025156646966934
1781,28,952665,0.04395604506134987
1781,29,523200,0.043478261679410934
1781,30,990732,0.043478261679410934
1781,31,1295352,0.043478261679410934
1781,32,2253976,0.043478261679410934
1781,33,2937863,0.043478261679410934
1781,34,4187,0.04285714402794838
1781,35,33859,0.04285714402794838
1781,36,1087991,0.04285714402794838
1781,37,1672379,0.04285714402794838
1781,38,745466,0.0422535203397274
1781,39,3022332,0.0422535203397274
1781,40,27406941,0.0422535203397274
1781,41,1308344,0.04210526496171951
1781,42,234706,0.0419580414891243
1781,43,146098,0.0416666679084301
1781,44,864737,0.0416666679084301
1781,45,17114320,0.0416666679084301
1781,46,6888141,0.041322313249111176
1781,47,21362669,0.04123711213469505
1781,48,2881,0.04109589010477066
1781,49,1321805,0.04065040498971939
1781,50,1121977,0.04054053872823715
1781,51,3343136,0.04054053872823715
1781,52,1069014,0.04040404036641121
1781,53,750435,0.03999999910593033
1781,54,2779127,0.03999999910593033
1781,55,23906741,0.039603959769010544
1781,56,5994388,0.03947368264198303
1781,57,2280883,0.03937007859349251
1781,58,321811,0.03921568766236305
1781,59,2741007,0.03921568766236305
1781,60,963076,0.0390625
1803,1,1150571,0.39113301038742065
1803,2,2745957,0.3779999911785126
1803,3,996156,0.3627180755138397
1803,4,1812101,0.3176361918449402
1803,5,2791999,0.3075313866138458
1803,6,150226,0.3064159154891968
1803,7,1316297,0.30112358927726746
1803,8,150017,0.2920469343662262
1803,9,4847031,0.28862661123275757
1803,10,2454497,0.2885032594203949
1803,11,3048937,0.2881588041782379
1803,12,6560478,0.2798672616481781
1803,13,643924,0.2682425379753113
1803,14,1733095,0.2676224708557129
1803,15,3230869,0.26737338304519653
1803,16,1814,0.26491647958755493
1803,17,3254516,0.2601155936717987
1803,18,1552134,0.2590700089931488
1803,19,3017730,0.24598930776119232
1803,20,14015,0.24534501135349274
1803,21,1590722,0.24439701437950134
1803,22,2248680,0.23947614431381226
1803,23,3324421,0.23681378364562988
1803,24,3083085,0.2264736294746399
1803,25,150039,0.22276028990745544
1803,26,150259,0.21893490850925446
1803,27,833191,0.2178899049758911
1803,28,1742269,0.21643835306167603
1803,29,15599,0.2137518674135208
1803,30,3166850,0.2115606963634491
1803,31,1836389,0.21106557548046112
1803,32,59181,0.2002212405204773
1803,33,3041864,0.19755826890468597
1803,34,3652165,0.19517795741558075
1803,35,2818729,0.190476194024086
1803,36,522169,0.18691588938236237
1803,37,2330175,0.18615210056304932
1803,38,955346,0.182048037648201
1803,39,4512687,0.17723004519939423
1803,40,538087,0.17328041791915894
1803,41,2113248,0.17306245863437653
1803,42,1810634,0.1635323017835617
1803,43,6760952,0.16296809911727905
1803,44,849585,0.16233354806900024
1803,45,750558,0.15693113207817078
1803,46,1412598,0.15656565129756927
1803,47,2927243,0.14768460392951965
1803,48,2754911,0.14692378044128418
1803,49,1738813,0.1457541137933731
1803,50,11067830,0.14300736784934998
1803,51,46575,0.14252117276191711
1803,52,2200683,0.14158415794372559
1803,53,6309701,0.1413857638835907
1803,54,17851499,0.1405622512102127
1803,55,1178083,0.13320647180080414
1803,56,1230142,0.12774725258350372
1803,57,1657128,0.12385918945074081
1803,58,1412280,0.12132352590560913
1803,59,1322982,0.12064342945814133
1803,60,1762777,0.12060889601707458
1814,1,2454497,0.4035087823867798
1814,2,1733095,0.3470483124256134
1814,3,150039,0.3346007466316223
1814,4,1316297,0.3178294599056244
1814,5,2791999,0.2957358956336975
1814,6,150226,0.2895125448703766
1814,7,6560478,0.28831562399864197
1814,8,1150571,0.28074246644973755
1814,9,4847031,0.27936962246894836
1814,10,3324421,0.27811551094055176
1814,11,2330175,0.2706896662712097
1814,12,2745957,0.26927638053894043
1814,13,1812101,0.2687074840068817
1814,14,1803,0.26491647958755493
1814,15,59181,0.2593192756175995
1814,16,2818729,0.25882354378700256
1814,17,1590722,0.25806450843811035
1814,18,643924,0.256445050239563
1814,19,3166850,0.2563667297363281
1814,20,14015,0.2560606002807617
1814,21,996156,0.255069375038147
1814,22,2248680,0.25246304273605347
1814,23,955346,0.244047611951828
1814,24,833191,0.24217462539672852
1814,25,3254516,0.23762376606464386
1814,26,2927243,0.23529411852359772
1814,27,1412598,0.22580644488334656
1814,28,538087,0.2241014838218689
1814,29,3652165,0.2237061709165573
1814,30,1836389,0.22067038714885712
1814,31,3083085,0.21606647968292236
1814,32,1230142,0.21276596188545227
1814,33,3017730,0.2124582827091217
1814,34,3048937,0.20336391031742096
1814,35,4512687,0.1982758641242981
1814,36,1738813,0.19438877701759338
1814,37,150017,0.19315752387046814
1814,38,522169,0.19285714626312256
1814,39,11067830,0.19113150238990784
1814,40,3041864,0.187981516122818
1814,41,15599,0.1771019697189331
1814,42,3230869,0.16414141654968262
1814,43,515657,0.16083915531635284
1814,44,1733092,0.15632183849811554
1814,45,750558,0.15271493792533875
1814,46,1810634,0.15185950696468353
1814,47,2334601,0.14879649877548218
1814,48,2113248,0.1487603336572647
1814,49,1322982,0.14782609045505524
1814,50,1552134,0.1461988240480423
1814,51,2754911,0.146163210272789
1814,52,1178083,0.143782377243042
1814,53,1657128,0.14226804673671722
1814,54,150259,0.13942307233810425
1814,55,22015774,0.13832199573516846
1814,56,6309701,0.13308458030223846
1814,57,1742269,0.13214801251888275
1814,58,445057,0.13090908527374268
1814,59,6760952,0.12860676646232605
1814,60,1762777,0.1267361044883728
1835,1,598404,0.19565217196941376
1835,2,31340,0.1860465109348297
1835,3,1570273,0.17073170840740204
1835,4,1860288,0.15217390656471252
1835,5,3323916,0.14000000059604645
1835,6,1121858,0.11999999731779099
1835,7,810463,0.11363636702299118
1835,8,2691404,0.11363636702299118
1835,9,3135643,0.10843373835086823
1835,10,768073,0.10638298094272614
1835,11,1987525,0.10256410390138626
1835,12,1373641,0.10000000149011612
1835,13,13729936,0.0892857164144516
1835,14,112713,0.08695652335882187
1835,15,55914,0.0833333358168602
1835,16,2317408,0.0833333358168602
1835,17,3212390,0.08163265138864517
1835,18,175126,0.0810810774564743
1835,19,1748176,0.08080808073282242
1835,20,100151,0.0784313753247261
1835,21,34433,0.07500000298023224
1835,22,223467,0.07500000298023224
1835,23,7357684,0.07500000298023224
1835,24,1677648,0.0746268630027771
1835,25,19727,0.0731707289814949
1835,26,9151,0.0714285746216774
1835,27,23550,0.0714285746216774
1835,28,2611291,0.0714285746216774
1835,29,33496,0.07058823853731155
1835,30,56712,0.06976744532585144
1835,31,3157863,0.06849315017461777
1835,32,439384,0.06818182021379471
1835,33,561357,0.06818182021379471
1835,34,189338,0.06779661029577255
1835,35,983476,0.06666667014360428
1835,36,3036434,0.06666667014360428
1835,37,16777130,0.06666667014360428
1835,38,1358127,0.06593406945466995
1835,39,5814,0.06557376682758331
1835,40,3102980,0.06557376682758331
1835,41,46106688,0.06521739065647125
1835,42,1751058,0.0625
1835,43,19082141,0.0625
1835,44,1218789,0.0615384615957737
1835,45,59968,0.06122449040412903
1835,46,143866,0.06122449040412903
1835,47,995802,0.06060606241226196
1835,48,4051626,0.06060606241226196
1835,49,1018077,0.05999999865889549
1835,50,1644010,0.05999999865889549
1835,51,1930010,0.05999999865889549
1835,52,835371,0.05970149114727974
1835,53,2399497,0.05932203307747841
1835,54,1235400,0.05882352963089943
1835,55,1547077,0.05882352963089943
1835,56,53689624,0.05882352963089943
1835,57,64240,0.05797101557254791
1835,58,375997,0.05797101557254791
1835,59,1309352,0.05681818351149559
1835,60,77693,0.056603774428367615
1844,1,682500,0.20779220759868622
1844,2,4703,0.18367347121238708
1844,3,1659905,0.11839323490858078
1844,4,15152485,0.09803921729326248
1844,5,53445066,0.09090909361839294
1844,6,1043020,0.08088235557079315
1844,7,1321805,0.0729166641831398
1844,8,1056302,0.07092198729515076
1844,9,21526172,0.07070706784725189
1844,10,2207382,0.07024793326854706
1844,11,236076,0.07017543911933899
1844,12,2756721,0.06832297891378403
1844,13,42499230,0.06716418266296387
1844,14,1971553,0.06521739065647125
1844,15,2903020,0.06451612710952759
1844,16,346642,0.06382978707551956
1844,17,1477756,0.06318681687116623
1844,18,1474375,0.06303724646568298
1844,19,24237023,0.06273062527179718
1844,20,2641412,0.05970149114727974
1844,21,1033961,0.05907173082232475
1844,22,731,0.05882352963089943
1844,23,543143,0.05833333358168602
1844,24,543352,0.057894736528396606
1844,25,420965,0.05747126415371895
1844,26,1222661,0.05737704783678055
1844,27,860196,0.056680161505937576
1844,28,790838,0.05612244829535484
1844,29,3173608,0.05574912950396538
1844,30,43024334,0.055737704038619995
1844,31,327422,0.0555555559694767
1844,32,42362558,0.05538461357355118
1844,33,1457974,0.0552995391190052
1844,34,19256026,0.05454545468091965
1844,35,802269,0.05423728749155998
1844,36,267229,0.053892213851213455
1844,37,48487231,0.05369127541780472
1844,38,1221616,0.0535714291036129
1844,39,40713322,0.053278688341379166
1844,40,783228,0.05319149047136307
1844,41,7480,0.05272407829761505
1844,42,376514,0.05263157933950424
1844,43,1235136,0.05239180102944374
1844,44,574,0.05238095298409462
1844,45,26233826,0.05232558026909828
1844,46,3294830,0.05223880708217621
1844,47,1209450,0.05213269963860512
1844,48,2287950,0.05188679322600365
1844,49,332242,0.05183946341276169
1844,50,19051762,0.05179283022880554
1844,51,849397,0.0517241396009922
1844,52,26579483,0.051575932651758194
1844,53,26129550,0.051094889640808105
1844,54,25897,0.050632912665605545
1844,55,6865229,0.050632912665605545
1844,56,43014905,0.050632912665605545
1844,57,51184496,0.04979253187775612
1844,58,6132856,0.049504950642585754
1844,59,1652564,0.04941176623106003
1844,60,577,0.04938271641731262
1863,1,3149767,0.37037035822868347
1863,2,3187361,0.36206895112991333
1863,3,1575845,0.31506848335266113
1863,4,1234050,0.302752286195755
1863,5,1234051,0.29411765933036804
1863,6,1219592,0.17886178195476532
1863,7,1575861,0.1463414579629898
1863,8,2568692,0.14516128599643707
1863,9,1196024,0.0954907163977623
1863,10,2015267,0.09090909361839294
1863,11,752200,0.08641975373029709
1863,12,665900,0.0833333358168602
1863,13,1196035,0.08083140850067139
1863,14,127222,0.07758620381355286
1863,15,946182,0.07246376574039459
1863,16,840256,0.07042253762483597
1863,17,1575871,0.06741572916507721
1863,18,856203,0.06716418266296387
1863,19,198990,0.06557376682758331
1863,20,839504,0.06493506580591202
1863,21,1035259,0.06410256773233414
1863,22,279305,0.06329113990068436
1863,23,1115313,0.06329113990068436
1863,24,1145979,0.0625
1863,25,3366948,0.0625
1863,26,888455,0.06211180239915848
1863,27,816350,0.0615384615957737
1863,28,2424019,0.0615384615957737
1863,29,975095,0.06106870248913765
1863,30,3234038,0.0602409653365612
1863,31,939307,0.0595238097012043
1863,32,10931,0.05925925821065903
1863,33,1592020,0.05911330133676529
1863,34,49692,0.05882352963089943
1863,35,802358,0.05882352963089943
1863,36,2736826,0.05882352963089943
1863,37,231599,0.05797101557254791
1863,38,340031,0.057851240038871765
1863,39,802138,0.05714285746216774
1863,40,2965195,0.05714285746216774
1863,41,1171182,0.056338027119636536
1863,42,2015341,0.056338027119636536
1863,43,518536,0.056179776787757874
1863,44,4092,0.05607476457953453
1863,45,3463,0.0560000017285347
1863,46,496151,0.0555555559694767
1863,47,1223124,0.055276382714509964
1863,48,1731888,0.05487804859876633
1863,49,4242,0.054794520139694214
1863,50,3152462,0.054794520139694214
1863,51,1968913,0.0546875
1863,52,2393370,0.054347824305295944
1863,53,973,0.054054055362939835
1863,54,1441544,0.054054055362939835
1863,55,42382646,0.054054055362939835
1863,56,2970290,0.05376344174146652
1863,57,809179,0.0535714291036129
1863,58,2827104,0.05319149047136307
1863,59,3310352,0.05291005223989487
1863,60,3274035,0.05263157933950424
1878,1,2901348,0.7916666865348816
1878,2,1880,0.7542372941970825
1878,3,1879,0.6633663177490234
1878,4,1685711,0.6458333134651184
1878,5,1535598,0.5612244606018066
1878,6,1210896,0.2548476457595825
1878,7,888455,0.17032967507839203
1878,8,1264290,0.131386861205101
1878,9,3316094,0.13084112107753754
1878,10,2979854,0.10784313827753067
1878,11,3944773,0.1041666641831398
1878,12,6617525,0.10101009905338287
1878,13,2222364,0.09565217047929764
1878,14,404326,0.09433962404727936
1878,15,3234378,0.09090909361839294
1878,16,322502,0.08045977354049683
1878,17,14648103,0.07894736528396606
1878,18,7393007,0.07692307978868484
1878,19,2529035,0.0719178095459938
1878,20,21695676,0.059405941516160965
1878,21,6581527,0.0555555559694767
1878,22,18013301,0.05454545468091965
1878,23,1685656,0.054347824305295944
1878,24,6578095,0.05376344174146652
1878,25,969,0.05339805781841278
1878,26,1443938,0.05309734493494034
1878,27,7686205,0.05291005223989487
1878,28,1356744,0.05263157933950424
1878,29,6145101,0.05263157933950424
1878,30,1787093,0.05232558026909828
1878,31,1207057,0.05228758230805397
1878,32,1341211,0.051851850003004074
1878,33,1214027,0.05161290243268013
1878,34,6892987,0.051428571343421936
1878,35,1275528,0.050632912665605545
1878,36,2285229,0.05046948418021202
1878,37,2948317,0.05044510215520859
1878,38,2987930,0.050359711050987244
1878,39,868252,0.05027933046221733
1878,40,6438210,0.05000000074505806
1878,41,14279652,0.04968944191932678
1878,42,1504765,0.04938271641731262
1878,43,800193,0.04929577559232712
1878,44,6034082,0.04901960864663124
1878,45,1522548,0.04878048598766327
1878,46,933480,0.048128340393304825
1878,47,847797,0.046666666865348816
1878,48,3594131,0.04608295112848282
1878,49,1993854,0.04573170840740204
1878,50,1139000,0.04566210135817528
1878,51,6737901,0.04494382068514824
1878,52,575142,0.04458598792552948
1878,53,4593761,0.04444444552063942
1878,54,860408,0.044052861630916595
1878,55,1244926,0.044025156646966934
1878,56,708860,0.04371584579348564
1878,57,1731888,0.04368932172656059
1878,58,847798,0.043478261679410934
1878,59,1510338,0.04318936914205551
1878,60,944338,0.04316546767950058
1879,1,2901348,0.8095238208770752
1879,2,1685711,0.7922077775001526
1879,3,1535598,0.7272727489471436
1879,4,1878,0.6633663177490234
1879,5,1880,0.5583333373069763
1879,6,1210896,0.1895604431629181
1879,7,6617525,0.15584415197372437
1879,8,888455,0.1420118361711502
1879,9,1264290,0.13445378839969635
1879,10,3944773,0.1120000034570694
1879,11,3234378,0.1111111119389534
1879,12,3316094,0.10999999940395355
1879,13,404326,0.1034482792019844
1879,14,2979854,0.10160427540540695
1879,15,7393007,0.10091742873191833
1879,16,14648103,0.09574468433856964
1879,17,2222364,0.08163265138864517
1879,18,322502,0.07692307978868484
1879,19,21695676,0.07407407462596893
1879,20,2529035,0.07326007634401321
1879,21,969,0.07065217196941376
1879,22,6581527,0.069182388484478
1879,23,1214027,0.06716418266296387
1879,24,6578095,0.06666667014360428
1879,25,18013301,0.06666667014360428
1879,26,6145101,0.06508875638246536
1879,27,6438210,0.06145251542329788
1879,28,1685656,0.060975611209869385
1879,29,1341211,0.06086956337094307
1879,30,6034082,0.06010929122567177
1879,31,7686205,0.05917159840464592
1879,32,6892987,0.05806451663374901
1879,33,14279652,0.05673758685588837
1879,34,1504765,0.056338027119636536
1879,35,3594131,0.05612244829535484
1879,36,1139000,0.0555555559694767
1879,37,9694809,0.0555555559694767
1879,38,738489,0.0546875
1879,39,1731888,0.054054055362939835
1879,40,933480,0.053892213851213455
1879,41,847797,0.05384615436196327
1879,42,1946186,0.05384615436196327
1879,43,2948317,0.05362775921821594
1879,44,1443938,0.05314009636640549
1879,45,1356744,0.05263157933950424
1879,46,5992786,0.05263157933950424
1879,47,1787093,0.05228758230805397
1879,48,1196056,0.0520833320915699
1879,49,6158856,0.05095541477203369
1879,50,6737901,0.050632912665605545
1879,51,2671175,0.05050504952669144
1879,52,1275528,0.05045871436595917
1879,53,944338,0.05042016878724098
1879,54,1244926,0.050359711050987244
1879,55,361223,0.05000000074505806
1879,56,2432390,0.05000000074505806
1879,57,2987930,0.05000000074505806
1879,58,847798,0.04964539036154747
1879,59,17076926,0.049504950642585754
1879,60,2155900,0.04929577559232712
1880,1,1878,0.7542372941970825
1880,2,2901348,0.6608695387840271
1880,3,1879,0.5583333373069763
1880,4,1685711,0.5258620977401733
1880,5,1535598,0.48275861144065857
1880,6,1210896,0.2931506931781769
1880,7,888455,0.18367347121238708
1880,8,1264290,0.1225806474685669
1880,9,3316094,0.1201716735959053
1880,10,2979854,0.1085972860455513
1880,11,3944773,0.09876543283462524
1880,12,404326,0.09756097197532654
1880,13,3234378,0.0859375
1880,14,6617525,0.08474576473236084
1880,15,322502,0.08376963436603546
1880,16,7393007,0.08163265138864517
1880,17,14648103,0.07575757801532745
1880,18,2222364,0.07407407462596893
1880,19,1504765,0.06779661029577255
1880,20,2529035,0.06752411276102066
1880,21,1787093,0.06382978707551956
1880,22,800193,0.06329113990068436
1880,23,4593761,0.05985915660858154
1880,24,1685656,0.05970149114727974
1880,25,575142,0.05780346691608429
1880,26,1443938,0.05761316791176796
1880,27,1356744,0.05752212554216385
1880,28,6581527,0.0555555559694767
1880,29,1275528,0.05511811003088951
1880,30,1708383,0.054794520139694214
1880,31,361223,0.0546875
1880,32,18013301,0.0546875
1880,33,578830,0.05445544421672821
1880,34,2285229,0.05420991778373718
1880,35,6578095,0.053921569138765335
1880,36,2948317,0.053672317415475845
1880,37,969,0.0535714291036129
1880,38,868252,0.0533333346247673
1880,39,6145101,0.05288461595773697
1880,40,1207057,0.05263157933950424
1880,41,1341211,0.05228758230805397
1880,42,944338,0.05128205195069313
1880,43,2987930,0.05095541477203369
1880,44,6438210,0.05045871436595917
1880,45,21695676,0.05000000074505806
1880,46,6034082,0.04954954981803894
1880,47,1139031,0.04942965880036354
1880,48,1993854,0.04927536100149155
1880,49,14213,0.04901960864663124
1880,50,3264295,0.04814004525542259
1880,51,7686205,0.048076923936605453
1880,52,2581,0.04802259802818298
1880,53,2066979,0.04784689098596573
1880,54,1779383,0.0476190485060215
1880,55,3594131,0.04680851101875305
1880,56,6892987,0.04639175161719322
1880,57,3155307,0.04637681320309639
1880,58,1214027,0.04597701132297516
1880,59,2029611,0.045945946127176285
1880,60,1310677,0.04528301954269409
1889,1,801203,0.7083333134651184
1889,2,1193896,0.5833333134651184
1889,3,801181,0.5757575631141663
1889,4,1178237,0.574999988079071
1889,5,1179753,0.5227272510528564
1889,6,1193886,0.5142857432365417
1889,7,551326,0.4601770043373108
1889,8,1032790,0.4492753744125366
1889,9,1177243,0.4375
1889,10,1178215,0.40458014607429504
1889,11,1193907,0.39694657921791077
1889,12,801148,0.38461539149284363
1889,13,1178787,0.375
1889,14,1204699,0.34375
1889,15,810431,0.31506848335266113
1889,16,1822814,0.27419355511665344
1889,17,2984402,0.239130437374115
1889,18,486980,0.1354166716337204
1889,19,273481,0.1139240488409996
1889,20,2918026,0.07042253762483597
1889,21,1255322,0.06172839552164078
1889,22,3209595,0.06081081181764603
1889,23,194807,0.05970149114727974
1889,24,941079,0.058252427726984024
1889,25,1177518,0.05607476457953453
1889,26,2859410,0.0555555559694767
1889,27,592466,0.05426356568932533
1889,28,805793,0.05303030461072922
1889,29,240662,0.05263157933950424
1889,30,587884,0.051948051899671555
1889,31,600390,0.05128205195069313
1889,32,805783,0.05128205195069313
1889,33,13155786,0.05095541477203369
1889,34,587881,0.050632912665605545
1889,35,1108496,0.05000000074505806
1889,36,3494969,0.04938271641731262
1889,37,587879,0.04878048598766327
1889,38,1107946,0.04854368790984154
1889,39,15455900,0.04854368790984154
1889,40,9128025,0.04838709533214569
1889,41,2498824,0.048076923936605453
1889,42,5001343,0.04794520512223244
1889,43,2054929,0.0476190485060215
1889,44,1245366,0.0470588244497776
1889,45,25344,0.046875
1889,46,2769926,0.04672897234559059
1889,47,1589435,0.04597701132297516
1889,48,593955,0.0458715595304966
1889,49,1108497,0.04545454680919647
1889,50,2964225,0.045045044273138046
1889,51,2795422,0.04494382068514824
1889,52,3016959,0.04494382068514824
1889,53,1462398,0.04458598792552948
1889,54,16181497,0.044247787445783615
1889,55,24999275,0.04411764815449715
1889,56,1589445,0.043478261679410934
1889,57,112834,0.04301075264811516
1889,58,1733998,0.042553190141916275
1889,59,1462397,0.04237288236618042
1889,60,3032796,0.0422535203397274
1934,1,1935,0.21212121844291687
1934,2,3016553,0.20895522832870483
1934,3,2999000,0.1931818127632141
1934,4,866393,0.13924050331115723
1934,5,6151926,0.1268656700849533
1934,6,2456942,0.1184210553765297
1934,7,1299804,0.11666666716337204
1934,8,1807785,0.1111111119389534
1934,9,2320862,0.10769230872392654
1934,10,2109926,0.1034482792019844
1934,11,23688523,0.09890110045671463
1934,12,936760,0.09375
1934,13,222909,0.09090909361839294
1934,14,1477756,0.09025270491838455
1934,15,1994351,0.0892857164144516
1934,16,848184,0.08771929889917374
1934,17,6498897,0.07999999821186066
1934,18,813,0.07894736528396606
1934,19,68057,0.07894736528396606
1934,20,40790576,0.07894736528396606
1934,21,2280279,0.07758620381355286
1934,22,322098,0.07500000298023224
1934,23,106443,0.0746268630027771
1934,24,1190908,0.07216494530439377
1934,25,1207671,0.0714285746216774
1934,26,3294830,0.07065217196941376
1934,27,881096,0.07042253762483597
1934,28,2088454,0.06956521421670914
1934,29,1910017,0.06896551698446274
1934,30,208153,0.06862745434045792
1934,31,2968156,0.06766917556524277
1934,32,23373,0.06666667014360428
1934,33,17046445,0.06593406945466995
1934,34,911489,0.06451612710952759
1934,35,1011400,0.06451612710952759
1934,36,522136,0.06329113990068436
1934,37,1140359,0.05982905998826027
1934,38,1278359,0.05882352963089943
1934,39,2503920,0.058510638773441315
1934,40,879765,0.05833333358168602
1934,41,1820137,0.058252427726984024
1934,42,6788886,0.058139536529779434
1934,43,1232126,0.05797101557254791
1934,44,83385,0.05747126415371895
1934,45,892647,0.05714285746216774
1934,46,1271698,0.05714285746216774
1934,47,68058,0.056910570710897446
1934,48,523004,0.056338027119636536
1934,49,2469460,0.056179776787757874
1934,50,372591,0.0555555559694767
1934,51,1420167,0.0555555559694767
1934,52,1222661,0.05487804859876633
1934,53,2204679,0.054794520139694214
1934,54,543352,0.05454545468091965
1934,55,971889,0.0535714291036129
1934,56,1383955,0.0533333346247673
1934,57,859253,0.05263157933950424
1934,58,1395409,0.05263157933950424
1934,59,75749,0.051948051899671555
1934,60,1046530,0.05147058889269829
1935,1,3016553,0.24561403691768646
1935,2,1934,0.21212121844291687
1935,3,2999000,0.1875
1935,4,6151926,0.1190476194024086
1935,5,2968156,0.11864406615495682
1935,6,866393,0.1184210553765297
1935,7,1299804,0.11764705926179886
1935,8,23688523,0.1111111119389534
1935,9,1011400,0.09876543283462524
1935,10,261113,0.09615384787321091
1935,11,588,0.0892857164144516
1935,12,1994351,0.08510638028383255
1935,13,1807785,0.07692307978868484
1935,14,6498897,0.07692307978868484
1935,15,75749,0.07575757801532745
1935,16,40790576,0.0746268630027771
1935,17,1477756,0.07352941483259201
1935,18,15005677,0.072727270424366
1935,19,1304282,0.07228915393352509
1935,20,2456942,0.0714285746216774
1935,21,850515,0.06896551698446274
1935,22,1278359,0.06896551698446274
1935,23,3800929,0.06666667014360428
1935,24,1910017,0.06122449040412903
1935,25,17046445,0.060975611209869385
1935,26,155769,0.05882352963089943
1935,27,783601,0.05882352963089943
1935,28,1222661,0.05844155699014664
1935,29,2287950,0.057851240038871765
1935,30,985684,0.057692307978868484
1935,31,449423,0.056603774428367615
1935,32,3294830,0.05649717524647713
1935,33,2088454,0.05607476457953453
1935,34,86801,0.0555555559694767
1935,35,322098,0.0555555559694767
1935,36,912670,0.0555555559694767
1935,37,9540419,0.0555555559694767
1935,38,2280279,0.055045872926712036
1935,39,45123,0.0535714291036129
1935,40,1574240,0.0535714291036129
1935,41,4682,0.0533333346247673
1935,42,936760,0.05263157933950424
1935,43,941585,0.05263157933950424
1935,44,1646639,0.05263157933950424
1935,45,1779328,0.05263157933950424
1935,46,61220,0.0517241396009922
1935,47,3198398,0.0517241396009922
1935,48,3242295,0.0517241396009922
1935,49,106443,0.050847455859184265
1935,50,2320862,0.050847455859184265
1935,51,2138313,0.050632912665605545
1935,52,2080870,0.05000000074505806
1935,53,3034637,0.05000000074505806
1935,54,18538084,0.05000000074505806
1935,55,3279686,0.04938271641731262
1935,56,4980306,0.04938271641731262
1935,57,691235,0.04918032884597778
1935,58,1007821,0.04918032884597778
1935,59,14675,0.04878048598766327
1935,60,523004,0.04838709533214569
1956,1,768570,0.23404255509376526
1956,2,1592006,0.0833333358168602
1956,3,2846541,0.0833333358168602
1956,4,1194513,0.0784313753247261
1956,5,452487,0.072727270424366
1956,6,1135948,0.072727270424366
1956,7,2854698,0.06796116381883621
1956,8,973,0.06779661029577255
1956,9,1121945,0.06593406945466995
1956,10,2210482,0.06493506580591202
1956,11,13155782,0.0625
1956,12,1341672,0.05882352963089943
1956,13,2478547,0.057692307978868484
1956,14,1106116,0.05714285746216774
1956,15,196347,0.056603774428367615
1956,16,1106183,0.0555555559694767
1956,17,1220147,0.05454545468091965
1956,18,1315572,0.05454545468091965
1956,19,28068197,0.05454545468091965
1956,20,41823,0.054054055362939835
1956,21,1121935,0.0535714291036129
1956,22,21900404,0.0533333346247673
1956,23,871691,0.05263157933950424
1956,24,2537463,0.0517241396009922
1956,25,49879,0.05128205195069313
1956,26,2769,0.050847455859184265
1956,27,985650,0.050847455859184265
1956,28,2321287,0.050359711050987244
1956,29,1121869,0.04918032884597778
1956,30,1153787,0.04918032884597778
1956,31,7122639,0.04901960864663124
1956,32,2254040,0.04838709533214569
1956,33,6573251,0.04838709533214569
1956,34,137723,0.048192769289016724
1956,35,1047576,0.048192769289016724
1956,36,322381,0.048076923936605453
1956,37,1004338,0.0476190485060215
1956,38,21811419,0.0476190485060215
1956,39,50329705,0.0476190485060215
1956,40,505,0.04729729890823364
1956,41,1069505,0.04724409431219101
1956,42,2321320,0.0470588244497776
1956,43,481231,0.046875
1956,44,1124161,0.046666666865348816
1956,45,1121891,0.04615384712815285
1956,46,6546257,0.04615384712815285
1956,47,174503,0.04545454680919647
1956,48,535113,0.04545454680919647
1956,49,847545,0.04545454680919647
1956,50,1004368,0.04545454680919647
1956,51,1047578,0.04545454680919647
1956,52,2627714,0.04545454680919647
1956,53,6719799,0.04545454680919647
1956,54,1481934,0.04477611929178238
1956,55,1003821,0.04444444552063942
1956,56,2815,0.04411764815449715
1956,57,1307970,0.04411764815449715
1956,58,625411,0.04395604506134987
1956,59,2072983,0.043478261679410934
1956,60,752200,0.04285714402794838
1968,1,708860,0.4651162922382355
1968,2,2494398,0.3724137842655182
1968,3,632895,0.35555556416511536
1968,4,2029654,0.291262149810791
1968,5,1284999,0.2658730149269104
1968,6,3014191,0.22509224712848663
1968,7,2029589,0.1683168262243271
1968,8,933852,0.1657303422689438
1968,9,1976,0.16521738469600677
1968,10,1245146,0.15909090638160706
1968,11,222372,0.1419753134250641
1968,12,86428,0.13636364042758942
1968,13,925975,0.13636364042758942
1968,14,2055054,0.13605442643165588
1968,15,1174365,0.1320754736661911
1968,16,2908333,0.13145539164543152
1968,17,2029611,0.1261538416147232
1968,18,2029633,0.1230769231915474
1968,19,160962,0.11552346497774124
1968,20,1508836,0.11278195679187775
1968,21,1843405,0.11224489659070969
1968,22,244031,0.11219511926174164
1968,23,434595,0.11206896603107452
1968,24,748381,0.10743801295757294
1968,25,816361,0.10502283275127411
1968,26,3057116,0.10091742873191833
1968,27,888927,0.0974842756986618
1968,28,3072178,0.09090909361839294
1968,29,950484,0.0892857164144516
1968,30,361092,0.08695652335882187
1968,31,2302767,0.08673469722270966
1968,32,1426160,0.08661417663097382
1968,33,47840,0.08403361588716507
1968,34,2069970,0.08287292718887329
1968,35,2227698,0.08208955079317093
1968,36,1279206,0.08148147910833359
1968,37,38191,0.0803571417927742
1968,38,1632383,0.08018867671489716
1968,39,1096604,0.07999999821186066
1968,40,2900050,0.07999999821186066
1968,41,2208078,0.0793650820851326
1968,42,879886,0.07906977087259293
1968,43,1127886,0.07894736528396606
1968,44,3057077,0.07894736528396606
1968,45,91397,0.07857143133878708
1968,46,145028,0.07758620381355286
1968,47,21983016,0.07692307978868484
1968,48,194486,0.0762711837887764
1968,49,3057022,0.0762711837887764
1968,50,1231880,0.07615894079208374
1968,51,818039,0.07514450699090958
1968,52,226353,0.07500000298023224
1968,53,3009770,0.07476635277271271
1968,54,7092474,0.07476635277271271
1968,55,142568,0.07443365454673767
1968,56,1998683,0.07425742596387863
1968,57,446280,0.07389162480831146
1968,58,995924,0.07377049326896667
1968,59,827585,0.07333333045244217
1968,60,2653442,0.07246376574039459
